0.0,0.0
6.25e-05,0.170905044216704
0.000125,0.3307275500969128
0.0001875,0.4694236064602333
0.00025,0.5789118439949515
0.0003125,0.6537812474790461
0.000375,0.6917065522111389
0.0004375,0.6935287915626507
0.0005,0.6629972609741488
0.0005625,0.6062081313046219
0.000625,0.530809605482093
0.0006875,0.4450698045659319
0.00075,0.356918422925915
0.0008125,0.27307489201524826
0.000875,0.1983641789312955
0.0009375,0.1352978339918957
0.001,0.083965310425069
0.0010625,0.04224279908695132
0.001125,0.0062883515410142865
0.0011875,-0.028742517954703728
0.00125,-0.06785314616647391
0.0013125,-0.11534177370143173
0.001375,-0.17402759996605954
0.0014375,-0.2446662640665498
0.0015,-0.3256313448080053
0.0015625,-0.4129063632694626
0.001625,-0.5003941988502341
0.0016875,-0.5805122623134791
0.00175,-0.6450067982216576
0.0018125,-0.6858924844494243
0.001875,-0.6964073133880102
0.0019375,-0.671869532227643
0.002,-0.6103336092428673
0.0020625,-0.5129646159356749
0.002125,-0.38408245986515044
0.0021875,-0.23086531826145157
0.00225,-0.06274095843044876
0.0023125,0.10946923493393568
0.002375,0.27456002261933676
0.0024375,0.421994504388687
0.0025,0.542882454634515
0.0025625,0.6307770907310599
0.002625,0.6822036417423875
0.0026875,0.696864179907359
0.00275,0.6775006314975218
0.0028125,0.6294372932479229
0.002875,0.5598609158447031
0.0029375,0.4769261679246041
0.003,0.3887935829244535
0.0030625,0.30271367666416865
0.003125,0.22426406871192828
0.0031875,0.15682699743512188
0.00325,0.10136492638388561
0.0033125,0.056515546829149416
0.003375,0.018988725073963618
0.0034375,-0.0157885644286608
0.0035,-0.05286319747856981
0.0035625,-0.09688640123697329
0.003625,-0.1512947295336286
0.0036875,-0.21764636588224212
0.00375,-0.2951988933659375
0.0038125,-0.380785542981231
0.003875,-0.46901085241036616
0.0039375,-0.5527479249937998
0.004,-0.6238826837698241
0.0040625,-0.6742200521865155
0.004125,-0.696446500894671
0.0041875,-0.6850353419577583
0.00425,-0.6369865221385009
0.0043125,-0.5523108723309187
0.004375,-0.4341976987187159
0.0044375,-0.2888408707098098
0.0045,-0.12493791757155327
0.0045625,0.04708553308948859
0.004625,0.21604180315094007
0.0046875,0.37103141565636333
0.00475,0.5024614874806017
0.0048125,0.6029199010264799
0.004875,0.6678096396511404
0.0049375,0.6956754929081284
0.005,0.6881909602355867
0.0050625,0.64981241583778
0.005125,0.5871458323135758
0.0051875,0.5081041082461029
0.00525,0.4209564703472126
0.0053125,0.3333827937747814
0.005375,0.2516437015153806
0.0054375,0.17996224141367406
0.0055,0.12018661936062655
0.0055625,0.07176904018829425
0.005625,0.032057280149148965
0.0056875,-0.003142238571466784
0.00575,-0.03880387821449918
0.0058125,-0.0798225332028239
0.005875,-0.13016351344145058
0.0059375,-0.19213116087908258
0.006,-0.2658504955197364
0.0060625,-0.3490305032621258
0.006125,-0.437043663422798
0.0061875,-0.5233180116438059
0.00625,-0.6000000000000004
0.0063125,-0.6588131797419233
0.006375,-0.6920132593222733
0.0064375,-0.6933273140637036
0.0065,-0.6587653958112111
0.0065625,-0.5872064971171383
0.006625,-0.48068618545899516
0.0066875,-0.3443472793322858
0.00675,-0.18605369928837004
0.0068125,-0.015706542202716046
0.006875,0.15566407789912814
0.0069375,0.31693186164948656
0.007,0.45791778956143214
0.0070625,0.5703289461891734
0.007125,0.6484895820411711
0.0071875,0.6897854034501292
0.00725,0.6947753127186883
0.0073125,0.6669632645000152
0.007375,0.6122620401253017
0.0074375,0.5382159734220882
0.0075,0.4530768593185979
0.0075625,0.3648432631983032
0.007625,0.2803763751996884
0.0076875,0.2046951151852477
0.00775,0.14053066649419443
0.0078125,0.08818870318174424
0.007875,0.04573008652491051
0.0079375,0.009442207762082665
0.008,-0.02546196270561199
0.0080625,-0.06400751956895626
0.008125,-0.11059090096873911
0.0081875,-0.16819339806014177
0.00825,-0.2377758307671933
0.0083125,-0.3179334916841675
0.008375,-0.4048590499261071
0.0084375,-0.4926238522906981
0.0085,-0.5737493903441026
0.0085625,-0.6400052215524172
0.008625,-0.6833415704019653
0.0086875,-0.6968475479315073
0.00875,-0.6756214998839981
0.0088125,-0.6174489900285354
0.008875,-0.5232053238889305
0.0089375,-0.39693082908915817
0.009,-0.2455646671192555
0.0090625,-0.07836235044475455
0.009125,0.09394125090825378
0.0091875,0.2601321131292965
0.00925,0.40957022349420147
0.0093125,0.5331793050168111
0.009375,0.6242640687119285
0.0094375,0.6790659842458595
0.0095,0.6969988800347695
0.0095625,0.6805427342247529
0.009625,0.6348134416789931
0.0096875,0.56686350723183
0.00975,0.4847991618568359
0.0098125,0.3968197520551747
0.009875,0.3102930473870872
0.0099375,0.2309744665847666
0.01,0.16245984811645223
0.0100625,0.1059324994384108
0.010125,0.060229304627737665
0.0101875,0.02221193837531856
0.01025,-0.0126076650047276
0.0103125,-0.04926911836563391
0.010375,-0.09249500889658657
0.0104375,-0.14586276566208395
0.0105,-0.21112291787155962
0.0105625,-0.2877520579568673
0.010625,-0.37280051563803196
0.0106875,-0.46105913330857357
0.01075,-0.5455308433557147
0.0108125,-0.6181555876408846
0.010875,-0.6707059154762623
0.0109375,-0.6957490757440815
0.011,-0.6875621657944133
0.0110625,-0.6428910499077822
0.011125,-0.5614608644175116
0.0111875,-0.44617400341125724
0.01125,-0.30296724708346257
0.0113125,-0.14033896037039673
0.011375,0.03140455935274002
0.0114375,0.20110195534086217
0.0115,0.35778415279654463
0.0115625,0.4917004436672442
0.011625,0.5952100594570866
0.0116875,0.6634415967907478
0.01175,0.6946495931267214
0.0118125,0.6902326260271228
0.011875,0.6544164032320722
0.0119375,0.5936438276733701
0.012,0.5157474399002763
0.0120625,0.4290040454331876
0.012125,0.3411838801935938
0.0121875,0.25870591124099057
0.01225,0.18599694370347508
0.0123125,0.1251267956586544
0.012375,0.0757579541974372
0.0124375,0.03540987611858734
0.0125,-4.4112043994768233e-16
0.0125625,-0.035409876118588285
0.012625,-0.07575795419743833
0.0126875,-0.12512679565865584
0.01275,-0.18599694370347675
0.0128125,-0.25870591124098935
0.012875,-0.34118388019359247
0.0129375,-0.42900404543318993
0.013,-0.5157474399002783
0.0130625,-0.593643827673369
0.013125,-0.6544164032320715
0.0131875,-0.6902326260271224
0.01325,-0.6946495931267211
0.0133125,-0.6634415967907465
0.013375,-0.595210059457088
0.0134375,-0.4917004436672436
0.0135,-0.3577841527965439
0.0135625,-0.20110195534086134
0.013625,-0.03140455935273562
0.0136875,0.1403389603703941
0.01375,0.30296724708346334
0.0138125,0.44617400341125785
0.013875,0.5614608644175142
0.0139375,0.6428910499077811
0.014,0.687562165794413
0.0140625,0.6957490757440814
0.014125,0.6707059154762621
0.0141875,0.618155587640883
0.01425,0.5455308433557159
0.0143125,0.46105913330857135
0.014375,0.37280051563802974
0.0144375,0.28775205795686354
0.0145,0.21112291787155626
0.0145625,0.1458627656620825
0.014625,0.09249500889658532
0.0146875,0.04926911836563454
0.01475,0.01260766500472742
0.0148125,-0.022211938375318742
0.014875,-0.060229304627738706
0.0149375,-0.10593249943841002
0.015,-0.16245984811645253
0.0150625,-0.230974466584767
0.015125,-0.31029304738708763
0.0151875,-0.39681975205517694
0.01525,-0.4847991618568346
0.0153125,-0.5668635072318304
0.015375,-0.6348134416789933
0.0154375,-0.6805427342247536
0.0155,-0.6969988800347695
0.0155625,-0.6790659842458593
0.015625,-0.6242640687119281
0.0156875,-0.5331793050168105
0.01575,-0.40957022349419797
0.0158125,-0.26013211312929896
0.015875,-0.09394125090825292
0.0159375,0.0783623504447554
0.016,0.24556466711925962
0.0160625,0.396930829089156
0.016125,0.5232053238889288
0.0161875,0.6174489900285357
0.01625,0.675621499884
0.0163125,0.6968475479315076
0.016375,0.6833415704019652
0.0164375,0.6400052215524158
0.0165,0.5737493903441007
0.0165625,0.49262385229069416
0.016625,0.40485904992610305
0.0166875,0.3179334916841654
0.01675,0.23777583076719136
0.0168125,0.16819339806014016
0.016875,0.11059090096873672
0.0169375,0.06400751956895605
0.017,0.02546196270561108
0.0170625,-0.009442207762083557
0.017125,-0.04573008652491228
0.0171875,-0.08818870318174635
0.01725,-0.1405306664941947
0.0173125,-0.2046951151852495
0.017375,-0.2803763751996905
0.0174375,-0.3648432631983073
0.0175,-0.4530768593186019
0.0175625,-0.5382159734220903
0.017625,-0.6122620401253008
0.0176875,-0.6669632645000154
0.01775,-0.6947753127186881
0.0178125,-0.6897854034501294
0.017875,-0.6484895820411721
0.0179375,-0.570328946189173
0.018,-0.45791778956143153
0.0180625,-0.31693186164948894
0.018125,-0.15566407789913078
0.0181875,0.015706542202716903
0.01825,0.18605369928837084
0.0183125,0.34434727933228043
0.018375,0.4806861854589932
0.0184375,0.5872064971171369
0.0185,0.6587653958112114
0.0185625,0.6933273140637036
0.018625,0.6920132593222736
0.0186875,0.6588131797419231
0.01875,0.6000000000000001
0.0188125,0.5233180116438054
0.018875,0.43704366342279577
0.0189375,0.34903050326212715
0.019,0.26585049551973605
0.0190625,0.19213116087908222
0.019125,0.13016351344144916
0.0191875,0.07982253320282459
0.01925,0.038803878214499404
0.0193125,0.0031422385714666096
0.019375,-0.032057280149149533
0.0194375,-0.07176904018829537
0.0195,-0.12018661936062569
0.0195625,-0.17996224141367373
0.019625,-0.251643701515381
0.0196875,-0.3333827937747835
0.01975,-0.4209564703472122
0.0198125,-0.5081041082461033
0.019875,-0.5871458323135769
0.0199375,-0.6498124158377814
0.02,-0.6881909602355876
0.0200625,-0.6956754929081285
0.020125,-0.6678096396511402
0.0201875,-0.6029199010264785
0.02025,-0.5024614874805988
0.0203125,-0.3710314156563581
0.020375,-0.2160418031509393
0.0204375,-0.04708553308948596
0.0205,0.12493791757155762
0.0205625,0.2888408707098138
0.020625,0.43419769871871794
0.0206875,0.5523108723309204
0.02075,0.6369865221385027
0.0208125,0.6850353419577593
0.020875,0.6964465008946708
0.0209375,0.6742200521865149
0.021,0.6238826837698226
0.0210625,0.552747924993797
0.021125,0.4690108524103631
0.0211875,0.380785542981227
0.02125,0.2951988933659363
0.0213125,0.21764636588224023
0.021375,0.15129472953362577
0.0214375,0.09688640123697104
0.0215,0.05286319747857082
0.0215625,0.015788564428661354
0.021625,-0.018988725073963438
0.0216875,-0.056515546829149624
0.02175,-0.10136492638388431
0.0218125,-0.1568269974351209
0.021875,-0.22426406871192783
0.0219375,-0.30271367666416904
0.022,-0.3887935829244512
0.0220625,-0.47692616792460274
0.022125,-0.5598609158447022
0.0221875,-0.6294372932479229
0.02225,-0.677500631497522
0.0223125,-0.6968641799073589
0.022375,-0.6822036417423878
0.0224375,-0.6307770907310598
0.0225,-0.5428824546345139
0.0225625,-0.42199450438868497
0.022625,-0.27456002261933926
0.0226875,-0.1094692349339366
0.02275,0.06274095843044962
0.0228125,0.2308653182614549
0.022875,0.3840824598651482
0.0229375,0.5129646159356744
0.023,0.6103336092428677
0.0230625,0.6718695322276435
0.023125,0.6964073133880103
0.0231875,0.6858924844494244
0.02325,0.6450067982216576
0.0233125,0.5805122623134784
0.023375,0.5003941988502322
0.0234375,0.41290636326945995
0.0235,0.3256313448080018
0.0235625,0.24466626406654607
0.023625,0.1740275999660612
0.0236875,0.11534177370143239
0.02375,0.06785314616647403
0.0238125,0.028742517954703548
0.023875,-0.006288351541014817
0.0239375,-0.04224279908695229
0.024,-0.08396531042507063
0.0240625,-0.13529783399189824
0.024125,-0.19836417893129923
0.0241875,-0.2730748920152468
0.02425,-0.35691842292591425
0.0243125,-0.4450698045659319
0.024375,-0.530809605482094
0.0244375,-0.6062081313046234
0.0245,-0.6629972609741501
0.0245625,-0.6935287915626513
0.024625,-0.691706552211138
0.0246875,-0.6537812474790428
0.02475,-0.5789118439949528
0.0248125,-0.46942360646023373
0.024875,-0.33072755009691185
0.0249375,-0.17090504421670139
0.025,4.411204399476825e-15
0.0250625,0.1709050442167099
0.025125,0.33072755009691956
0.0251875,0.4694236064602401
0.02525,0.5789118439949575
0.0253125,0.6537812474790503
0.025375,0.691706552211139
0.0254375,0.6935287915626506
0.0255,0.6629972609741478
0.0255625,0.6062081313046255
0.025625,0.5308096054820965
0.0256875,0.4450698045659346
0.02575,0.35691842292591713
0.0258125,0.27307489201524937
0.025875,0.19836417893129574
0.0259375,0.13529783399189527
0.026,0.08396531042506825
0.0260625,0.04224279908695036
0.026125,0.0062883515410159
0.0261875,-0.02874251795470243
0.02625,-0.06785314616647269
0.0263125,-0.11534177370143078
0.026375,-0.17402759996605915
0.0264375,-0.24466626406655
0.0265,-0.32563134480800615
0.0265625,-0.4129063632694644
0.026625,-0.5003941988502366
0.0266875,-0.5805122623134822
0.02675,-0.6450067982216561
0.0268125,-0.6858924844494236
0.026875,-0.6964073133880102
0.0269375,-0.6718695322276429
0.027,-0.6103336092428668
0.0270625,-0.5129646159356733
0.027125,-0.3840824598651468
0.0271875,-0.2308653182614466
0.02725,-0.06274095843044084
0.0273125,0.10946923493393126
0.027375,0.2745600226193343
0.0274375,0.42199450438868624
0.0275,0.542882454634515
0.0275625,0.6307770907310605
0.027625,0.6822036417423881
0.0276875,0.6968641799073589
0.02775,0.6775006314975203
0.0278125,0.6294372932479199
0.027875,0.5598609158447047
0.0279375,0.4769261679246055
0.028,0.38879358292445393
0.0280625,0.30271367666416826
0.028125,0.2242640687119271
0.0281875,0.15682699743512032
0.02825,0.10136492638388384
0.0283125,0.056515546829147556
0.028375,0.01898872507396164
0.0284375,-0.015788564428660265
0.0285,-0.0528631974785696
0.0285625,-0.09688640123697354
0.028625,-0.15129472953362885
0.0286875,-0.217646365882244
0.02875,-0.2951988933659404
0.0288125,-0.380785542981235
0.028875,-0.4690108524103711
0.0289375,-0.5527479249938043
0.029,-0.6238826837698283
0.0290625,-0.6742200521865153
0.029125,-0.696446500894671
0.0291875,-0.6850353419577577
0.02925,-0.6369865221384994
0.0293125,-0.5523108723309235
0.029375,-0.43419769871872205
0.0294375,-0.28884087070981224
0.0295,-0.12493791757155592
0.0295625,0.04708553308948767
0.029625,0.2160418031509409
0.0296875,0.37103141565636555
0.02975,0.5024614874806048
0.0298125,0.602919901026476
0.029875,0.6678096396511386
0.0299375,0.6956754929081281
0.03,0.6881909602355871
0.0300625,0.6498124158377807
0.030125,0.5871458323135762
0.0301875,0.5081041082461024
0.03025,0.4209564703472113
0.0303125,0.3333827937747792
0.030375,0.25164370151537707
0.0304375,0.17996224141367578
0.0305,0.12018661936062736
0.0305625,0.07176904018829494
0.030625,0.03205728014914917
0.0306875,-0.003142238571466954
0.03075,-0.03880387821449978
0.0308125,-0.07982253320282504
0.030875,-0.130163513441452
0.0309375,-0.1921311608790857
0.031,-0.26585049551973355
0.0310625,-0.3490305032621245
0.031125,-0.4370436634227966
0.0311875,-0.5233180116438061
0.03125,-0.6000000000000008
0.0313125,-0.6588131797419237
0.031375,-0.6920132593222739
0.0314375,-0.6933273140637027
0.0315,-0.6587653958112085
0.0315625,-0.5872064971171397
0.031625,-0.48068618545899705
0.0316875,-0.34434727933228504
0.03175,-0.18605369928836923
0.0318125,-0.01570654220271519
0.031875,0.15566407789913245
0.0319375,0.3169318616494905
0.032,0.457917789561438
0.0320625,0.5703289461891778
0.032125,0.6484895820411702
0.0321875,0.6897854034501287
0.03225,0.6947753127186886
0.0323125,0.6669632645000151
0.032375,0.6122620401253002
0.0324375,0.538215973422086
0.0325,0.45307685931859376
0.0325625,0.3648432631982992
0.032625,0.28037637519968306
0.0326875,0.20469511518524303
0.03275,0.14053066649419416
0.0328125,0.08818870318174396
0.032875,0.04573008652491033
0.0329375,0.00944220776208178
0.033,-0.025461962705612906
0.0330625,-0.0640075195689582
0.033125,-0.11059090096874147
0.0331875,-0.16819339806014605
0.03325,-0.23777583076719824
0.0333125,-0.3179334916841662
0.033375,-0.40485904992610744
0.0334375,-0.49262385229069855
0.0335,-0.5737493903441044
0.0335625,-0.6400052215524187
0.033625,-0.6833415704019666
0.0336875,-0.6968475479315073
0.03375,-0.6756214998839962
0.0338125,-0.6174489900285287
0.033875,-0.5232053238889277
0.0339375,-0.39693082908915456
0.034,-0.2455646671192514
0.0340625,-0.07836235044474664
0.034125,0.09394125090826166
0.0341875,0.2601321131293072
0.03425,0.4095702234942107
0.0343125,0.5331793050168205
0.034375,0.6242640687119348
0.0344375,0.6790659842458626
0.0345,0.6969988800347695
0.0345625,0.6805427342247521
0.034625,0.6348134416789903
0.0346875,0.5668635072318265
0.03475,0.48479916185683014
0.0348125,0.39681975205516873
0.034875,0.31029304738707986
0.0349375,0.23097446658476006
0.035,0.16245984811644676
0.0350625,0.10593249943840954
0.035125,0.060229304627736624
0.0351875,0.022211938375319845
0.03525,-0.012607665004726331
0.0353125,-0.049269118365633316
0.035375,-0.09249500889658582
0.0354375,-0.1458627656620782
0.0355,-0.21112291787155407
0.0355625,-0.287752057956861
0.035625,-0.3728005156380271
0.0356875,-0.4610591333085687
0.03575,-0.5455308433557133
0.0358125,-0.6181555876408836
0.035875,-0.6707059154762626
0.0359375,-0.6957490757440816
0.036,-0.6875621657944126
0.0360625,-0.6428910499077858
0.036125,-0.5614608644175173
0.0361875,-0.44617400341126195
0.03625,-0.30296724708346817
0.0363125,-0.14033896037039936
0.036375,0.03140455935273733
0.0364375,0.201101955340863
0.0365,0.3577841527965454
0.0365625,0.49170044366724475
0.036625,0.5952100594570817
0.0366875,0.663441596790745
0.03675,0.6946495931267207
0.0368125,0.690232626027123
0.036875,0.654416403232073
0.0369375,0.5936438276733712
0.037,0.5157474399002775
0.0370625,0.42900404543318893
0.037125,0.34118388019359164
0.0371875,0.258705911240995
0.03725,0.18599694370347886
0.0373125,0.1251267956586575
0.037375,0.07575795419743789
0.0374375,0.03540987611858791
0.0375,9.772415167715288e-17
0.0375625,-0.0354098761185877
0.037625,-0.07575795419743758
0.0376875,-0.1251267956586572
0.03775,-0.18599694370347847
0.0378125,-0.25870591124098813
0.037875,-0.34118388019359114
0.0379375,-0.42900404543318843
0.038,-0.5157474399002769
0.0380625,-0.5936438276733708
0.038125,-0.6544164032320727
0.0381875,-0.6902326260271229
0.03825,-0.6946495931267207
0.0383125,-0.6634415967907452
0.038375,-0.5952100594570895
0.0384375,-0.49170044366724547
0.0385,-0.3577841527965462
0.0385625,-0.20110195534086395
0.038625,-0.03140455935273831
0.0386875,0.1403389603703984
0.03875,0.3029672470834673
0.0388125,0.4461740034112612
0.038875,0.5614608644175167
0.0389375,0.6428910499077802
0.039,0.6875621657944125
0.0390625,0.6957490757440816
0.039125,0.6707059154762628
0.0391875,0.6181555876408841
0.03925,0.5455308433557139
0.0393125,0.46105913330856907
0.039375,0.3728005156380275
0.0394375,0.28775205795686143
0.0395,0.21112291787156034
0.0395625,0.14586276566208348
0.039625,0.0924950088965861
0.0396875,0.049269118365633524
0.03975,0.012607665004726536
0.0398125,-0.022211938375319644
0.039875,-0.06022930462773979
0.0399375,-0.1059324994384134
0.04,-0.16245984811645672
0.0400625,-0.23097446658477197
0.040125,-0.3102930473870863
0.0401875,-0.3968197520551756
0.04025,-0.48479916185683675
0.0403125,-0.5668635072318324
0.040375,-0.6348134416789949
0.0404375,-0.6805427342247544
0.0405,-0.6969988800347696
0.0405625,-0.6790659842458568
0.040625,-0.6242640687119232
0.0406875,-0.5331793050168122
0.04075,-0.40957022349420014
0.0408125,-0.26013211312929496
0.040875,-0.09394125090824855
0.0409375,0.07836235044475978
0.041,0.24556466711926372
0.0410625,0.3969308290891653
0.041125,0.5232053238889363
0.0411875,0.6174489900285409
0.04125,0.6756214998839993
0.0413125,0.6968475479315075
0.041375,0.6833415704019645
0.0414375,0.6400052215524145
0.0415,0.5737493903440988
0.0415625,0.49262385229069194
0.041625,0.4048590499261007
0.0416875,0.31793349168415963
0.04175,0.23777583076718628
0.0418125,0.1681933980601359
0.041875,0.11059090096873753
0.0419375,0.06400751956895499
0.042,0.025461962705610165
0.0420625,-0.009442207762084442
0.042125,-0.04573008652491328
0.0421875,-0.0881887031817476
0.04225,-0.1405306664941986
0.0423125,-0.2046951151852542
0.042375,-0.2803763751996959
0.0424375,-0.36484326319830584
0.0425,-0.45307685931860064
0.0425625,-0.5382159734220924
0.042625,-0.6122620401253052
0.0426875,-0.6669632645000183
0.04275,-0.6947753127186894
0.0428125,-0.689785403450127
0.042875,-0.6484895820411657
0.0429375,-0.5703289461891626
0.043,-0.4579177895614388
0.0430625,-0.3169318616494913
0.043125,-0.1556640778991334
0.0431875,0.01570654220271421
0.04325,0.1860536992883683
0.0433125,0.3443472793322842
0.043375,0.48068618545899633
0.0434375,0.5872064971171318
0.0435,0.6587653958112083
0.0435625,0.6933273140637027
0.043625,0.6920132593222739
0.0436875,0.6588131797419239
0.04375,0.6000000000000012
0.0438125,0.5233180116438066
0.043875,0.4370436634227971
0.0439375,0.3490305032621249
0.044,0.26585049551974055
0.0440625,0.19213116087908608
0.044125,0.13016351344145238
0.0441875,0.07982253320282529
0.04425,0.03880387821449999
0.0443125,0.003142238571467151
0.044375,-0.03205728014914896
0.0444375,-0.07176904018829466
0.0445,-0.12018661936062708
0.0445625,-0.17996224141367
0.044625,-0.2516437015153766
0.0446875,-0.33338279377477875
0.04475,-0.42095647034721084
0.0448125,-0.508104108246102
0.044875,-0.5871458323135758
0.0449375,-0.6498124158377806
0.045,-0.6881909602355871
0.0450625,-0.6956754929081281
0.045125,-0.6678096396511389
0.0451875,-0.6029199010264833
0.04525,-0.5024614874806054
0.0453125,-0.3710314156563663
0.045375,-0.21604180315094185
0.0454375,-0.04708553308948865
0.0455,0.12493791757155497
0.0455625,0.28884087070981135
0.045625,0.43419769871872127
0.0456875,0.5523108723309229
0.04575,0.6369865221384989
0.0458125,0.6850353419577577
0.045875,0.6964465008946711
0.0459375,0.6742200521865155
0.046,0.6238826837698235
0.0460625,0.5527479249937981
0.046125,0.46901085241036444
0.0461875,0.38078554298122835
0.04625,0.2951988933659341
0.0463125,0.21764636588223846
0.046375,0.1512947295336292
0.0464375,0.09688640123696982
0.0465,0.05286319747856982
0.0465625,0.015788564428657566
0.046625,-0.018988725073964347
0.0466875,-0.056515546829147334
0.04675,-0.10136492638388764
0.0468125,-0.15682699743511994
0.046875,-0.22426406871193272
0.0469375,-0.3027136766641677
0.047,-0.38879358292446065
0.0470625,-0.47692616792460496
0.047125,-0.5598609158447105
0.0471875,-0.6294372932479244
0.04725,-0.67750063149752
0.0473125,-0.6968641799073592
0.047375,-0.6822036417423883
0.0474375,-0.6307770907310551
0.0475,-0.5428824546345155
0.0475625,-0.4219945043886759
0.047625,-0.2745600226193352
0.0476875,-0.10946923493391822
0.04775,0.062740958430454
0.0478125,0.23086531826144568
0.047875,0.3840824598651577
0.0479375,0.5129646159356727
0.048,0.6103336092428729
0.0480625,0.6718695322276427
0.048125,0.6964073133880107
0.0481875,0.6858924844494237
0.04825,0.6450067982216519
0.0483125,0.5805122623134764
0.048375,0.5003941988502371
0.0484375,0.4129063632694576
0.0485,0.3256313448080067
0.0485625,0.24466626406654413
0.048625,0.17402759996605954
0.0486875,0.1153417737014267
0.04875,0.0678531461664729
0.0488125,0.028742517954699648
0.048875,-0.0062883515410157
0.0489375,-0.042242799086950125
0.049,-0.08396531042507177
0.0490625,-0.13529783399189502
0.049125,-0.198364178931301
0.0491875,-0.2730748920152488
0.04925,-0.3569184229259237
0.0493125,-0.4450698045659342
0.049375,-0.5308096054821028
0.0494375,-0.6062081313046251
0.0495,-0.6629972609741476
0.0495625,-0.6935287915626518
0.049625,-0.6917065522111391
0.0496875,-0.6537812474790413
0.04975,-0.5789118439949504
0.0498125,-0.4694236064602202
0.049875,-0.330727550096908
0.0499375,-0.17090504421668334
0.05,8.82240879895365e-15
0.0500625,0.17090504421672792
0.050125,0.33072755009692345
0.0501875,0.469423606460233
0.05025,0.5789118439949599
0.0503125,0.6537812474790471
0.050375,0.691706552211141
0.0504375,0.6935287915626501
0.0505,0.662997260974143
0.0505625,0.6062081313046181
0.050625,0.530809605482081
0.0506875,0.44506980456592515
0.05075,0.3569184229259148
0.0508125,0.2730748920152539
0.050875,0.19836417893129396
0.0509375,0.1352978339918986
0.051,0.08396531042506708
0.0510625,0.0422427990869525
0.051125,0.00628835154101786
0.0511875,-0.02874251795470334
0.05125,-0.06785314616647029
0.0513125,-0.11534177370143212
0.051375,-0.17402759996605557
0.0514375,-0.24466626406655195
0.0515,-0.32563134480800127
0.0515625,-0.4129063632694667
0.051625,-0.5003941988502317
0.0516875,-0.5805122623134719
0.05175,-0.6450067982216574
0.0518125,-0.6858924844494221
0.051875,-0.6964073133880101
0.0519375,-0.6718695322276454
0.052,-0.6103336092428648
0.0520625,-0.5129646159356797
0.052125,-0.3840824598651431
0.0521875,-0.23086531826145582
0.05225,-0.06274095843046475
0.0523125,0.10946923493393564
0.052375,0.2745600226193254
0.0524375,0.4219945043886898
0.0525,0.542882454634509
0.0525625,0.6307770907310624
0.052625,0.6822036417423862
0.0526875,0.6968641799073589
0.05275,0.6775006314975223
0.0528125,0.6294372932479281
0.052875,0.5598609158447027
0.0529375,0.47692616792461046
0.053,0.3887935829244517
0.0530625,0.3027136766641729
0.053125,0.22426406871192528
0.0531875,0.15682699743512377
0.05325,0.10136492638388253
0.0533125,0.056515546829149846
0.053375,0.01898872507396073
0.0534375,-0.01578856442866116
0.0535,-0.052863197478567325
0.0535625,-0.09688640123697481
0.053625,-0.15129472953362547
0.0536875,-0.21764636588224578
0.05375,-0.29519889336593574
0.0538125,-0.38078554298123735
0.053875,-0.46901085241036616
0.0539375,-0.5527479249938062
0.054,-0.6238826837698247
0.0540625,-0.6742200521865132
0.054125,-0.6964465008946711
0.0541875,-0.6850353419577595
0.05425,-0.6369865221384976
0.0543125,-0.5523108723309209
0.054375,-0.4341976987187077
0.0544375,-0.28884087070980824
0.0545,-0.12493791757153763
0.0545625,0.04708553308949207
0.054625,0.2160418031509316
0.0546875,0.3710314156563692
0.05475,0.5024614874805982
0.0548125,0.602919901026485
0.054875,0.6678096396511399
0.0549375,0.6956754929081291
0.055,0.6881909602355867
0.0550625,0.6498124158377753
0.055125,0.5871458323135743
0.0551875,0.5081041082461073
0.05525,0.42095647034720907
0.0553125,0.3333827937747841
0.055375,0.2516437015153751
0.0554375,0.1799622414136741
0.0555,0.12018661936062158
0.0555625,0.07176904018829383
0.055625,0.03205728014914521
0.0556875,-0.0031422385714678395
0.05575,-0.03880387821449764
0.0558125,-0.07982253320282617
0.055875,-0.13016351344144883
0.0559375,-0.1921311608790874
0.056,-0.2658504955197356
0.0560625,-0.3490305032621338
0.056125,-0.4370436634227989
0.0561875,-0.5233180116438152
0.05625,-0.6000000000000025
0.0563125,-0.658813179741921
0.056375,-0.6920132593222742
0.0564375,-0.6933273140637037
0.0565,-0.6587653958112072
0.0565625,-0.5872064971171373
0.056625,-0.4806861854589838
0.0566875,-0.34434727933228126
0.05675,-0.18605369928835133
0.0568125,-0.015706542202710776
0.056875,0.1556640778991229
0.0569375,0.3169318616494944
0.057,0.45791778956143075
0.0570625,0.5703289461891804
0.057125,0.6484895820411718
0.0571875,0.6897854034501312
0.05725,0.6947753127186883
0.0573125,0.6669632645000104
0.057375,0.6122620401252985
0.0574375,0.5382159734220775
0.0575,0.4530768593185916
0.0575625,0.3648432631983042
0.057625,0.280376375199681
0.0576875,0.204695115185247
0.05775,0.14053066649418794
0.0578125,0.0881887031817428
0.057875,0.04573008652490615
0.0579375,0.009442207762080893
0.058,-0.025461962705616792
0.0580625,-0.06400751956895928
0.058125,-0.11059090096873855
0.0581875,-0.1681933980601476
0.05825,-0.237775830767194
0.0583125,-0.3179334916841753
0.058375,-0.40485904992610977
0.0584375,-0.4926238522907078
0.0585,-0.5737493903441064
0.0585625,-0.6400052215524248
0.058625,-0.6833415704019626
0.0586875,-0.6968475479315075
0.05875,-0.6756214998840019
0.0588125,-0.617448990028533
0.058875,-0.5232053238889339
0.0589375,-0.396930829089151
0.059,-0.24556466711926053
0.0590625,-0.0783623504447705
0.059125,0.09394125090825195
0.0591875,0.26013211312928497
0.05925,0.40957022349420286
0.0593125,0.5331793050168055
0.059375,0.6242640687119307
0.0594375,0.6790659842458576
0.0595,0.6969988800347695
0.0595625,0.6805427342247539
0.059625,0.6348134416789984
0.0596875,0.566863507231831
0.05975,0.4847991618568422
0.0598125,0.39681975205517384
0.059875,0.3102930473870916
0.0599375,0.23097446658476437
0.06,0.16245984811645547
0.0600625,0.10593249943840824
0.060125,0.060229304627738955
0.0601875,0.02221193837532187
0.06025,-0.012607665004727226
0.0603125,-0.04926911836563108
0.060375,-0.09249500889658707
0.0604375,-0.14586276566207973
0.0605,-0.2111229178715617
0.0605625,-0.28775205795686304
0.060625,-0.3728005156380364
0.0606875,-0.4610591333085708
0.06075,-0.545530843355722
0.0608125,-0.6181555876408853
0.060875,-0.6707059154762604
0.0609375,-0.6957490757440817
0.061,-0.6875621657944142
0.0610625,-0.6428910499077789
0.061125,-0.5614608644175147
0.0611875,-0.4461740034112479
0.06125,-0.3029672470834642
0.0613125,-0.14033896037038113
0.061375,0.03140455935274174
0.0614375,0.20110195534085362
0.0615,0.3577841527965491
0.0615625,0.491700443667238
0.061625,0.595210059457091
0.0616875,0.6634415967907462
0.06175,0.694649593126722
0.0618125,0.6902326260271225
0.061875,0.6544164032320676
0.0619375,0.5936438276733694
0.062,0.5157474399002822
0.0620625,0.4290040454331867
0.062125,0.34118388019359647
0.0621875,0.2587059112409866
0.06225,0.18599694370347714
0.0623125,0.1251267956586516
0.062375,0.07575795419743675
0.0624375,0.03540987611858393
0.0625,-7.845167282182119e-16
0.0625625,-0.03540987611858559
0.062625,-0.07575795419743875
0.0626875,-0.1251267956586541
0.06275,-0.1859969437034802
0.0628125,-0.2587059112409901
0.062875,-0.34118388019360035
0.0629375,-0.4290040454331763
0.063,-0.515747439900286
0.0630625,-0.5936438276733611
0.063125,-0.6544164032320698
0.0631875,-0.69023262602712
0.06325,-0.6946495931267215
0.0633125,-0.6634415967907521
0.063375,-0.5952100594570873
0.0634375,-0.49170044366725224
0.0635,-0.3577841527965425
0.0635625,-0.20110195534087327
0.063625,-0.031404559352733896
0.0636875,0.14033896037038882
0.06375,0.3029672470834712
0.0638125,0.4461740034112538
0.063875,0.5614608644175193
0.0639375,0.6428910499077818
0.064,0.6875621657944153
0.0640625,0.695749075744083
0.064125,0.6707059154762585
0.0641875,0.6181555876408928
0.06425,0.5455308433557184
0.0643125,0.4610591333085813
0.064375,0.37280051563803246
0.0644375,0.28775205795687275
0.0645,0.2111229178715585
0.0645625,0.1458627656620868
0.064625,0.09249500889658488
0.0646875,0.04926911836563577
0.06475,0.012607665004725634
0.0648125,-0.022211938375317625
0.064875,-0.06022930462774083
0.0649375,-0.10593249943841054
0.065,-0.16245984811645833
0.0650625,-0.23097446658476767
0.065125,-0.3102930473870953
0.0651875,-0.3968197520551779
0.06525,-0.4847991618568462
0.0653125,-0.5668635072318218
0.065375,-0.6348134416790011
0.0654375,-0.6805427342247501
0.0655,-0.6969988800347695
0.0655625,-0.679065984245862
0.065625,-0.6242640687119274
0.0656875,-0.5331793050168183
0.06575,-0.4095702234941966
0.0658125,-0.26013211312930395
0.065875,-0.09394125090824419
0.0659375,0.07836235044475007
0.066,0.24556466711926783
0.0660625,0.39693082908915733
0.066125,0.523205323888939
0.0661875,0.6174489900285365
0.06625,0.6756214998840037
0.0663125,0.6968475479315075
0.066375,0.6833415704019612
0.0664375,0.6400052215524221
0.0665,0.5737493903440907
0.0665625,0.4926238522907038
0.066625,0.4048590499261058
0.0666875,0.31793349168417145
0.06675,0.23777583076719064
0.0668125,0.16819339806014477
0.066875,0.1105909009687362
0.0669375,0.06400751956895738
0.067,0.025461962705609242
0.0670625,-0.009442207762082475
0.067125,-0.04573008652491427
0.0671875,-0.08818870318174493
0.06725,-0.1405306664942001
0.0673125,-0.20469511518525013
0.067375,-0.28037637519969794
0.0674375,-0.3648432631983082
0.0675,-0.4530768593186101
0.0675625,-0.5382159734220812
0.067625,-0.6122620401253123
0.0676875,-0.6669632645000124
0.06775,-0.6947753127186889
0.0678125,-0.6897854034501301
0.067875,-0.6484895820411691
0.0679375,-0.5703289461891761
0.068,-0.457917789561425
0.0680625,-0.3169318616494874
0.068125,-0.15566407789911527
0.0681875,0.01570654220271862
0.06825,0.18605369928838617
0.0683125,0.34434727933228804
0.068375,0.48068618545900954
0.0684375,0.5872064971171416
0.0685,0.6587653958112184
0.0685625,0.6933273140637045
0.068625,0.6920132593222704
0.0686875,0.6588131797419188
0.06875,0.599999999999988
0.0688125,0.5233180116438114
0.068875,0.43704366342278034
0.0689375,0.3490305032621299
0.069,0.26585049551973206
0.0690625,0.19213116087908433
0.069125,0.1301635134414463
0.0691875,0.07982253320282412
0.06925,0.038803878214495935
0.0693125,0.0031422385714662696
0.069375,-0.03205728014915292
0.0694375,-0.07176904018829576
0.0695,-0.12018661936063285
0.0695625,-0.1799622414136771
0.069625,-0.25164370151539134
0.0696875,-0.3333827937747879
0.06975,-0.4209564703472276
0.0698125,-0.5081041082461111
0.069875,-0.5871458323135895
0.0699375,-0.6498124158377776
0.07,-0.6881909602355916
0.0700625,-0.6956754929081287
0.070125,-0.6678096396511377
0.0701875,-0.6029199010264812
0.07025,-0.5024614874805928
0.0703125,-0.37103141565636266
0.070375,-0.21604180315095112
0.0704375,-0.04708553308948425
0.0705,0.12493791757154535
0.0705625,0.28884087070981534
0.070625,0.4341976987187137
0.0706875,0.5523108723309256
0.07075,0.6369865221385006
0.0708125,0.6850353419577608
0.070875,0.696446500894672
0.0709375,0.6742200521865116
0.071,0.6238826837698321
0.0710625,0.5527479249938025
0.071125,0.46901085241037654
0.0711875,0.38078554298123335
0.07125,0.29519889336594557
0.0713125,0.2176463658822425
0.071375,0.1512947295336326
0.0714375,0.09688640123697256
0.0715,0.05286319747857207
0.0715625,0.015788564428659557
0.071625,-0.018988725073962334
0.0716875,-0.056515546829151664
0.07175,-0.1013649263838848
0.0718125,-0.15682699743512657
0.071875,-0.2242640687119286
0.0719375,-0.3027136766641767
0.072,-0.3887935829244557
0.0720625,-0.4769261679246144
0.072125,-0.5598609158446934
0.0721875,-0.6294372932479309
0.07225,-0.677500631497518
0.0723125,-0.696864179907359
0.072375,-0.6822036417423902
0.0724375,-0.6307770907310591
0.0725,-0.5428824546345214
0.0725625,-0.4219945043886836
0.072625,-0.2745600226193442
0.0726875,-0.10946923493392789
0.07275,0.06274095843044425
0.0728125,0.2308653182614632
0.072875,0.38408245986514966
0.0729375,0.512964615935685
0.073,0.6103336092428684
0.0730625,0.6718695322276473
0.073125,0.6964073133880103
0.0731875,0.685892484449421
0.07325,0.6450067982216637
0.0733125,0.5805122623134686
0.073375,0.500394198850242
0.0734375,0.4129063632694626
0.0735,0.3256313448080115
0.0735625,0.2446662640665485
0.073625,0.17402759996606323
0.0736875,0.1153417737014297
0.07375,0.06785314616647534
0.0738125,0.028742517954701702
0.073875,-0.006288351541013738
0.0739375,-0.04224279908695423
0.074,-0.08396531042506922
0.0740625,-0.13529783399190118
0.074125,-0.19836417893129715
0.0741875,-0.2730748920152575
0.07425,-0.3569184229259187
0.0743125,-0.44506980456594375
0.074375,-0.5308096054820848
0.0744375,-0.6062081313046324
0.0745,-0.662997260974145
0.0745625,-0.6935287915626509
0.074625,-0.6917065522111402
0.0746875,-0.6537812474790445
0.07475,-0.5789118439949557
0.0748125,-0.46942360646022735
0.074875,-0.33072755009691657
0.0749375,-0.17090504421669284
0.075,-9.772415167715292e-16
0.0750625,0.17090504421671843
0.075125,0.3307275500969149
0.0751875,0.4694236064602465
0.07525,0.5789118439949547
0.0753125,0.6537812474790532
0.075375,0.6917065522111399
0.0754375,0.6935287915626486
0.0755,0.6629972609741456
0.0755625,0.6062081313046109
0.075625,0.5308096054820991
0.0756875,0.4450698045659157
0.07575,0.3569184229259197
0.0758125,0.27307489201524526
0.075875,0.19836417893129787
0.0759375,0.13529783399189244
0.076,0.08396531042506972
0.0760625,0.042242799086948404
0.076125,0.006288351541014127
0.0761875,-0.028742517954707253
0.07625,-0.06785314616647486
0.0763125,-0.11534177370143778
0.076375,-0.17402759996606249
0.0764375,-0.24466626406656017
0.0765,-0.3256313448080105
0.0765625,-0.4129063632694763
0.076625,-0.500394198850241
0.0766875,-0.580512262313492
0.07675,-0.6450067982216543
0.0768125,-0.6858924844494293
0.076875,-0.6964073133880104
0.0769375,-0.6718695322276409
0.077,-0.6103336092428694
0.0770625,-0.5129646159356674
0.077125,-0.3840824598651512
0.0771875,-0.2308653182614383
0.07725,-0.06274095843044619
0.0773125,0.109469234933954
0.077375,0.2745600226193424
0.0774375,0.42199450438870434
0.0775,0.5428824546345203
0.0775625,0.6307770907310699
0.077625,0.6822036417423898
0.0776875,0.6968641799073585
0.07775,0.6775006314975185
0.0778125,0.6294372932479119
0.077875,0.5598609158447071
0.0779375,0.4769261679245868
0.078,0.38879358292445665
0.0780625,0.302713676664164
0.078125,0.22426406871192944
0.0781875,0.1568269974351272
0.07825,0.10136492638388539
0.0783125,0.056515546829152136
0.078375,0.018988725073962737
0.0784375,-0.01578856442865916
0.0785,-0.052863197478571614
0.0785625,-0.09688640123697204
0.078625,-0.15129472953363202
0.0786875,-0.21764636588224173
0.07875,-0.2951988933659447
0.0788125,-0.3807855429812178
0.078875,-0.46901085241037554
0.0789375,-0.5527479249937888
0.079,-0.6238826837698213
0.0790625,-0.674220052186511
0.079125,-0.6964465008946708
0.0791875,-0.6850353419577611
0.07925,-0.6369865221385014
0.0793125,-0.5523108723309267
0.079375,-0.4341976987187153
0.0794375,-0.2888408707098171
0.0795,-0.12493791757154725
0.0795625,0.047085533089482295
0.079625,0.21604180315094926
0.0796875,0.371031415656361
0.07975,0.5024614874806107
0.0798125,0.6029199010264803
0.079875,0.6678096396511448
0.0799375,0.6956754929081286
0.08,0.6881909602355839
0.0800625,0.6498124158377866
0.080125,0.5871458323135665
0.0801875,0.508104108246112
0.08025,0.4209564703472141
0.0803125,0.33338279377478885
0.080375,0.2516437015153795
0.0804375,0.17996224141367786
0.0805,0.12018661936062464
0.0805625,0.07176904018829627
0.080625,0.0320572801491473
0.0806875,-0.0031422385714658767
0.08075,-0.038803878214501694
0.0808125,-0.07982253320282365
0.080875,-0.13016351344145485
0.0809375,-0.19213116087908352
0.081,-0.26585049551974416
0.0810625,-0.3490305032621288
0.081125,-0.4370436634228083
0.0811875,-0.5233180116437968
0.08125,-0.60000000000001
0.0813125,-0.6588131797419182
0.081375,-0.6920132593222732
0.0814375,-0.6933273140637046
0.0815,-0.6587653958112103
0.0815625,-0.5872064971171426
0.081625,-0.4806861854589908
0.0816875,-0.3443472793322897
0.08175,-0.18605369928836074
0.0818125,-0.015706542202720573
0.081875,0.15566407789914102
0.0819375,0.3169318616494857
0.082,0.4579177895614446
0.0820625,0.570328946189175
0.082125,0.6484895820411782
0.0821875,0.6897854034501298
0.08225,0.6947753127186869
0.0823125,0.6669632645000199
0.082375,0.6122620401252914
0.0824375,0.5382159734220953
0.0825,0.45307685931859654
0.0825625,0.3648432631983092
0.082625,0.2803763751996855
0.0826875,0.204695115185251
0.08275,0.14053066649419116
0.0828125,0.08818870318174546
0.082875,0.045730086524908356
0.0829375,0.009442207762082863
0.083,-0.02546196270561473
0.0830625,-0.0640075195689569
0.083125,-0.11059090096874413
0.0831875,-0.16819339806014405
0.08325,-0.23777583076720213
0.0833125,-0.3179334916841705
0.083375,-0.4048590499261193
0.0834375,-0.4926238522907029
0.0835,-0.5737493903441144
0.0835625,-0.6400052215524122
0.083625,-0.6833415704019706
0.0836875,-0.6968475479315076
0.08375,-0.6756214998839976
0.0838125,-0.6174489900285374
0.083875,-0.5232053238889219
0.0839375,-0.39693082908915894
0.084,-0.24556466711924319
0.0840625,-0.078362350444752
0.084125,0.0939412509082704
0.0841875,0.2601321131293022
0.08425,0.4095702234942177
0.0843125,0.5331793050168172
0.084375,0.6242640687119386
0.0844375,0.6790659842458615
0.0845,0.6969988800347695
0.0845625,0.6805427342247503
0.084625,0.6348134416789826
0.0846875,0.5668635072318353
0.08475,0.4847991618568187
0.0848125,0.39681975205517883
0.084875,0.3102930473870825
0.0849375,0.23097446658476856
0.085,0.1624598481164487
0.0850625,0.1059324994384111
0.085125,0.06022930462773449
0.0851875,0.022211938375318027
0.08525,-0.012607665004730987
0.0853125,-0.0492691183656353
0.085375,-0.0924950088965922
0.0854375,-0.14586276566208614
0.0855,-0.21112291787156945
0.0855625,-0.28775205795687187
0.085625,-0.3728005156380459
0.0856875,-0.4610591333085803
0.08575,-0.5455308433557307
0.0858125,-0.6181555876408816
0.085875,-0.6707059154762712
0.0859375,-0.6957490757440812
0.086,-0.6875621657944156
0.0860625,-0.6428910499077826
0.086125,-0.5614608644175204
0.0861875,-0.44617400341125524
0.08625,-0.302967247083473
0.0863125,-0.14033896037039073
0.086375,0.03140455935273195
0.0864375,0.2011019553408714
0.0865,0.3577841527965408
0.0865625,0.49170044366725085
0.086625,0.5952100594570862
0.0866875,0.6634415967907517
0.08675,0.6946495931267213
0.0868125,0.6902326260271203
0.086875,0.6544164032320786
0.0869375,0.5936438276733619
0.087,0.5157474399002869
0.0870625,0.4290040454331917
0.087125,0.34118388019360135
0.0871875,0.25870591124099107
0.08725,0.18599694370348097
0.0873125,0.1251267956586547
0.087375,0.07575795419743925
0.0874375,0.03540987611858602
0.0875,1.1754133349268238e-15
0.0875625,-0.03540987611858959
0.087625,-0.07575795419743622
0.0876875,-0.12512679565866003
0.08775,-0.18599694370347644
0.0878125,-0.25870591124099857
0.087875,-0.34118388019359547
0.0879375,-0.42900404543320036
0.088,-0.5157474399002675
0.0880625,-0.5936438276733802
0.088125,-0.6544164032320671
0.0881875,-0.6902326260271223
0.08825,-0.6946495931267223
0.0883125,-0.6634415967907468
0.088375,-0.595210059457092
0.0884375,-0.4917004436672393
0.0885,-0.35778415279655085
0.0885625,-0.2011019553408555
0.088625,-0.031404559352743694
0.0886875,0.14033896037040702
0.08875,0.30296724708346245
0.0888125,0.4461740034112679
0.088875,0.5614608644175136
0.0889375,0.6428910499077887
0.089,0.6875621657944139
0.0890625,0.6957490757440804
0.089125,0.6707059154762673
0.0891875,0.6181555876408754
0.08925,0.5455308433557229
0.0893125,0.46105913330857173
0.089375,0.3728005156380374
0.0894375,0.287752057956864
0.0895,0.21112291787156254
0.0895625,0.14586276566208042
0.089625,0.09249500889658757
0.0896875,0.049269118365631526
0.08975,0.012607665004727615
0.0898125,-0.02221193837532147
0.089875,-0.060229304627738484
0.0899375,-0.10593249943841601
0.09,-0.16245984811645478
0.0900625,-0.23097446658477574
0.090125,-0.3102930473870906
0.0901875,-0.3968197520551874
0.09025,-0.4847991618568412
0.0903125,-0.5668635072318425
0.090375,-0.6348134416789882
0.0904375,-0.6805427342247587
0.0905,-0.6969988800347696
0.0905625,-0.679065984245858
0.090625,-0.6242640687119315
0.0906875,-0.5331793050168068
0.09075,-0.4095702234942044
0.0908125,-0.26013211312928675
0.090875,-0.09394125090825389
0.0909375,0.07836235044476855
0.091,0.24556466711925873
0.0910625,0.39693082908917254
0.091125,0.5232053238889327
0.0911875,0.6174489900285447
0.09125,0.6756214998840013
0.0913125,0.6968475479315079
0.091375,0.683341570401963
0.0914375,0.6400052215524069
0.0915,0.5737493903441073
0.0915625,0.4926238522906805
0.091625,0.40485904992611077
0.0916875,0.3179334916841624
0.09175,0.23777583076719488
0.0918125,0.1681933980601379
0.091875,0.11059090096873914
0.0919375,0.06400751956895281
0.092,0.025461962705611282
0.0920625,-0.009442207762086218
0.092125,-0.04573008652491206
0.0921875,-0.08818870318174996
0.09225,-0.14053066649419682
0.0923125,-0.2046951151852577
0.092375,-0.28037637519969333
0.0924375,-0.36484326319831756
0.0925,-0.45307685931860514
0.0925625,-0.538215973422103
0.092625,-0.6122620401253085
0.0926875,-0.6669632645000239
0.09275,-0.6947753127186881
0.0928125,-0.6897854034501277
0.092875,-0.6484895820411627
0.0929375,-0.5703289461891499
0.093,-0.45791778956143225
0.0930625,-0.31693186164947096
0.093125,-0.15566407789909717
0.0931875,0.015706542202765652
0.09325,0.18605369928837676
0.0933125,0.3443472793323041
0.093375,0.48068618545898245
0.0934375,0.5872064971171365
0.0935,0.6587653958112154
0.0935625,0.6933273140637062
0.093625,0.6920132593222744
0.0936875,0.6588131797419214
0.09375,0.599999999999992
0.0938125,0.5233180116438161
0.093875,0.43704366342279977
0.0939375,0.34903050326212054
0.094,0.2658504955197235
0.0940625,0.19213116087908824
0.094125,0.13016351344144947
0.0941875,0.07982253320283411
0.09425,0.03880387821449188
0.0943125,0.003142238571468229
0.094375,-0.03205728014915084
0.0944375,-0.07176904018828617
0.0945,-0.12018661936062094
0.0945625,-0.17996224141367334
0.094625,-0.2516437015153869
0.0946875,-0.333382793774769
0.09475,-0.420956470347208
0.0948125,-0.5081041082461062
0.094875,-0.5871458323135854
0.0949375,-0.6498124158377746
0.095,-0.6881909602355863
0.0950625,-0.6956754929081277
0.095125,-0.6678096396511327
0.0951875,-0.602919901026486
0.09525,-0.5024614874805995
0.0953125,-0.37103141565639464
0.095375,-0.21604180315090654
0.0954375,-0.04708553308949402
0.0955,0.12493791757156364
0.0955625,0.2888408707097808
0.095625,0.43419769871870617
0.0956875,0.5523108723309198
0.09575,0.6369865221385078
0.0958125,0.6850353419577543
0.095875,0.6964465008946712
0.0959375,0.6742200521865136
0.096,0.6238826837698151
0.0960625,0.5527479249938071
0.096125,0.46901085241036716
0.0961875,0.3807855429812238
0.09625,0.2951988933659232
0.0963125,0.21764636588224665
0.096375,0.15129472953362622
0.0964375,0.09688640123696732
0.0965,0.05286319747856122
0.0965625,0.01578856442866155
0.096625,-0.018988725073966144
0.0966875,-0.0565155468291427
0.09675,-0.101364926383882
0.0968125,-0.15682699743512307
0.096875,-0.2242640687119365
0.0969375,-0.3027136766641584
0.097,-0.38879358292445065
0.0970625,-0.47692616792460946
0.097125,-0.5598609158447145
0.0971875,-0.6294372932479176
0.09725,-0.6775006314975218
0.0973125,-0.6968641799073594
0.097375,-0.6822036417423812
0.0974375,-0.630777090731063
0.0975,-0.5428824546345101
0.0975625,-0.42199450438866903
0.097625,-0.2745600226193012
0.0976875,-0.10946923493393756
0.09775,0.06274095843046279
0.0978125,0.23086531826142725
0.097875,0.38408245986514156
0.0979375,0.5129646159356784
0.098,0.610333609242877
0.0980625,0.6718695322276379
0.098125,0.69640731338801
0.0981875,0.6858924844494224
0.09825,0.6450067982216492
0.0983125,0.5805122623134849
0.098375,0.5003941988502327
0.0984375,0.4129063632694532
0.0985,0.3256313448079884
0.0985625,0.24466626406655273
0.098625,0.1740275999660562
0.0986875,0.11534177370142401
0.09875,0.06785314616646372
0.0988125,0.028742517954703763
0.098875,-0.006288351541017473
0.0989375,-0.04224279908694582
0.099,-0.08396531042506658
0.0990625,-0.13529783399189796
0.099125,-0.1983641789313046
0.0991875,-0.2730748920152398
0.09925,-0.35691842292591386
0.0993125,-0.44506980456593864
0.099375,-0.5308096054821071
0.0994375,-0.6062081313046175
0.0995,-0.6629972609741499
0.0995625,-0.6935287915626526
0.099625,-0.6917065522111349
0.0996875,-0.6537812474790478
0.09975,-0.5789118439949457
0.0998125,-0.46942360646021375
0.099875,-0.3307275500968755
0.0999375,-0.17090504421670233
0.1,1.76448175979073e-14
0.1000625,0.17090504421668146
0.100125,0.33072755009695587
0.1001875,0.4694236064602394
0.10025,0.5789118439949646
0.1003125,0.6537812474790407
0.100375,0.6917065522111387
0.1004375,0.6935287915626493
0.1005,0.6629972609741407
0.1005625,0.6062081313046259
0.100625,0.5308096054820903
0.1006875,0.4450698045659206
0.10075,0.35691842292589604
0.1008125,0.2730748920152498
0.100875,0.1983641789312904
0.1009375,0.13529783399188627
0.101,0.0839653104250572
0.1010625,0.04224279908695057
0.101125,0.0062883515410103955
0.1011875,-0.028742517954699225
0.10125,-0.0678531461664865
0.1013125,-0.11534177370143478
0.101375,-0.1740275999660695
0.1014375,-0.2446662640665433
0.1015,-0.3256313448080057
0.1015625,-0.4129063632694713
0.101625,-0.5003941988502221
0.1016875,-0.5805122623134756
0.10175,-0.6450067982216602
0.1018125,-0.6858924844494279
0.101875,-0.6964073133880109
0.1019375,-0.6718695322276432
0.102,-0.6103336092428608
0.1020625,-0.5129646159356551
0.102125,-0.3840824598651593
0.1021875,-0.23086531826144752
0.10225,-0.06274095843048426
0.1023125,0.10946923493391628
0.102375,0.27456002261933343
0.1024375,0.4219945043886967
0.1025,0.542882454634497
0.1025625,0.6307770907310544
0.102625,0.682203641742388
0.1026875,0.6968641799073587
0.10275,0.6775006314975262
0.1028125,0.6294372932479252
0.102875,0.5598609158446987
0.1029375,0.47692616792459175
0.103,0.3887935829244617
0.1030625,0.3027136766641687
0.103125,0.2242640687119215
0.1031875,0.15682699743511053
0.10325,0.1013649263838882
0.1033125,0.05651554682914778
0.103375,0.01898872507397055
0.1034375,-0.015788564428668717
0.1035,-0.052863197478569365
0.1035625,-0.09688640123697731
0.103625,-0.15129472953361864
0.1036875,-0.2176463658822376
0.10375,-0.29519889336593996
0.1038125,-0.3807855429812418
0.103875,-0.4690108524103562
0.1039375,-0.5527479249937973
0.104,-0.6238826837698279
0.1040625,-0.6742200521865213
0.104125,-0.6964465008946704
0.1041875,-0.685035341957758
0.10425,-0.6369865221384943
0.1043125,-0.5523108723308988
0.104375,-0.4341976987187228
0.1044375,-0.28884087070980025
0.1045,-0.12493791757158483
0.1045625,0.04708553308952922
0.104625,0.21604180315094
0.1046875,0.3710314156563766
0.10475,0.5024614874805848
0.1048125,0.6029199010264755
0.104875,0.6678096396511422
0.1049375,0.6956754929081297
0.105,0.6881909602355893
0.1050625,0.6498124158377812
0.105125,0.5871458323135706
0.1051875,0.5081041082460891
0.10525,0.42095647034721906
0.1053125,0.33338279377477964
0.105375,0.25164370151537113
0.1054375,0.17996224141365993
0.1055,0.12018661936062772
0.1055625,0.07176904018829158
0.105625,0.032057280149155404
0.1056875,-0.00314223857147529
0.10575,-0.03880387821449956
0.1058125,-0.0798225332028285
0.105875,-0.13016351344144245
0.1059375,-0.1921311608790797
0.106,-0.2658504955197396
0.1060625,-0.34903050326213814
0.106125,-0.4370436634227888
0.1061875,-0.5233180116438056
0.10625,-0.6000000000000061
0.1063125,-0.6588131797419311
0.106375,-0.6920132593222721
0.1064375,-0.6933273140637028
0.1065,-0.6587653958112045
0.1065625,-0.587206497117118
0.106625,-0.48068618545899766
0.1066875,-0.34434727933227366
0.10675,-0.1860536992883428
0.1068125,-0.01570654220267354
0.106875,0.15566407789913148
0.1069375,0.31693186164950216
0.107,0.45791778956141627
0.1070625,0.5703289461891695
0.107125,0.6484895820411749
0.1071875,0.6897854034501324
0.10725,0.6947753127186896
0.1073125,0.6669632645000153
0.107375,0.6122620401252951
0.1074375,0.5382159734220732
0.1075,0.4530768593186016
0.1075625,0.36484326319829974
0.107625,0.28037637519967684
0.1076875,0.20469511518523184
0.10775,0.1405306664941945
0.1078125,0.08818870318174038
0.107875,0.04573008652490419
0.1079375,0.009442207762073405
0.108,-0.025461962705612698
0.1080625,-0.0640075195689614
0.108125,-0.11059090096873267
0.1081875,-0.16819339806014041
0.10825,-0.23777583076719783
0.1083125,-0.31793349168417956
0.108375,-0.4048590499260998
0.1084375,-0.49262385229069805
0.1085,-0.5737493903441102
0.1085625,-0.6400052215524276
0.108625,-0.6833415704019642
0.1086875,-0.6968475479315073
0.10875,-0.6756214998839933
0.1088125,-0.6174489900285165
0.108875,-0.5232053238889283
0.1089375,-0.3969308290891439
0.109,-0.24556466711922584
0.1090625,-0.07836235044470527
0.109125,0.09394125090826069
0.1091875,0.2601321131293194
0.10925,0.4095702234941872
0.1093125,0.533179305016811
0.109375,0.6242640687119344
0.1094375,0.6790659842458535
0.1095,0.6969988800347695
0.1095625,0.6805427342247522
0.109625,0.634813441678986
0.1096875,0.5668635072318394
0.10975,0.4847991618568378
0.1098125,0.3968197520551694
0.109875,0.31029304738707353
0.1099375,0.23097446658477278
0.11,0.16245984811645228
0.1100625,0.10593249943842231
0.110125,0.06022930462773009
0.1101875,0.02221193837532004
0.11025,-0.012607665004729002
0.1103125,-0.04926911836562664
0.110375,-0.09249500889658163
0.1104375,-0.14586276566208278
0.1105,-0.21112291787156537
0.1105625,-0.28775205795685377
0.110625,-0.37280051563802646
0.1106875,-0.4610591333085754
0.11075,-0.5455308433557261
0.1108125,-0.618155587640878
0.110875,-0.6707059154762625
0.1109375,-0.6957490757440823
0.111,-0.6875621657944085
0.1110625,-0.642891049907786
0.111125,-0.5614608644175096
0.1111875,-0.44617400341124125
0.11125,-0.3029672470834309
0.1113125,-0.1403389603704003
0.111375,0.03140455935275055
0.1114375,0.20110195534083494
0.1115,0.35778415279653253
0.1115625,0.4917004436672441
0.111625,0.5952100594570955
0.1116875,0.6634415967907406
0.11175,0.6946495931267206
0.1118125,0.6902326260271214
0.111875,0.6544164032320651
0.1119375,0.5936438276733775
0.112,0.5157474399002779
0.1120625,0.42900404543318216
0.112125,0.34118388019357804
0.1121875,0.25870591124099546
0.11225,0.18599694370347375
0.1123125,0.12512679565864884
0.112375,0.07575795419742715
0.1124375,0.03540987611858812
0.1125,-2.5489984880089408e-15
0.1125625,-0.03540987611858139
0.112625,-0.07575795419743372
0.1126875,-0.12512679565865692
0.11275,-0.1859969437034836
0.1128125,-0.25870591124098125
0.112875,-0.3411838801935906
0.1129375,-0.42900404543319526
0.113,-0.5157474399002903
0.1130625,-0.5936438276733647
0.113125,-0.6544164032320724
0.1131875,-0.6902326260271245
0.11325,-0.6946495931267187
0.1133125,-0.6634415967907497
0.113375,-0.5952100594570828
0.1134375,-0.49170044366722643
0.1135,-0.3577841527965109
0.1135625,-0.20110195534086486
0.113625,-0.031404559352725084
0.1136875,0.14033896037036964
0.11375,0.3029672470834537
0.1138125,0.44617400341126046
0.113875,0.5614608644175244
0.1139375,0.6428910499077746
0.114,0.6875621657944124
0.1140625,0.695749075744081
0.114125,0.6707059154762566
0.1141875,0.6181555876408896
0.11425,0.5455308433557143
0.1143125,0.4610591333085624
0.114375,0.3728005156380136
0.1144375,0.28775205795686865
0.1145,0.2111229178715549
0.1145625,0.14586276566207407
0.114625,0.09249500889657458
0.1146875,0.04926911836563376
0.11475,0.012607665004723864
0.1148125,-0.022211938375313586
0.114875,-0.0602293046277497
0.1149375,-0.1059324994384131
0.115,-0.16245984811646147
0.1150625,-0.23097446658475934
0.115125,-0.31029304738708585
0.1151875,-0.39681975205518233
0.11525,-0.4847991618568505
0.1153125,-0.5668635072318257
0.115375,-0.6348134416789945
0.1154375,-0.680542734224757
0.1155,-0.6969988800347695
0.1155625,-0.6790659842458601
0.115625,-0.6242640687119236
0.1156875,-0.533179305016795
0.11575,-0.4095702234941669
0.1158125,-0.26013211312929585
0.115875,-0.09394125090823545
0.1159375,0.07836235044473058
0.116,0.24556466711930253
0.1160625,0.39693082908916455
0.116125,0.5232053238889447
0.1161875,0.6174489900285278
0.11625,0.6756214998839991
0.1163125,0.6968475479315077
0.116375,0.6833415704019598
0.1164375,0.6400052215524193
0.1165,0.5737493903440991
0.1165625,0.49262385229068545
0.116625,0.4048590499260867
0.1166875,0.31793349168416707
0.11675,0.2377758307671868
0.1168125,0.16819339806013106
0.116875,0.11059090096872506
0.1169375,0.06400751956895522
0.117,0.02546196270560741
0.1170625,-0.009442207762078533
0.117125,-0.04573008652492261
0.1171875,-0.08818870318174726
0.11725,-0.14053066649418394
0.1173125,-0.20469511518524222
0.117375,-0.2803763751996887
0.1174375,-0.3648432631983126
0.1175,-0.45307685931858555
0.1175625,-0.5382159734220852
0.117625,-0.6122620401253048
0.1176875,-0.6669632645000215
0.11775,-0.6947753127186873
0.1178125,-0.6897854034501291
0.117875,-0.648489582041166
0.1179375,-0.5703289461891553
0.118,-0.45791778956143947
0.1180625,-0.3169318616494796
0.118125,-0.155664077899162
0.1181875,0.015706542202755854
0.11825,0.18605369928836735
0.1183125,0.3443472793322956
0.118375,0.48068618545897546
0.1184375,0.5872064971171314
0.1185,0.6587653958112123
0.1185625,0.6933273140637053
0.118625,0.6920132593222754
0.1186875,0.6588131797419241
0.11875,0.5999999999999959
0.1188125,0.5233180116437935
0.118875,0.43704366342280476
0.1189375,0.3490305032621254
0.119,0.265850495519728
0.1190625,0.19213116087906967
0.119125,0.13016351344145263
0.1191875,0.07982253320282184
0.11925,0.038803878214506385
0.1193125,0.0031422385714588155
0.119375,-0.032057280149148756
0.1194375,-0.07176904018829804
0.1195,-0.12018661936061795
0.1195625,-0.1799622414136696
0.119625,-0.25164370151538257
0.1196875,-0.3333827937747923
0.11975,-0.42095647034720296
0.1198125,-0.5081041082461014
0.119875,-0.5871458323135813
0.1199375,-0.6498124158377888
0.12,-0.6881909602355849
0.1200625,-0.6956754929081282
0.120125,-0.6678096396511353
0.1201875,-0.6029199010264633
0.12025,-0.5024614874806062
0.1203125,-0.3710314156563552
0.120375,-0.21604180315096969
0.1204375,-0.047085533089447094
0.1205,0.12493791757155401
0.1205625,0.28884087070982334
0.120625,0.4341976987186987
0.1206875,0.552310872330914
0.12075,0.636986522138504
0.1208125,0.6850353419577624
0.120875,0.6964465008946716
0.1209375,0.6742200521865156
0.121,0.6238826837698187
0.1210625,0.5527479249937857
0.121125,0.4690108524103721
0.1211875,0.3807855429812289
0.12125,0.2951988933659278
0.1213125,0.2176463658822269
0.121375,0.15129472953362957
0.1214375,0.0968864012369701
0.1215,0.05286319747856347
0.1215625,0.015788564428652
0.121625,-0.018988725073964145
0.1216875,-0.056515546829153746
0.12175,-0.1013649263838792
0.1218125,-0.15682699743511963
0.121875,-0.22426406871193233
0.1219375,-0.3027136766641809
0.122,-0.3887935829244457
0.1220625,-0.4769261679246045
0.122125,-0.5598609158447102
0.1221875,-0.629437293247934
0.12225,-0.6775006314975198
0.1223125,-0.6968641799073592
0.122375,-0.6822036417423831
0.1224375,-0.630777090731044
0.1225,-0.5428824546345161
0.1225625,-0.4219945043886767
0.122625,-0.2745600226193102
0.1226875,-0.10946923493389113
0.12275,0.06274095843045303
0.1228125,0.23086531826147147
0.122875,0.38408245986513345
0.1229375,0.512964615935672
0.123,0.6103336092428726
0.1230625,0.6718695322276496
0.123125,0.6964073133880097
0.1231875,0.685892484449424
0.12325,0.6450067982216521
0.1233125,0.5805122623134648
0.123375,0.5003941988502375
0.1234375,0.4129063632694582
0.1235,0.32563134480799316
0.1235625,0.244666264066532
0.123625,0.17402759996605988
0.1236875,0.11534177370142704
0.12375,0.06785314616646612
0.1238125,0.02874251795469389
0.123875,-0.0062883515410155025
0.1239375,-0.04224279908695619
0.124,-0.08396531042506397
0.1240625,-0.13529783399189463
0.124125,-0.1983641789313006
0.1241875,-0.2730748920152616
0.12425,-0.356918422925909
0.1243125,-0.4450698045659337
0.124375,-0.5308096054821023
0.1244375,-0.6062081313046357
0.1245,-0.6629972609741474
0.1245625,-0.6935287915626518
0.124625,-0.691706552211136
0.1246875,-0.6537812474790323
0.12475,-0.578911843994951
0.1248125,-0.46942360646022097
0.124875,-0.33072755009688404
0.1249375,-0.1709050442166568
0.125,7.84516728218212e-15
0.1250625,0.17090504421667196
0.125125,0.3307275500968977
0.1251875,0.4694236064602735
0.12525,0.5789118439949594
0.1253125,0.6537812474790374
0.125375,0.6917065522111376
0.1254375,0.6935287915626503
0.1255,0.6629972609741432
0.1255625,0.6062081313046297
0.125625,0.5308096054820949
0.1256875,0.4450698045659257
0.12575,0.3569184229259009
0.1258125,0.2730748920152543
0.125875,0.19836417893131705
0.1259375,0.1352978339918895
0.126,0.08396531042505978
0.1260625,0.042242799086952734
0.126125,0.006288351541023756
0.1261875,-0.028742517954709113
0.12625,-0.06785314616647001
0.1263125,-0.11534177370143184
0.126375,-0.1740275999660445
0.1264375,-0.24466626406656405
0.1265,-0.3256313448080008
0.1265625,-0.4129063632694663
0.126625,-0.5003941988502172
0.1266875,-0.5805122623134957
0.12675,-0.6450067982216571
0.1268125,-0.6858924844494264
0.126875,-0.6964073133880112
0.1269375,-0.6718695322276316
0.127,-0.6103336092428653
0.1270625,-0.5129646159356616
0.127125,-0.3840824598651674
0.1271875,-0.2308653182614033
0.12725,-0.06274095843043742
0.1273125,0.10946923493390662
0.127375,0.27456002261932444
0.1274375,0.42199450438873354
0.1275,0.5428824546345257
0.1275625,0.6307770907310504
0.127625,0.682203641742386
0.1276875,0.6968641799073588
0.12775,0.6775006314975166
0.1278125,0.6294372932479285
0.127875,0.5598609158447031
0.1279375,0.47692616792459663
0.128,0.38879358292443766
0.1280625,0.30271367666417337
0.128125,0.22426406871194976
0.1281875,0.15682699743511402
0.12825,0.10136492638387465
0.1283125,0.05651554682915007
0.128375,0.018988725073972555
0.1284375,-0.015788564428666725
0.1285,-0.0528631974785671
0.1285625,-0.09688640123697453
0.128625,-0.1512947295336152
0.1286875,-0.21764636588225733
0.12875,-0.2951988933659353
0.1288125,-0.38078554298123685
0.128875,-0.46901085241035134
0.1289375,-0.5527479249938188
0.129,-0.6238826837698244
0.1290625,-0.6742200521865191
0.129125,-0.6964465008946701
0.1291875,-0.68503534195775
0.12925,-0.636986522138498
0.1293125,-0.5523108723309047
0.129375,-0.4341976987187303
0.1294375,-0.2888408707097577
0.1295,-0.12493791757153859
0.1295625,0.04708553308946275
0.129625,0.2160418031509307
0.1296875,0.37103141565641595
0.12975,0.5024614874806167
0.1298125,0.6029199010264709
0.129875,0.6678096396511396
0.1299375,0.695675492908129
0.13,0.6881909602355828
0.1300625,0.6498124158377842
0.130125,0.5871458323135748
0.1301875,0.5081041082460939
0.13025,0.4209564703471949
0.1303125,0.3333827937747845
0.130375,0.2516437015153755
0.1304375,0.17996224141366363
0.1305,0.12018661936061303
0.1305625,0.07176904018829405
0.130625,0.0320572801491575
0.1306875,-0.003142238571473331
0.13075,-0.0388038782145098
0.1308125,-0.07982253320282595
0.130875,-0.13016351344143928
0.1309375,-0.19213116087909818
0.131,-0.26585049551973516
0.1310625,-0.34903050326213325
0.131125,-0.4370436634227838
0.1311875,-0.5233180116438283
0.13125,-0.6000000000000021
0.1313125,-0.6588131797419284
0.131375,-0.6920132593222711
0.1314375,-0.6933273140636985
0.1315,-0.6587653958112075
0.1315625,-0.5872064971171232
0.131625,-0.48068618545900466
0.1316875,-0.34434727933223314
0.13175,-0.18605369928835225
0.1318125,-0.01570654220274017
0.131875,0.15566407789912196
0.1319375,0.31693186164954373
0.132,0.4579177895614511
0.1320625,0.5703289461891641
0.132125,0.6484895820411714
0.1321875,0.6897854034501385
0.13225,0.6947753127186863
0.1323125,0.6669632645000176
0.132375,0.6122620401252988
0.1324375,0.5382159734220778
0.1325,0.4530768593185777
0.1325625,0.3648432631983046
0.132625,0.2803763751996815
0.1326875,0.2046951151852358
0.13275,0.14053066649417867
0.1328125,0.08818870318174302
0.132875,0.045730086524919056
0.1329375,0.009442207762086808
0.133,-0.025461962705622496
0.1330625,-0.064007519568959
0.133125,-0.11059090096872976
0.1331875,-0.16819339806013683
0.13325,-0.2377758307671936
0.1333125,-0.31793349168417473
0.133375,-0.4048590499260947
0.1334375,-0.49262385229069316
0.1335,-0.573749390344106
0.1335625,-0.6400052215524243
0.133625,-0.6833415704019624
0.1336875,-0.6968475479315074
0.13375,-0.6756214998839956
0.1338125,-0.6174489900285208
0.133875,-0.5232053238889346
0.1339375,-0.39693082908919797
0.134,-0.24556466711923497
0.1340625,-0.07836235044471501
0.134125,0.09394125090825098
0.1341875,0.2601321131292578
0.13425,0.4095702234942247
0.1343125,0.533179305016805
0.134375,0.6242640687119303
0.1344375,0.6790659842458514
0.1345,0.6969988800347695
0.1345625,0.680542734224754
0.134625,0.6348134416789892
0.1346875,0.5668635072318439
0.13475,0.4847991618568143
0.1348125,0.3968197520551743
0.134875,0.3102930473870783
0.1349375,0.23097446658477697
0.135,0.1624598481164353
0.1350625,0.10593249943840849
0.135125,0.06022930462774598
0.1351875,0.022211938375322073
0.13525,-0.012607665004738505
0.1353125,-0.04926911836563733
0.135375,-0.09249500889657894
0.1354375,-0.1458627656620794
0.1355,-0.21112291787156134
0.1355625,-0.28775205795687603
0.135625,-0.3728005156380215
0.1356875,-0.46105913330857035
0.13575,-0.5455308433557216
0.1358125,-0.6181555876408953
0.135875,-0.6707059154762601
0.1359375,-0.6957490757440817
0.136,-0.68756216579441
0.1360625,-0.6428910499077689
0.136125,-0.5614608644175153
0.1361875,-0.44617400341129154
0.13625,-0.30296724708343964
0.1363125,-0.1403389603703543
0.136375,0.031404559352740766
0.1364375,0.2011019553408256
0.1365,0.35778415279657244
0.1365625,0.4917004436672373
0.136625,0.5952100594570906
0.1366875,0.6634415967907378
0.13675,0.6946495931267241
0.1368125,0.6902326260271225
0.136875,0.654416403232068
0.1369375,0.5936438276733815
0.137,0.5157474399002551
0.1370625,0.42900404543318726
0.137125,0.3411838801935828
0.1371875,0.25870591124099984
0.13725,0.1859969437034555
0.1373125,0.1251267956586519
0.137375,0.07575795419742973
0.1374375,0.035409876118590214
0.1375,-1.1957752197025503e-14
0.1375625,-0.03540987611859148
0.137625,-0.0757579541974312
0.1376875,-0.1251267956586538
0.13775,-0.18599694370350184
0.1378125,-0.25870591124100256
0.137875,-0.3411838801935857
0.1379375,-0.42900404543319026
0.138,-0.5157474399002855
0.1380625,-0.5936438276733839
0.138125,-0.6544164032320696
0.1381875,-0.6902326260271233
0.13825,-0.6946495931267194
0.1383125,-0.6634415967907361
0.138375,-0.5952100594570877
0.1384375,-0.4917004436672726
0.1385,-0.3577841527965192
0.1385625,-0.20110195534081995
0.138625,-0.03140455935273488
0.1386875,0.1403389603703601
0.13875,0.30296724708349576
0.1388125,0.4461740034112531
0.138875,0.5614608644175187
0.1389375,0.6428910499077711
0.139,0.6875621657944195
0.1390625,0.6957490757440814
0.139125,0.6707059154762588
0.1391875,0.6181555876408932
0.13925,0.5455308433556926
0.1393125,0.4610591333085673
0.139375,0.3728005156380185
0.1394375,0.2877520579568732
0.1395,0.21112291787153548
0.1395625,0.1458627656620774
0.139625,0.09249500889657727
0.1396875,0.04926911836563598
0.13975,0.012607665004714361
0.1398125,-0.022211938375323287
0.139875,-0.06022930462773379
0.1399375,-0.10593249943841027
0.14,-0.1624598481164785
0.1400625,-0.23097446658477952
0.140125,-0.31029304738708113
0.1401875,-0.3968197520551773
0.14025,-0.48479916185684563
0.1403125,-0.5668635072318465
0.140375,-0.6348134416789912
0.1404375,-0.6805427342247552
0.1405,-0.6969988800347695
0.1405625,-0.6790659842458502
0.140625,-0.6242640687119279
0.1406875,-0.5331793050168012
0.14075,-0.40957022349422006
0.1408125,-0.2601321131292524
0.140875,-0.09394125090824515
0.1409375,0.07836235044472084
0.141,0.24556466711924044
0.1410625,0.39693082908920274
0.141125,0.5232053238889384
0.1411875,0.6174489900285234
0.14125,0.6756214998839969
0.1413125,0.6968475479315075
0.141375,0.6833415704019614
0.1414375,0.6400052215524226
0.1415,0.5737493903441034
0.1415625,0.4926238522906903
0.141625,0.4048590499260917
0.1416875,0.31793349168417195
0.14175,0.23777583076721578
0.1418125,0.1681933980601346
0.141875,0.11059090096872798
0.1419375,0.0640075195689576
0.142,0.025461962705621267
0.1420625,-0.009442207762087991
0.142125,-0.04573008652490769
0.1421875,-0.08818870318174465
0.14225,-0.14053066649418067
0.1423125,-0.20469511518526132
0.142375,-0.28037637519968417
0.1424375,-0.3648432631983076
0.1425,-0.4530768593185806
0.1425625,-0.5382159734221073
0.142625,-0.612262040125301
0.1426875,-0.6669632645000192
0.14275,-0.6947753127186866
0.1428125,-0.6897854034501228
0.142875,-0.6484895820411695
0.1429375,-0.5703289461891607
0.143,-0.4579177895614468
0.1430625,-0.3169318616494381
0.143125,-0.15566407789911624
0.1431875,0.01570654220268923
0.14325,0.1860536992883579
0.1433125,0.3443472793323361
0.143375,0.4806861854590089
0.1434375,0.5872064971171262
0.1435,0.6587653958112094
0.1435625,0.6933273140637044
0.143625,0.6920132593222705
0.1436875,0.6588131797419269
0.14375,0.5999999999999998
0.1438125,0.5233180116437982
0.143875,0.4370436634227809
0.1439375,0.3490305032621303
0.144,0.26585049551973244
0.1440625,0.1921311608790736
0.144125,0.1301635134414374
0.1441875,0.07982253320282442
0.14425,0.038803878214508494
0.1443125,0.003142238571460775
0.144375,-0.032057280149158734
0.1444375,-0.07176904018829555
0.1445,-0.12018661936061487
0.1445625,-0.17996224141368758
0.144625,-0.2516437015153782
0.1446875,-0.3333827937747874
0.14475,-0.42095647034719796
0.1448125,-0.5081041082461244
0.144875,-0.5871458323135772
0.1449375,-0.6498124158377858
0.145,-0.6881909602355837
0.1450625,-0.6956754929081256
0.145125,-0.667809639651138
0.1451875,-0.602919901026468
0.14525,-0.5024614874806127
0.1453125,-0.37103141565631587
0.145375,-0.21604180315092514
0.1454375,-0.047085533089513576
0.1455,0.12493791757154438
0.1455625,0.28884087070986586
0.145625,0.43419769871873487
0.1456875,0.552310872330908
0.14575,0.6369865221385003
0.1458125,0.6850353419577607
0.145875,0.69644650089467
0.1459375,0.6742200521865178
0.146,0.6238826837698223
0.1460625,0.5527479249937901
0.146125,0.46901085241034834
0.1461875,0.38078554298123385
0.14625,0.2951988933659325
0.1463125,0.21764636588223107
0.146375,0.15129472953361311
0.1464375,0.09688640123697284
0.1465,0.05286319747857886
0.1465625,0.015788564428653992
0.146625,-0.018988725073973763
0.1466875,-0.05651554682915144
0.14675,-0.1013649263838764
0.1468125,-0.15682699743513628
0.146875,-0.22426406871192817
0.1469375,-0.3027136766641762
0.147,-0.38879358292444066
0.1470625,-0.47692616792462816
0.147125,-0.5598609158447058
0.1471875,-0.6294372932479306
0.14725,-0.6775006314975179
0.1473125,-0.69686417990736
0.147375,-0.682203641742385
0.1474375,-0.630777090731048
0.1475,-0.5428824546345221
0.1475625,-0.42199450438863984
0.147625,-0.2745600226193191
0.1476875,-0.1094692349339008
0.14775,0.06274095843044328
0.1478125,0.23086531826151568
0.147875,0.3840824598651722
0.1479375,0.5129646159356656
0.148,0.610333609242868
0.1480625,0.6718695322276613
0.148125,0.6964073133880114
0.1481875,0.6858924844494254
0.14825,0.6450067982216552
0.1483125,0.580512262313469
0.148375,0.5003941988502144
0.1484375,0.4129063632694633
0.1485,0.32563134480799805
0.1485625,0.24466626406656145
0.148625,0.17402759996604225
0.1486875,0.11534177370143
0.14875,0.06785314616648262
0.1488125,0.028742517954707877
0.148875,-0.006288351541024941
0.1489375,-0.04224279908695404
0.149,-0.08396531042506136
0.1490625,-0.1352978339918914
0.149125,-0.19836417893129668
0.1491875,-0.273074892015257
0.14925,-0.356918422925904
0.1493125,-0.4450698045659287
0.149375,-0.5308096054820977
0.1494375,-0.6062081313046319
0.1495,-0.6629972609741448
0.1495625,-0.6935287915626508
0.149625,-0.6917065522111371
0.1496875,-0.6537812474790355
0.14975,-0.5789118439949562
0.1498125,-0.4694236064602692
0.149875,-0.3307275500968926
0.1499375,-0.1709050442166663
0.15,-1.9544830335430583e-15
0.1500625,0.1709050442166625
0.150125,0.3307275500969388
0.1501875,0.4694236064602252
0.15025,0.5789118439949541
0.1503125,0.6537812474790343
0.150375,0.6917065522111431
0.1504375,0.6935287915626511
0.1505,0.6629972609741458
0.1505625,0.6062081313046335
0.150625,0.5308096054820726
0.1506875,0.4450698045659307
0.15075,0.3569184229259059
0.1508125,0.2730748920152588
0.150875,0.19836417893127556
0.1509375,0.1352978339918927
0.151,0.08396531042506239
0.1510625,0.0422427990869549
0.151125,0.0062883515410029275
0.1511875,-0.028742517954707045
0.15125,-0.0678531461664676
0.1513125,-0.11534177370142881
0.151375,-0.17402759996608347
0.1514375,-0.24466626406655978
0.1515,-0.32563134480799605
0.1515625,-0.4129063632694612
0.151625,-0.5003941988502405
0.1516875,-0.5805122623134915
0.15175,-0.645006798221654
0.1518125,-0.6858924844494247
0.151875,-0.6964073133880094
0.1519375,-0.671869532227634
0.152,-0.6103336092428698
0.1520625,-0.5129646159357056
0.152125,-0.38408245986512857
0.1521875,-0.2308653182614125
0.15225,-0.06274095843044716
0.1523125,0.10946923493389694
0.152375,0.2745600226193675
0.1524375,0.4219945043886813
0.1525,0.5428824546345197
0.1525625,0.6307770907310464
0.152625,0.682203641742395
0.1526875,0.6968641799073592
0.15275,0.6775006314975186
0.1528125,0.6294372932479319
0.152875,0.559860915844682
0.1529375,0.4769261679246016
0.153,0.38879358292444266
0.1530625,0.3027136766641781
0.153125,0.22426406871190574
0.1531875,0.15682699743511747
0.15325,0.10136492638387751
0.1533125,0.05651554682915236
0.153375,0.01898872507395131
0.1534375,-0.015788564428664734
0.1535,-0.052863197478564855
0.1535625,-0.09688640123697176
0.153625,-0.15129472953365147
0.1536875,-0.21764636588225317
0.15375,-0.29519889336593064
0.1538125,-0.3807855429812318
0.153875,-0.4690108524103751
0.1539375,-0.5527479249938142
0.154,-0.6238826837698209
0.1540625,-0.6742200521865169
0.154125,-0.6964465008946719
0.1541875,-0.6850353419577516
0.15425,-0.6369865221385018
0.1543125,-0.552310872330944
0.154375,-0.4341976987186941
0.1544375,-0.2888408707097666
0.1545,-0.12493791757154821
0.1545625,0.04708553308945297
0.154625,0.21604180315097526
0.1546875,0.3710314156564078
0.15475,0.5024614874806101
0.1548125,0.6029199010264661
0.154875,0.6678096396511523
0.1549375,0.6956754929081286
0.155,0.6881909602355841
0.1550625,0.649812415837787
0.155125,0.5871458323135551
0.1551875,0.5081041082460986
0.15525,0.42095647034719996
0.1553125,0.3333827937747893
0.155375,0.25164370151535453
0.1554375,0.17996224141366737
0.1555,0.12018661936061611
0.1555625,0.0717690401882965
0.155625,0.03205728014913545
0.1556875,-0.0031422385714713705
0.15575,-0.03880387821449528
0.1558125,-0.0798225332028234
0.155875,-0.13016351344147298
0.1559375,-0.19213116087909435
0.156,-0.2658504955197307
0.1560625,-0.34903050326212837
0.156125,-0.43704366342280787
0.1561875,-0.5233180116438236
0.15625,-0.5999999999999982
0.1563125,-0.6588131797419258
0.156375,-0.6920132593222701
0.1564375,-0.6933273140636994
0.1565,-0.6587653958112105
0.1565625,-0.5872064971171282
0.156625,-0.48068618545901165
0.1566875,-0.34434727933224163
0.15675,-0.18605369928836168
0.1568125,-0.015706542202749963
0.156875,0.1556640778991124
0.1569375,0.3169318616495351
0.157,0.45791778956144386
0.1570625,0.5703289461891586
0.157125,0.648489582041168
0.1571875,0.6897854034501297
0.15725,0.6947753127186869
0.1573125,0.6669632645000202
0.157375,0.6122620401253025
0.1574375,0.5382159734220824
0.1575,0.45307685931858266
0.1575625,0.3648432631983096
0.157625,0.28037637519971254
0.1576875,0.2046951151852399
0.15775,0.14053066649418194
0.1578125,0.08818870318174571
0.157875,0.04573008652492126
0.1579375,0.009442207762077347
0.158,-0.025461962705608625
0.1580625,-0.06400751956895667
0.158125,-0.11059090096872684
0.1581875,-0.16819339806015415
0.15825,-0.23777583076718936
0.1583125,-0.31793349168416996
0.158375,-0.4048590499260897
0.1584375,-0.4926238522907166
0.1585,-0.5737493903441018
0.1585625,-0.6400052215524212
0.158625,-0.6833415704019608
0.1586875,-0.6968475479315065
0.15875,-0.6756214998839978
0.1588125,-0.6174489900285252
0.158875,-0.5232053238889409
0.1589375,-0.39693082908911365
0.159,-0.24556466711924407
0.1590625,-0.0783623504447812
0.159125,0.09394125090824129
0.1591875,0.2601321131293537
0.15925,0.40957022349421696
0.1593125,0.5331793050167988
0.159375,0.6242640687119261
0.1594375,0.6790659842458613
0.1595,0.6969988800347696
0.1595625,0.6805427342247559
0.159625,0.6348134416789925
0.1596875,0.5668635072318231
0.15975,0.48479916185681915
0.1598125,0.39681975205517933
0.159875,0.31029304738708297
0.1599375,0.2309744665847567
0.16,0.1624598481164388
0.1600625,0.10593249943841135
0.160125,0.06022930462774828
0.1601875,0.02221193837531238
0.16025,-0.012607665004736535
0.1603125,-0.049269118365635106
0.160375,-0.09249500889657619
0.1604375,-0.1458627656620955
0.1605,-0.21112291787155724
0.1605625,-0.2877520579568714
0.160625,-0.3728005156380165
0.1606875,-0.46105913330859416
0.16075,-0.5455308433557171
0.1608125,-0.6181555876408917
0.160875,-0.6707059154762578
0.1609375,-0.6957490757440843
0.161,-0.6875621657944115
0.1610625,-0.6428910499077725
0.161125,-0.561460864417521
0.1611875,-0.4461740034112131
0.16125,-0.30296724708344847
0.1613125,-0.14033896037041949
0.161375,0.031404559352730975
0.1614375,0.20110195534092476
0.1615,0.35778415279656417
0.1615625,0.49170044366723054
0.161625,0.5952100594570857
0.1616875,0.6634415967907676
0.16175,0.6946495931267234
0.1618125,0.6902326260271239
0.161875,0.6544164032320707
0.1619375,0.5936438276733622
0.162,0.5157474399002598
0.1620625,0.42900404543319226
0.162125,0.3411838801935877
0.1621875,0.2587059112409786
0.16225,0.18599694370345932
0.1623125,0.12512679565865506
0.162375,0.0757579541974468
0.1624375,0.035409876118580125
0.1625,-9.99782213388047e-15
0.1625625,-0.035409876118589395
0.162625,-0.07575795419742867
0.1626875,-0.12512679565866877
0.16275,-0.18599694370347603
0.1628125,-0.2587059112409981
0.162875,-0.3411838801935808
0.1629375,-0.42900404543321435
0.163,-0.5157474399002808
0.1630625,-0.5936438276733799
0.163125,-0.6544164032320668
0.1631875,-0.6902326260271291
0.16325,-0.6946495931267201
0.1633125,-0.6634415967907389
0.163375,-0.5952100594570926
0.1634375,-0.4917004436672006
0.1635,-0.3577841527965275
0.1635625,-0.2011019553408293
0.163625,-0.031404559352744665
0.1636875,0.14033896037046167
0.16375,0.302967247083487
0.1638125,0.4461740034112457
0.163875,0.5614608644175131
0.1639375,0.6428910499078091
0.164,0.6875621657944181
0.1640625,0.695749075744082
0.164125,0.6707059154762609
0.1641875,0.6181555876408968
0.16425,0.545530843355697
0.1643125,0.4610591333085723
0.164375,0.3728005156380235
0.1644375,0.28775205795687786
0.1645,0.21112291787153953
0.1645625,0.14586276566208073
0.164625,0.0924950088965957
0.1646875,0.049269118365638215
0.16475,0.012607665004716339
0.1648125,-0.022211938375321268
0.164875,-0.060229304627731475
0.1649375,-0.10593249943840735
0.165,-0.16245984811645445
0.1650625,-0.23097446658477533
0.165125,-0.31029304738707636
0.1651875,-0.3968197520551724
0.16525,-0.48479916185684074
0.1653125,-0.5668635072318421
0.165375,-0.634813441678988
0.1654375,-0.6805427342247533
0.1655,-0.6969988800347695
0.1655625,-0.6790659842458522
0.165625,-0.624264068711932
0.1656875,-0.533179305016843
0.16575,-0.40957022349418254
0.1658125,-0.26013211312926143
0.165875,-0.09394125090825486
0.1659375,0.07836235044471113
0.166,0.2455646671192843
0.1660625,0.3969308290891486
0.166125,0.523205323888932
0.1661875,0.6174489900285192
0.16625,0.6756214998840077
0.1663125,0.6968475479315074
0.166375,0.6833415704019631
0.1664375,0.6400052215524257
0.1665,0.573749390344083
0.1665625,0.49262385229069505
0.166625,0.40485904992609667
0.1666875,0.31793349168417673
0.16675,0.23777583076717057
0.1668125,0.16819339806013822
0.166875,0.11059090096873095
0.1669375,0.06400751956896
0.167,0.02546196270559968
0.1670625,-0.009442207762086024
0.167125,-0.0457300865249055
0.1671875,-0.08818870318174196
0.16725,-0.1405306664942156
0.1673125,-0.20469511518525735
0.167375,-0.2803763751996796
0.1674375,-0.3648432631983026
0.1675,-0.4530768593186046
0.1675625,-0.5382159734221026
0.167625,-0.6122620401252974
0.1676875,-0.6669632645000168
0.16775,-0.6947753127186901
0.1678125,-0.6897854034501241
0.167875,-0.6484895820411729
0.1679375,-0.5703289461891978
0.168,-0.45791778956141194
0.1680625,-0.3169318616494467
0.168125,-0.15566407789912576
0.1681875,0.015706542202679433
0.16825,0.18605369928840315
0.1683125,0.3443472793322787
0.168375,0.48068618545900194
0.1684375,0.5872064971171211
0.1685,0.6587653958112238
0.1685625,0.6933273140637035
0.168625,0.6920132593222715
0.1686875,0.6588131797419294
0.16875,0.599999999999981
0.1688125,0.5233180116438029
0.168875,0.4370436634227859
0.1689375,0.3490305032621353
0.169,0.26585049551971096
0.1690625,0.1921311608790774
0.169125,0.13016351344144053
0.1691875,0.07982253320282698
0.16925,0.038803878214485915
0.1693125,0.003142238571462735
0.169375,-0.0320572801491446
0.1694375,-0.07176904018829308
0.1695,-0.12018661936064723
0.1695625,-0.1799622414136838
0.169625,-0.25164370151537374
0.1696875,-0.3333827937747825
0.16975,-0.42095647034722217
0.1698125,-0.5081041082461196
0.169875,-0.5871458323135731
0.1699375,-0.6498124158377829
0.17,-0.6881909602355901
0.1700625,-0.6956754929081261
0.170125,-0.6678096396511406
0.1701875,-0.6029199010264727
0.17025,-0.5024614874805808
0.1703125,-0.3710314156563241
0.170375,-0.21604180315093438
0.1704375,-0.047085533089523346
0.1705,0.12493791757159062
0.1705625,0.288840870709857
0.170625,0.4341976987187274
0.1706875,0.5523108723309023
0.17075,0.6369865221385184
0.1708125,0.685035341957759
0.170875,0.6964465008946703
0.1709375,0.67422005218652
0.171,0.6238826837698054
0.1710625,0.5527479249937945
0.171125,0.46901085241035323
0.1711875,0.3807855429812388
0.17125,0.2951988933659101
0.1713125,0.21764636588223513
0.171375,0.15129472953361656
0.1714375,0.09688640123697562
0.1715,0.052863197478554905
0.1715625,0.015788564428655984
0.171625,-0.018988725073960135
0.1716875,-0.05651554682914915
0.17175,-0.10136492638390629
0.1718125,-0.15682699743513284
0.171875,-0.22426406871192406
0.1719375,-0.3027136766641715
0.172,-0.3887935829244357
0.1720625,-0.4769261679246232
0.172125,-0.5598609158447013
0.1721875,-0.6294372932479272
0.17225,-0.6775006314975159
0.1723125,-0.6968641799073598
0.172375,-0.6822036417423868
0.1724375,-0.6307770907310519
0.1725,-0.5428824546345281
0.1725625,-0.4219945043886475
0.172625,-0.2745600226193281
0.1726875,-0.10946923493396657
0.17275,0.06274095843043352
0.1728125,0.23086531826150647
0.172875,0.38408245986516415
0.1729375,0.512964615935659
0.173,0.6103336092428635
0.1730625,0.6718695322276448
0.173125,0.6964073133880111
0.1731875,0.685892484449427
0.17325,0.6450067982216582
0.1733125,0.5805122623134732
0.173375,0.5003941988502192
0.1734375,0.4129063632694683
0.1735,0.3256313448080028
0.1735625,0.24466626406654068
0.173625,0.17402759996604594
0.1736875,0.115341773701433
0.17375,0.06785314616648502
0.1738125,0.028742517954697996
0.173875,-0.0062883515410229705
0.1739375,-0.04224279908695186
0.174,-0.08396531042505873
0.1740625,-0.13529783399190698
0.174125,-0.1983641789312928
0.1741875,-0.2730748920152525
0.17425,-0.35691842292589915
0.1743125,-0.4450698045659527
0.174375,-0.530809605482093
0.1744375,-0.6062081313046281
0.1745,-0.6629972609741422
0.1745625,-0.6935287915626549
0.174625,-0.6917065522111382
0.1746875,-0.6537812474790388
0.17475,-0.5789118439949614
0.1748125,-0.46942360646019393
0.174875,-0.3307275500969012
0.1749375,-0.17090504421673075
0.175,-1.1754133349268238e-14
0.1750625,0.170905044216763
0.175125,0.3307275500969303
0.1751875,0.4694236064602181
0.17525,0.5789118439949489
0.1753125,0.6537812474790496
0.175375,0.691706552211142
0.1754375,0.693528791562652
0.1755,0.6629972609741484
0.1755625,0.6062081313046151
0.175625,0.5308096054820772
0.1756875,0.4450698045659357
0.17575,0.3569184229259109
0.1758125,0.27307489201523705
0.175875,0.19836417893127947
0.1759375,0.13529783399189593
0.176,0.08396531042508013
0.1760625,0.04224279908694452
0.176125,0.006288351541004891
0.1761875,-0.028742517954704998
0.17625,-0.06785314616646518
0.1763125,-0.11534177370144316
0.176375,-0.17402759996605846
0.1764375,-0.2446662640665554
0.1765,-0.3256313448079913
0.1765625,-0.41290636326948527
0.176625,-0.5003941988502356
0.1766875,-0.5805122623134874
0.17675,-0.6450067982216509
0.1768125,-0.6858924844494321
0.176875,-0.6964073133880098
0.1769375,-0.6718695322276365
0.177,-0.6103336092428744
0.1770625,-0.512964615935637
0.177125,-0.38408245986513667
0.1771875,-0.2308653182614217
0.17725,-0.06274095843045693
0.1773125,0.10946923493399946
0.177375,0.2745600226193585
0.1774375,0.42199450438867364
0.1775,0.5428824546345138
0.1775625,0.6307770907310886
0.177625,0.6822036417423931
0.1776875,0.6968641799073593
0.17775,0.6775006314975206
0.1778125,0.6294372932479155
0.177875,0.5598609158446863
0.1779375,0.4769261679246065
0.178,0.3887935829244477
0.1780625,0.30271367666415544
0.178125,0.22426406871190985
0.1781875,0.15682699743512105
0.17825,0.10136492638389669
0.1783125,0.05651554682914134
0.178375,0.01898872507395332
0.1784375,-0.01578856442866275
0.1785,-0.05286319747856261
0.1785625,-0.09688640123698503
0.178625,-0.15129472953362827
0.1786875,-0.21764636588224912
0.17875,-0.295198893365926
0.1788125,-0.3807855429812559
0.178875,-0.46901085241037016
0.1789375,-0.5527479249938099
0.179,-0.6238826837698174
0.1790625,-0.6742200521865271
0.179125,-0.6964465008946715
0.1791875,-0.6850353419577532
0.17925,-0.6369865221385056
0.1793125,-0.5523108723308826
0.179375,-0.4341976987187017
0.1794375,-0.2888408707097755
0.1795,-0.12493791757155785
0.1795625,0.04708553308955661
0.179625,0.216041803150966
0.1796875,0.371031415656352
0.17975,0.5024614874806035
0.1798125,0.6029199010264614
0.179875,0.6678096396511496
0.1799375,0.695675492908128
0.18,0.6881909602355855
0.1800625,0.64981241583779
0.180125,0.5871458323135592
0.1801875,0.5081041082461034
0.18025,0.42095647034720496
0.1803125,0.33338279377479424
0.180375,0.25164370151535886
0.1804375,0.17996224141367112
0.1805,0.12018661936061911
0.1805625,0.071769040188299
0.180625,0.032057280149137515
0.1806875,-0.0031422385714694077
0.18075,-0.03880387821449316
0.1808125,-0.07982253320282084
0.180875,-0.1301635134414698
0.1809375,-0.19213116087909052
0.181,-0.26585049551972617
0.1810625,-0.3490305032621235
0.181125,-0.4370436634228028
0.1811875,-0.5233180116438189
0.18125,-0.5999999999999943
0.1813125,-0.6588131797419231
0.181375,-0.6920132593222752
0.1814375,-0.6933273140637003
0.1815,-0.6587653958112136
0.1815625,-0.5872064971171629
0.181625,-0.48068618545897823
0.1816875,-0.34434727933225
0.18175,-0.1860536992883711
0.1818125,-0.015706542202759764
0.181875,0.1556640778991582
0.1819375,0.3169318616494762
0.182,0.4579177895614366
0.1820625,0.5703289461891532
0.182125,0.6484895820411843
0.1821875,0.6897854034501284
0.18225,0.6947753127186876
0.1823125,0.6669632645000225
0.182375,0.6122620401252846
0.1824375,0.538215973422087
0.1825,0.4530768593185876
0.1825625,0.36484326319831456
0.182625,0.2803763751996641
0.1826875,0.20469511518524383
0.18275,0.14053066649418527
0.1828125,0.08818870318174835
0.182875,0.045730086524898045
0.1829375,0.009442207762079317
0.183,-0.02546196270560659
0.1830625,-0.06400751956895429
0.183125,-0.11059090096875793
0.1831875,-0.16819339806015052
0.18325,-0.23777583076718503
0.1833125,-0.3179334916841652
0.183375,-0.40485904992611377
0.1834375,-0.49262385229071165
0.1835,-0.5737493903440974
0.1835625,-0.640005221552418
0.183625,-0.6833415704019687
0.1836875,-0.6968475479315068
0.18375,-0.675621499884
0.1838125,-0.6174489900285547
0.183875,-0.5232053238889106
0.1839375,-0.3969308290891216
0.184,-0.2455646671192532
0.1840625,-0.07836235044479092
0.184125,0.09394125090828787
0.1841875,0.2601321131293447
0.18425,0.40957022349420913
0.1843125,0.5331793050167926
0.184375,0.6242640687119461
0.1844375,0.6790659842458593
0.1845,0.6969988800347695
0.1845625,0.6805427342247576
0.184625,0.6348134416789767
0.1846875,0.5668635072318274
0.18475,0.48479916185682403
0.1848125,0.3968197520551844
0.184875,0.3102930473870602
0.1849375,0.230974466584761
0.185,0.16245984811644237
0.1850625,0.10593249943841429
0.185125,0.06022930462772352
0.1851875,0.02221193837531439
0.18525,-0.01260766500473455
0.1853125,-0.04926911836563287
0.185375,-0.09249500889660497
0.1854375,-0.1458627656620921
0.1855,-0.2111229178715532
0.1855625,-0.28775205795684
0.185625,-0.3728005156380405
0.1856875,-0.4610591333085604
0.18575,-0.5455308433557389
0.1858125,-0.6181555876408882
0.185875,-0.6707059154762818
0.1859375,-0.6957490757440838
0.186,-0.687562165794413
0.1860625,-0.6428910499077969
0.186125,-0.561460864417494
0.1861875,-0.44617400341126345
0.18625,-0.3029672470834064
0.1863125,-0.14033896037037347
0.186375,0.031404559352834746
0.1864375,0.2011019553409154
0.1865,0.3577841527965558
0.1865625,0.49170044366722376
0.186625,0.5952100594571093
0.1866875,0.6634415967907485
0.18675,0.6946495931267184
0.1868125,0.6902326260271181
0.186875,0.6544164032320735
0.1869375,0.593643827673343
0.187,0.5157474399002646
0.1870625,0.42900404543319726
0.187125,0.34118388019356427
0.1871875,0.2587059112409831
0.18725,0.18599694370348513
0.1873125,0.12512679565867618
0.187375,0.07575795419743472
0.1874375,0.03540987611857002
0.1875,-8.037892070735438e-15
0.1875625,-0.035409876118587286
0.187625,-0.07575795419742617
0.1876875,-0.1251267956586656
0.18775,-0.18599694370347225
0.1878125,-0.25870591124096803
0.187875,-0.34118388019360435
0.1879375,-0.42900404543318027
0.188,-0.5157474399003036
0.1880625,-0.5936438276733759
0.188125,-0.654416403232064
0.1881875,-0.6902326260271279
0.18825,-0.6946495931267209
0.1883125,-0.6634415967907581
0.188375,-0.5952100594571259
0.1884375,-0.4917004436672468
0.1885,-0.3577841527964875
0.1885625,-0.2011019553408387
0.188625,-0.031404559352754456
0.1886875,0.1403389603704521
0.18875,0.3029672470834782
0.1888125,0.4461740034112383
0.188875,0.5614608644174749
0.1889375,0.6428910499077847
0.189,0.687562165794408
0.1890625,0.6957490757440795
0.189125,0.6707059154762633
0.1891875,0.6181555876408584
0.18925,0.5455308433557017
0.1893125,0.46105913330857734
0.189375,0.3728005156380573
0.1894375,0.28775205795685566
0.1895,0.211122917871567
0.1895625,0.14586276566206458
0.189625,0.09249500889658269
0.1896875,0.04926911836561465
0.18975,0.012607665004718317
0.1898125,-0.022211938375319235
0.189875,-0.060229304627729116
0.1899375,-0.10593249943842117
0.19,-0.16245984811645087
0.1900625,-0.23097446658474666
0.190125,-0.3102930473870991
0.1901875,-0.39681975205516734
0.19025,-0.4847991618568642
0.1903125,-0.5668635072318379
0.190375,-0.6348134416789846
0.1904375,-0.6805427342247621
0.1905,-0.6969988800347695
0.1905625,-0.6790659842458662
0.190625,-0.6242640687119602
0.1906875,-0.5331793050168135
0.19075,-0.40957022349414496
0.1908125,-0.26013211312927054
0.190875,-0.09394125090826456
0.1909375,0.07836235044481431
0.191,0.24556466711927513
0.1910625,0.3969308290891407
0.191125,0.5232053238888892
0.1911875,0.6174489900285399
0.19125,0.6756214998839924
0.1913125,0.6968475479315083
0.191375,0.6833415704019649
0.1914375,0.640005221552392
0.1915,0.5737493903440872
0.1915625,0.49262385229070005
0.191625,0.4048590499261308
0.1916875,0.31793349168415375
0.19175,0.2377758307671996
0.1918125,0.1681933980601209
0.191875,0.11059090096873386
0.1919375,0.06400751956893477
0.192,0.025461962705601707
0.1920625,-0.00944220776208405
0.192125,-0.04573008652490329
0.1921875,-0.08818870318175476
0.19225,-0.14053066649419316
0.1923125,-0.2046951151852303
0.192375,-0.2803763751997016
0.1924375,-0.36484326319829774
0.1925,-0.4530768593186285
0.1925625,-0.538215973422098
0.192625,-0.6122620401252936
0.1926875,-0.6669632645000283
0.19275,-0.6947753127186893
0.1928125,-0.689785403450133
0.192875,-0.6484895820411565
0.1929375,-0.5703289461891716
0.193,-0.4579177895613771
0.1930625,-0.3169318616494554
0.193125,-0.1556640778991353
0.1931875,0.01570654220278329
0.19325,0.18605369928839371
0.1933125,0.3443472793322703
0.193375,0.4806861854589546
0.1934375,0.5872064971171456
0.1935,0.6587653958112033
0.1935625,0.693327314063708
0.193625,0.6920132593222725
0.1936875,0.6588131797419011
0.19375,0.5999999999999849
0.1938125,0.5233180116438076
0.193875,0.43704366342281986
0.1939375,0.3490305032621117
0.194,0.2658504955197415
0.1940625,0.1921311608790589
0.194125,0.1301635134414437
0.1941875,0.07982253320279983
0.19425,0.038803878214488066
0.1943125,0.003142238571464698
0.194375,-0.03205728014914252
0.1944375,-0.0717690401883049
0.1945,-0.12018661936062644
0.1945625,-0.17996224141365844
0.194625,-0.2516437015153948
0.1946875,-0.33338279377483404
0.19475,-0.42095647034724615
0.1948125,-0.508104108246115
0.194875,-0.5871458323135691
0.1949375,-0.649812415837797
0.195,-0.6881909602355887
0.1950625,-0.6956754929081299
0.195125,-0.667809639651128
0.1951875,-0.6029199010264774
0.19525,-0.5024614874805491
0.1953125,-0.3710314156563323
0.195375,-0.21604180315094368
0.1954375,-0.04708553308953313
0.1955,0.12493791757158099
0.1955625,0.2888408707097968
0.195625,0.4341976987186761
0.1956875,0.5523108723309302
0.19575,0.6369865221384927
0.1958125,0.6850353419577669
0.195875,0.6964465008946706
0.1959375,0.6742200521865221
0.196,0.6238826837698088
0.1960625,0.5527479249937991
0.196125,0.4690108524103869
0.1961875,0.3807855429812148
0.19625,0.29519889336594185
0.1963125,0.2176463658822155
0.196375,0.15129472953361997
0.1964375,0.09688640123697839
0.1965,0.05286319747855717
0.1965625,0.015788564428657975
0.196625,-0.018988725073958136
0.1966875,-0.056515546829133526
0.19675,-0.10136492638388708
0.1968125,-0.15682699743510914
0.196875,-0.224264068711944
0.1969375,-0.3027136766641668
0.197,-0.3887935829244886
0.1970625,-0.4769261679246183
0.197125,-0.559860915844697
0.1971875,-0.629437293247904
0.19725,-0.6775006314975254
0.1973125,-0.6968641799073587
0.197375,-0.6822036417423779
0.1974375,-0.6307770907310559
0.1975,-0.5428824546344648
0.1975625,-0.42199450438865516
0.197625,-0.274560022619337
0.1976875,-0.10946923493397623
0.19775,0.06274095843048036
0.1978125,0.23086531826144385
0.197875,0.38408245986510925
0.1979375,0.5129646159356902
0.198,0.610333609242859
0.1980625,0.6718695322276564
0.198125,0.6964073133880108
0.1981875,0.6858924844494285
0.19825,0.6450067982216435
0.1983125,0.5805122623134773
0.198375,0.500394198850252
0.1984375,0.4129063632694441
0.1985,0.3256313448080076
0.1985625,0.24466626406651992
0.198625,0.17402759996604963
0.1986875,0.11534177370143595
0.19875,0.06785314616645935
0.1988125,0.028742517954700043
0.198875,-0.006288351541009613
0.1989375,-0.04224279908693716
0.199,-0.08396531042507124
0.1990625,-0.13529783399188494
0.199125,-0.19836417893131164
0.1991875,-0.2730748920152479
0.19925,-0.35691842292595133
0.1993125,-0.4450698045659477
0.199375,-0.5308096054820884
0.1994375,-0.6062081313046022
0.1995,-0.6629972609741545
0.1995625,-0.693528791562649
0.199625,-0.6917065522111328
0.1996875,-0.6537812474790419
0.19975,-0.5789118439949057
0.1998125,-0.46942360646020104
0.199875,-0.3307275500969097
0.1999375,-0.17090504421674024
0.2,3.52896351958146e-14
0.2000625,0.17090504421669853
0.200125,0.3307275500968721
0.2001875,0.4694236064602522
0.20025,0.5789118439950047
0.2003125,0.6537812474790651
0.200375,0.6917065522111409
0.2004375,0.6935287915626529
0.2005,0.6629972609741361
0.2005625,0.6062081313046189
0.200625,0.5308096054821089
0.2006875,0.4450698045659117
0.20075,0.3569184229259158
0.2008125,0.2730748920152154
0.200875,0.19836417893128336
0.2009375,0.13529783399189926
0.201,0.08396531042505245
0.2010625,0.04224279908694667
0.201125,0.006288351541018252
0.2011875,-0.028742517954691016
0.20125,-0.06785314616647678
0.2013125,-0.11534177370142285
0.201375,-0.17402759996607609
0.2014375,-0.24466626406655112
0.2015,-0.32563134480804234
0.2015625,-0.4129063632694804
0.201625,-0.5003941988502307
0.2016875,-0.580512262313459
0.20175,-0.6450067982216656
0.2018125,-0.6858924844494217
0.201875,-0.696407313388008
0.2019375,-0.6718695322276389
0.202,-0.6103336092428262
0.2020625,-0.5129646159356436
0.202125,-0.3840824598651448
0.2021875,-0.23086531826148435
0.20225,-0.06274095843041008
0.2023125,0.1094692349339337
0.202375,0.27456002261929763
0.2024375,0.42199450438871045
0.2025,0.542882454634577
0.2025625,0.6307770907310846
0.202625,0.6822036417423912
0.2026875,0.6968641799073594
0.20275,0.6775006314975112
0.2028125,0.629437293247919
0.202875,0.5598609158447163
0.2029375,0.47692616792458276
0.203,0.38879358292445265
0.2030625,0.3027136766641329
0.203125,0.22426406871191407
0.2031875,0.1568269974351245
0.20325,0.10136492638389952
0.2033125,0.05651554682914363
0.203375,0.01898872507396694
0.2034375,-0.01578856442864921
0.2035,-0.052863197478573445
0.2035625,-0.09688640123699832
0.203625,-0.15129472953364465
0.2036875,-0.21764636588224504
0.20375,-0.2951988933659213
0.2038125,-0.3807855429812508
0.203875,-0.46901085241036516
0.2039375,-0.5527479249937793
0.204,-0.6238826837698342
0.2040625,-0.6742200521865127
0.204125,-0.6964465008946732
0.2041875,-0.685035341957755
0.20425,-0.6369865221385094
0.2043125,-0.5523108723308884
0.204375,-0.4341976987187092
0.2044375,-0.2888408707098357
0.2045,-0.12493791757162334
0.2045625,0.04708553308949012
0.204625,0.21604180315090285
0.2046875,0.3710314156563914
0.20475,0.5024614874805968
0.2048125,0.6029199010265114
0.204875,0.667809639651147
0.2049375,0.6956754929081275
0.205,0.6881909602355947
0.2050625,0.6498124158377758
0.205125,0.5871458323135871
0.2051875,0.5081041082460804
0.20525,0.42095647034721007
0.2053125,0.3333827937747427
0.205375,0.25164370151536325
0.2054375,0.17996224141367484
0.2055,0.12018661936063985
0.2055625,0.07176904018828714
0.205625,0.03205728014915167
0.2056875,-0.003142238571456071
0.20575,-0.0388038782145034
0.2058125,-0.07982253320284796
0.205875,-0.13016351344146665
0.2059375,-0.19213116087908666
0.206,-0.26585049551972173
0.2060625,-0.3490305032621471
0.206125,-0.43704366342279777
0.2061875,-0.5233180116437869
0.20625,-0.6000000000000131
0.2063125,-0.6588131797419204
0.206375,-0.69201325932228
0.2064375,-0.6933273140637013
0.2065,-0.6587653958112165
0.2065625,-0.5872064971171089
0.206625,-0.48068618545898517
0.2066875,-0.3443472793323074
0.20675,-0.18605369928843518
0.2068125,-0.015706542202712732
0.206875,0.15566407789920397
0.2069375,0.3169318616495177
0.207,0.45791778956142937
0.2070625,0.5703289461892108
0.207125,0.648489582041181
0.2071875,0.6897854034501272
0.20725,0.6947753127186924
0.2073125,0.666963264500011
0.207375,0.61226204012531
0.2074375,0.538215973422065
0.2075,0.45307685931859265
0.2075625,0.364843263198262
0.207625,0.2803763751996686
0.2076875,0.2046951151852478
0.20775,0.1405306664942077
0.2078125,0.08818870318173558
0.207875,0.04573008652491292
0.2079375,0.00944220776209272
0.208,-0.02546196270561639
0.2080625,-0.06400751956897952
0.208125,-0.11059090096875501
0.2081875,-0.16819339806014688
0.20825,-0.23777583076718078
0.2083125,-0.3179334916841883
0.208375,-0.40485904992610877
0.2084375,-0.49262385229067857
0.2085,-0.573749390344118
0.2085625,-0.6400052215524149
0.208625,-0.6833415704019767
0.2086875,-0.6968475479315069
0.20875,-0.6756214998840023
0.2088125,-0.6174489900285087
0.208875,-0.5232053238889169
0.2089375,-0.39693082908917565
0.209,-0.2455646671193153
0.2090625,-0.07836235044474421
0.209125,0.09394125090833445
0.2091875,0.2601321131293356
0.20925,0.4095702234942013
0.2093125,0.5331793050168577
0.209375,0.624264068711942
0.2094375,0.6790659842458572
0.2095,0.6969988800347695
0.2095625,0.680542734224749
0.209625,0.6348134416789991
0.2096875,0.5668635072318066
0.20975,0.4847991618568289
0.2098125,0.3968197520551312
0.209875,0.310293047387065
0.2099375,0.23097446658476523
0.21,0.16245984811646644
0.2100625,0.10593249943840047
0.210125,0.06022930462773943
0.2101875,0.022211938375304704
0.21025,-0.012607665004732573
0.2103125,-0.049269118365656464
0.210375,-0.09249500889660223
0.2104375,-0.14586276566208883
0.2105,-0.21112291787154924
0.2105625,-0.2877520579568889
0.210625,-0.3728005156380355
0.2106875,-0.4610591333085554
0.21075,-0.5455308433557343
0.2108125,-0.6181555876408845
0.210875,-0.6707059154762796
0.2109375,-0.6957490757440832
0.211,-0.6875621657944144
0.2110625,-0.6428910499078004
0.211125,-0.5614608644174996
0.2111875,-0.44617400341127084
0.21125,-0.3029672470835168
0.2113125,-0.14033896037038304
0.211375,0.03140455935282496
0.2114375,0.20110195534090605
0.2115,0.35778415279654746
0.2115625,0.49170044366721694
0.211625,0.5952100594571044
0.2116875,0.6634415967907457
0.21175,0.6946495931267177
0.2118125,0.6902326260271192
0.211875,0.6544164032320763
0.2119375,0.593643827673347
0.212,0.5157474399002694
0.2120625,0.42900404543320225
0.212125,0.34118388019356916
0.2121875,0.25870591124098746
0.21225,0.1859969437034889
0.2123125,0.1251267956586793
0.212375,0.07575795419743722
0.2124375,0.03540987611857213
0.2125,-6.0779620075903994e-15
0.2125625,-0.035409876118585176
0.212625,-0.07575795419745279
0.2126875,-0.12512679565866253
0.21275,-0.18599694370346845
0.2128125,-0.25870591124096354
0.212875,-0.34118388019359946
0.2129375,-0.42900404543317516
0.213,-0.5157474399002988
0.2130625,-0.5936438276733719
0.213125,-0.6544164032320938
0.2131875,-0.6902326260271267
0.21325,-0.6946495931267216
0.2133125,-0.6634415967907609
0.213375,-0.595210059457074
0.2134375,-0.4917004436672536
0.2135,-0.35778415279649584
0.2135625,-0.20110195534084802
0.213625,-0.031404559352650685
0.2136875,0.14033896037044252
0.21375,0.30296724708346945
0.2138125,0.4461740034112309
0.213875,0.5614608644175345
0.2139375,0.6428910499077811
0.214,0.6875621657944064
0.2140625,0.69574907574408
0.214125,0.6707059154762656
0.2141875,0.6181555876408621
0.21425,0.5455308433557062
0.2143125,0.4610591333085822
0.214375,0.37280051563800454
0.2144375,0.2877520579568603
0.2145,0.21112291787157103
0.2145625,0.14586276566210693
0.214625,0.0924950088965854
0.2146875,0.04926911836561684
0.21475,0.012607665004720298
0.2148125,-0.022211938375317222
0.214875,-0.06022930462775393
0.2149375,-0.10593249943841831
0.215,-0.16245984811644731
0.2150625,-0.23097446658474247
0.215125,-0.31029304738709446
0.2151875,-0.3968197520551623
0.21525,-0.48479916185685934
0.2153125,-0.5668635072318335
0.215375,-0.6348134416790197
0.2154375,-0.6805427342247603
0.2155,-0.6969988800347696
0.2155625,-0.6790659842458683
0.215625,-0.6242640687119161
0.2156875,-0.5331793050168196
0.21575,-0.4095702234941528
0.2158125,-0.26013211312927953
0.215875,-0.09394125090816169
0.2159375,0.07836235044480458
0.216,0.245564667119266
0.2160625,0.39693082908913274
0.216125,0.523205323888956
0.2161875,0.6174489900285357
0.21625,0.6756214998839902
0.2163125,0.696847547931508
0.216375,0.6833415704019665
0.2164375,0.6400052215523951
0.2165,0.5737493903440914
0.2165625,0.4926238522907048
0.216625,0.4048590499260776
0.2166875,0.3179334916841585
0.21675,0.23777583076720382
0.2168125,0.16819339806016634
0.216875,0.11059090096873683
0.2169375,0.06400751956893717
0.217,0.02546196270560374
0.2170625,-0.009442207762082079
0.217125,-0.045730086524926536
0.2171875,-0.08818870318175209
0.21725,-0.14053066649418983
0.2173125,-0.20469511518522632
0.217375,-0.28037637519969705
0.2174375,-0.36484326319829274
0.2175,-0.4530768593186235
0.2175625,-0.5382159734220934
0.217625,-0.6122620401253331
0.2176875,-0.6669632645000259
0.21775,-0.6947753127186886
0.2178125,-0.6897854034501341
0.217875,-0.6484895820411599
0.2179375,-0.5703289461891772
0.218,-0.45791778956138435
0.2180625,-0.316931861649464
0.218125,-0.1556640778990342
0.2181875,0.015706542202773493
0.21825,0.18605369928838428
0.2183125,0.34434727933226184
0.218375,0.4806861854590283
0.2184375,0.5872064971171405
0.2185,0.6587653958112003
0.2185625,0.6933273140637068
0.218625,0.6920132593222735
0.2186875,0.6588131797419038
0.21875,0.5999999999999888
0.2188125,0.5233180116438123
0.218875,0.43704366342282486
0.2189375,0.3490305032621166
0.219,0.26585049551974593
0.2190625,0.19213116087906273
0.219125,0.13016351344144692
0.2191875,0.07982253320280239
0.21925,0.038803878214490176
0.2193125,0.003142238571466659
0.219375,-0.03205728014914043
0.2194375,-0.07176904018830244
0.2195,-0.12018661936062336
0.2195625,-0.1799622414136547
0.219625,-0.25164370151539045
0.2196875,-0.33338279377477287
0.21975,-0.4209564703472412
0.2198125,-0.5081041082461101
0.219875,-0.5871458323135649
0.2199375,-0.649812415837794
0.22,-0.6881909602355875
0.2200625,-0.6956754929081305
0.220125,-0.6678096396511611
0.2201875,-0.6029199010264822
0.22025,-0.5024614874805556
0.2203125,-0.37103141565634046
0.220375,-0.21604180315095298
0.2204375,-0.04708553308942949
0.2205,0.12493791757157136
0.2205625,0.28884087070978787
0.220625,0.43419769871866853
0.2206875,0.5523108723309244
0.22075,0.6369865221384889
0.2208125,0.6850353419577653
0.220875,0.696446500894671
0.2209375,0.6742200521864996
0.221,0.6238826837698124
0.2210625,0.5527479249938035
0.221125,0.4690108524103919
0.2211875,0.3807855429812199
0.22125,0.2951988933659465
0.2213125,0.21764636588221953
0.221375,0.15129472953362338
0.2214375,0.09688640123694903
0.2215,0.052863197478559415
0.2215625,0.01578856442865996
0.221625,-0.018988725073956124
0.2216875,-0.05651554682915788
0.22175,-0.10136492638388425
0.2218125,-0.1568269974351057
0.221875,-0.22426406871193982
0.2219375,-0.30271367666416216
0.222,-0.3887935829244837
0.2220625,-0.47692616792461334
0.222125,-0.5598609158446926
0.2221875,-0.6294372932479401
0.22225,-0.6775006314975234
0.2223125,-0.6968641799073584
0.222375,-0.6822036417423798
0.2224375,-0.6307770907310599
0.2225,-0.5428824546344708
0.2225625,-0.42199450438866287
0.222625,-0.274560022619346
0.2226875,-0.10946923493387373
0.22275,0.06274095843047062
0.2228125,0.23086531826143464
0.222875,0.38408245986510114
0.2229375,0.5129646159356837
0.223,0.6103336092428544
0.2230625,0.671869532227654
0.223125,0.6964073133880104
0.2231875,0.6858924844494124
0.22325,0.6450067982216465
0.2233125,0.5805122623134815
0.223375,0.5003941988502568
0.2234375,0.4129063632694492
0.2235,0.3256313448080125
0.2235625,0.24466626406652422
0.223625,0.17402759996605327
0.2236875,0.11534177370140425
0.22375,0.06785314616646179
0.2238125,0.02874251795470211
0.223875,-0.006288351541007646
0.2239375,-0.04224279908696006
0.224,-0.08396531042506866
0.2240625,-0.13529783399188172
0.224125,-0.1983641789313077
0.2241875,-0.273074892015296
0.22425,-0.35691842292594633
0.2243125,-0.4450698045659427
0.224375,-0.5308096054820838
0.2244375,-0.6062081313046427
0.2245,-0.6629972609741519
0.2245625,-0.6935287915626482
0.224625,-0.6917065522111339
0.2246875,-0.6537812474790452
0.22475,-0.5789118439949109
0.2248125,-0.46942360646020814
0.224875,-0.33072755009691823
0.2249375,-0.17090504421663974
0.225,2.5489984880089416e-14
0.2250625,0.17090504421668906
0.225125,0.3307275500968635
0.2251875,0.46942360646024506
0.22525,0.5789118439949383
0.2253125,0.6537812474790619
0.225375,0.6917065522111397
0.2254375,0.6935287915626438
0.2255,0.6629972609741387
0.2255625,0.6062081313046227
0.225625,0.5308096054821135
0.2256875,0.4450698045659167
0.22575,0.3569184229259208
0.2258125,0.2730748920152199
0.225875,0.19836417893128727
0.2259375,0.13529783399186496
0.226,0.08396531042505506
0.2260625,0.04224279908694882
0.226125,0.006288351541020223
0.2261875,-0.028742517954712804
0.22625,-0.06785314616647438
0.2263125,-0.11534177370141982
0.226375,-0.1740275999660724
0.2264375,-0.24466626406659692
0.2265,-0.32563134480803746
0.2265625,-0.4129063632694753
0.226625,-0.5003941988502258
0.2266875,-0.5805122623134548
0.22675,-0.6450067982216625
0.2268125,-0.6858924844494203
0.226875,-0.6964073133880084
0.2269375,-0.6718695322276413
0.227,-0.6103336092428309
0.2270625,-0.51296461593565
0.227125,-0.38408245986515277
0.2271875,-0.23086531826149356
0.22725,-0.06274095843041984
0.2273125,0.10946923493392403
0.227375,0.2745600226192887
0.2274375,0.4219945043887028
0.2275,0.5428824546345018
0.2275625,0.6307770907310806
0.227625,0.6822036417423895
0.2276875,0.6968641799073596
0.22775,0.6775006314975132
0.2278125,0.6294372932479224
0.227875,0.5598609158447208
0.2279375,0.4769261679245878
0.228,0.3887935829244577
0.2280625,0.30271367666413757
0.228125,0.22426406871191817
0.2281875,0.15682699743512793
0.22825,0.10136492638386957
0.2283125,0.05651554682914592
0.228375,0.018988725073968947
0.2284375,-0.01578856442864722
0.2285,-0.0528631974785712
0.2285625,-0.09688640123696343
0.228625,-0.1512947295336412
0.2286875,-0.21764636588224087
0.22875,-0.2951988933659708
0.2288125,-0.38078554298124584
0.228875,-0.4690108524103602
0.2289375,-0.5527479249937749
0.229,-0.6238826837698307
0.2290625,-0.6742200521865106
0.229125,-0.6964465008946729
0.2291875,-0.6850353419577566
0.22925,-0.6369865221384692
0.2293125,-0.5523108723308943
0.229375,-0.4341976987187167
0.2294375,-0.28884087070984454
0.2295,-0.12493791757152124
0.2295625,0.04708553308948035
0.229625,0.21604180315089355
0.2296875,0.37103141565638315
0.22975,0.5024614874806672
0.2298125,0.6029199010265067
0.229875,0.6678096396511443
0.2299375,0.6956754929081269
0.23,0.6881909602355804
0.2300625,0.6498124158377788
0.230125,0.5871458323135912
0.2301875,0.5081041082460852
0.23025,0.420956470347215
0.2303125,0.3333827937747476
0.230375,0.25164370151536763
0.2304375,0.1799622414136785
0.2305,0.12018661936060748
0.2305625,0.07176904018828964
0.230625,0.03205728014915374
0.2306875,-0.00314223857145411
0.23075,-0.03880387821450128
0.2308125,-0.07982253320281568
0.230875,-0.13016351344146349
0.2309375,-0.1921311608790828
0.231,-0.26585049551976925
0.2310625,-0.3490305032621421
0.231125,-0.43704366342279277
0.2311875,-0.5233180116437822
0.23125,-0.6000000000000092
0.2313125,-0.6588131797419178
0.231375,-0.692013259322279
0.2314375,-0.6933273140637022
0.2315,-0.6587653958111847
0.2315625,-0.587206497117114
0.231625,-0.4806861854589921
0.2316875,-0.3443472793323159
0.23175,-0.18605369928833532
0.2318125,-0.01570654220272253
0.231875,0.15566407789908382
0.2319375,0.3169318616495091
0.232,0.45791778956150625
0.2320625,0.5703289461892054
0.232125,0.6484895820411776
0.2321875,0.6897854034501258
0.23225,0.6947753127186851
0.2323125,0.6669632645000134
0.232375,0.6122620401253137
0.2324375,0.5382159734220696
0.2325,0.4530768593185976
0.2325625,0.364843263198267
0.232625,0.2803763751996732
0.2326875,0.20469511518525177
0.23275,0.14053066649417276
0.2328125,0.08818870318173827
0.232875,0.045730086524915114
0.2329375,0.00944220776209469
0.233,-0.02546196270561433
0.2330625,-0.06400751956897713
0.233125,-0.11059090096875204
0.2331875,-0.1681933980601433
0.23325,-0.23777583076722605
0.2333125,-0.3179334916841834
0.233375,-0.4048590499261038
0.2334375,-0.49262385229067374
0.2335,-0.5737493903441138
0.2335625,-0.6400052215524117
0.233625,-0.6833415704019752
0.2336875,-0.696847547931507
0.23375,-0.6756214998839785
0.2338125,-0.6174489900285131
0.233875,-0.5232053238889233
0.2339375,-0.39693082908918365
0.234,-0.24556466711921854
0.2340625,-0.07836235044475394
0.234125,0.09394125090821218
0.2341875,0.2601321131293266
0.23425,0.4095702234942842
0.2343125,0.5331793050168516
0.234375,0.6242640687119378
0.2344375,0.6790659842458552
0.2345,0.6969988800347695
0.2345625,0.6805427342247508
0.234625,0.6348134416790023
0.2346875,0.5668635072318109
0.23475,0.4847991618568339
0.2348125,0.39681975205513625
0.234875,0.3102930473870697
0.2349375,0.23097446658476942
0.235,0.16245984811647005
0.2350625,0.10593249943840333
0.235125,0.06022930462774177
0.2351875,0.022211938375330142
0.23525,-0.012607665004730591
0.2353125,-0.049269118365654244
0.235375,-0.0924950088965995
0.2354375,-0.14586276566208548
0.2355,-0.21112291787154525
0.2355625,-0.2877520579568843
0.235625,-0.3728005156380305
0.2356875,-0.46105913330855053
0.23575,-0.5455308433557298
0.2358125,-0.618155587640881
0.235875,-0.6707059154762773
0.2359375,-0.6957490757440827
0.236,-0.687562165794416
0.2360625,-0.6428910499077625
0.236125,-0.5614608644175052
0.2361875,-0.4461740034112782
0.23625,-0.30296724708352557
0.2363125,-0.14033896037039265
0.236375,0.03140455935281517
0.2364375,0.2011019553408967
0.2365,0.35778415279653913
0.2365625,0.49170044366728893
0.236625,0.5952100594570995
0.2366875,0.6634415967907429
0.23675,0.6946495931267169
0.2368125,0.6902326260271205
0.236875,0.6544164032320792
0.2369375,0.593643827673351
0.237,0.5157474399002742
0.2370625,0.429004045433149
0.237125,0.34118388019357404
0.2371875,0.25870591124099196
0.23725,0.1859969437034927
0.2373125,0.12512679565864632
0.237375,0.07575795419743975
0.2374375,0.03540987611859865
0.2375,-4.118031944445367e-15
0.2375625,-0.03540987611860748
0.237625,-0.0757579541974503
0.2376875,-0.12512679565865942
0.23775,-0.18599694370346462
0.2378125,-0.25870591124101056
0.237875,-0.3411838801935946
0.2379375,-0.42900404543317017
0.238,-0.5157474399002941
0.2380625,-0.5936438276733679
0.238125,-0.6544164032320909
0.2381875,-0.6902326260271255
0.23825,-0.6946495931267224
0.2383125,-0.663441596790731
0.238375,-0.5952100594570788
0.2384375,-0.49170044366726035
0.2385,-0.3577841527966008
0.2385625,-0.20110195534085737
0.238625,-0.03140455935266047
0.2386875,0.14033896037043292
0.23875,0.30296724708346073
0.2388125,0.4461740034113093
0.238875,0.5614608644175288
0.2389375,0.6428910499077775
0.239,0.687562165794405
0.2390625,0.6957490757440805
0.239125,0.6707059154762678
0.2391875,0.6181555876408656
0.23925,0.5455308433557107
0.2393125,0.46105913330852955
0.239375,0.37280051563800953
0.2394375,0.2877520579568649
0.2395,0.2111229178715751
0.2395625,0.14586276566207135
0.239625,0.09249500889658813
0.2396875,0.04926911836561906
0.23975,0.012607665004722275
0.2398125,-0.022211938375338636
0.239875,-0.060229304627751584
0.2399375,-0.10593249943841543
0.24,-0.16245984811644376
0.2400625,-0.23097446658478712
0.240125,-0.3102930473870897
0.2401875,-0.3968197520551573
0.24025,-0.48479916185685445
0.2403125,-0.5668635072318292
0.240375,-0.6348134416790162
0.2404375,-0.6805427342247583
0.2405,-0.6969988800347695
0.2405625,-0.6790659842458465
0.240625,-0.6242640687119203
0.2406875,-0.5331793050168258
0.24075,-0.4095702234942513
0.2408125,-0.2601321131292886
0.240875,-0.09394125090817139
0.2409375,0.07836235044479484
0.241,0.2455646671192569
0.2410625,0.396930829089217
0.241125,0.5232053238889498
0.2411875,0.6174489900285313
0.24125,0.6756214998839879
0.2413125,0.6968475479315079
0.241375,0.6833415704019681
0.2414375,0.6400052215523984
0.2415,0.5737493903440958
0.2415625,0.4926238522906533
0.241625,0.40485904992608274
0.2416875,0.3179334916841634
0.24175,0.23777583076720812
0.2418125,0.16819339806012815
0.241875,0.11059090096873975
0.2419375,0.0640075195689395
0.242,0.025461962705605773
0.2420625,-0.009442207762102972
0.242125,-0.04573008652492434
0.2421875,-0.08818870318174946
0.24225,-0.1405306664941866
0.2423125,-0.2046951151852223
0.242375,-0.2803763751996925
0.2424375,-0.36484326319828775
0.2425,-0.4530768593186186
0.2425625,-0.5382159734220888
0.242625,-0.6122620401253294
0.2426875,-0.6669632645000234
0.24275,-0.694775312718688
0.2428125,-0.6897854034501354
0.242875,-0.6484895820411634
0.2429375,-0.5703289461891825
0.243,-0.4579177895613916
0.2430625,-0.31693186164947273
0.243125,-0.15566407789904374
0.2431875,0.0157065422027637
0.24325,0.1860536992883749
0.2433125,0.3443472793322534
0.243375,0.4806861854590214
0.2434375,0.5872064971171354
0.2435,0.6587653958111973
0.2435625,0.693327314063706
0.243625,0.6920132593222748
0.2436875,0.6588131797419065
0.24375,0.5999999999999928
0.2438125,0.523318011643817
0.243875,0.4370436634227718
0.2439375,0.3490305032621215
0.244,0.2658504955197504
0.2440625,0.19213116087911136
0.244125,0.13016351344145008
0.2441875,0.07982253320280494
0.24425,0.0388038782144923
0.2443125,0.00314223857146862
0.244375,-0.03205728014916247
0.2444375,-0.07176904018829997
0.2445,-0.1201866193606203
0.2445625,-0.17996224141365097
0.244625,-0.251643701515386
0.2446875,-0.333382793774768
0.24475,-0.42095647034723616
0.2448125,-0.5081041082461053
0.244875,-0.5871458323136083
0.2449375,-0.6498124158377911
0.245,-0.688190960235586
0.2450625,-0.695675492908131
0.245125,-0.6678096396511333
0.2451875,-0.6029199010264868
0.24525,-0.5024614874805623
0.2453125,-0.3710314156563487
0.245375,-0.21604180315085453
0.2454375,-0.047085533089439274
0.2455,0.12493791757156171
0.2455625,0.288840870709779
0.245625,0.43419769871874847
0.2456875,0.5523108723309186
0.24575,0.6369865221384852
0.2458125,0.6850353419577636
0.245875,0.6964465008946713
0.2459375,0.6742200521865017
0.246,0.6238826837698159
0.2460625,0.5527479249938081
0.246125,0.4690108524103394
0.2461875,0.38078554298122486
0.24625,0.2951988933659512
0.2463125,0.2176463658822712
0.246375,0.15129472953362683
0.2464375,0.09688640123695183
0.2465,0.05286319747856168
0.2465625,0.01578856442866195
0.246625,-0.01898872507397737
0.2466875,-0.05651554682915559
0.24675,-0.10136492638388142
0.2468125,-0.15682699743510223
0.246875,-0.22426406871193566
0.2469375,-0.3027136766641574
0.247,-0.38879358292447863
0.2470625,-0.4769261679246085
0.247125,-0.5598609158447393
0.2471875,-0.6294372932479366
0.24725,-0.6775006314975214
0.2473125,-0.6968641799073584
0.247375,-0.6822036417423816
0.2474375,-0.6307770907310639
0.2475,-0.5428824546344767
0.2475625,-0.42199450438867053
0.247625,-0.27456002261925105
0.2476875,-0.1094692349338834
0.24775,0.06274095843046085
0.2478125,0.23086531826142542
0.247875,0.3840824598651868
0.2479375,0.5129646159356771
0.248,0.6103336092428499
0.2480625,0.6718695322276516
0.248125,0.69640731338801
0.2481875,0.6858924844494139
0.24825,0.6450067982216496
0.2483125,0.5805122623134857
0.248375,0.5003941988502056
0.2484375,0.4129063632694542
0.2485,0.32563134480801725
0.2485625,0.24466626406652858
0.248625,0.17402759996605696
0.2486875,0.11534177370140727
0.24875,0.06785314616646422
0.2488125,0.028742517954704158
0.248875,-0.006288351541028475
0.2489375,-0.04224279908695791
0.249,-0.08396531042506605
0.2490625,-0.1352978339918785
0.249125,-0.1983641789313038
0.2491875,-0.27307489201523893
0.24925,-0.35691842292594145
0.2493125,-0.4450698045659377
0.249375,-0.5308096054821331
0.2494375,-0.6062081313046389
0.2495,-0.6629972609741493
0.2495625,-0.6935287915626474
0.249625,-0.691706552211135
0.2496875,-0.6537812474790483
0.24975,-0.5789118439949161
0.2498125,-0.46942360646021525
0.249875,-0.33072755009682764
0.2499375,-0.1709050442166492
0.25,1.569033456436424e-14
0.2500625,0.17090504421678954
0.250125,0.33072755009685495
0.2501875,0.469423606460238
0.25025,0.5789118439949331
0.2503125,0.6537812474790586
0.250375,0.6917065522111514
0.2504375,0.6935287915626547
0.2505,0.6629972609741412
0.2505625,0.6062081313045822
0.250625,0.5308096054821181
0.2506875,0.4450698045659217
0.25075,0.3569184229259257
0.2508125,0.2730748920152244
0.250875,0.19836417893129127
0.2509375,0.1352978339919057
0.251,0.08396531042505767
0.2510625,0.04224279908692592
0.251125,0.006288351541022183
0.2511875,-0.028742517954710757
0.25125,-0.06785314616647195
0.2513125,-0.11534177370141685
0.251375,-0.17402759996606876
0.2514375,-0.24466626406654243
0.2515,-0.3256313448080327
0.2515625,-0.4129063632695285
0.251625,-0.5003941988502212
0.2516875,-0.5805122623134991
0.25175,-0.645006798221624
0.2518125,-0.6858924844494189
0.251875,-0.6964073133880089
0.2519375,-0.6718695322276437
0.252,-0.6103336092428353
0.2520625,-0.5129646159356565
0.252125,-0.3840824598651609
0.2521875,-0.23086531826139592
0.25225,-0.0627409584305428
0.2523125,0.10946923493391436
0.252375,0.2745600226193836
0.2524375,0.4219945043886951
0.2525,0.5428824546344959
0.2525625,0.6307770907310766
0.252625,0.6822036417423876
0.2526875,0.6968641799073577
0.25275,0.6775006314975379
0.2528125,0.6294372932479257
0.252875,0.559860915844674
0.2529375,0.47692616792464987
0.253,0.38879358292446264
0.2530625,0.3027136766641423
0.253125,0.22426406871192234
0.2531875,0.156826997435091
0.25325,0.10136492638390512
0.2533125,0.05651554682914822
0.253375,0.018988725073947707
0.2534375,-0.015788564428645235
0.2535,-0.05286319747856891
0.2535625,-0.09688640123699277
0.253625,-0.15129472953363776
0.2536875,-0.21764636588228436
0.25375,-0.295198893365912
0.2538125,-0.3807855429812408
0.253875,-0.46901085241041274
0.2539375,-0.5527479249937703
0.254,-0.6238826837698273
0.2540625,-0.6742200521865331
0.254125,-0.6964465008946725
0.2541875,-0.6850353419577583
0.25425,-0.6369865221385169
0.2543125,-0.5523108723309
0.254375,-0.4341976987186368
0.2544375,-0.2888408707098534
0.2545,-0.12493791757153089
0.2545625,0.04708553308958398
0.254625,0.21604180315088425
0.2546875,0.37103141565637493
0.25475,0.5024614874805835
0.2548125,0.602919901026502
0.254875,0.6678096396511721
0.2549375,0.6956754929081264
0.255,0.6881909602355818
0.2550625,0.6498124158377476
0.255125,0.5871458323135952
0.2551875,0.50810410824609
0.25525,0.42095647034722006
0.2553125,0.3333827937747525
0.255375,0.2516437015153721
0.2554375,0.17996224141368228
0.2555,0.12018661936061056
0.2555625,0.0717690401882635
0.255625,0.032057280149155806
0.2556875,-0.0031422385714749007
0.25575,-0.03880387821449913
0.2558125,-0.07982253320281313
0.255875,-0.13016351344146032
0.2559375,-0.19213116087907894
0.256,-0.26585049551976475
0.2560625,-0.3490305032621942
0.256125,-0.4370436634227879
0.2561875,-0.523318011643832
0.25625,-0.5999999999999598
0.2563125,-0.658813179741915
0.256375,-0.692013259322278
0.2564375,-0.6933273140637031
0.2565,-0.6587653958111876
0.2565625,-0.5872064971171191
0.256625,-0.48068618545899905
0.2566875,-0.3443472793322264
0.25675,-0.186053699288454
0.2568125,-0.015706542202732324
0.256875,0.1556640778991849
0.2569375,0.31693186164950043
0.257,0.4579177895614148
0.2570625,0.5703289461891999
0.257125,0.6484895820411741
0.2571875,0.6897854034501396
0.25725,0.6947753127186939
0.2573125,0.6669632645000158
0.257375,0.6122620401252743
0.2574375,0.5382159734220742
0.2575,0.45307685931860253
0.2575625,0.364843263198272
0.257625,0.28037637519967773
0.2576875,0.20469511518520955
0.25775,0.14053066649421428
0.2578125,0.08818870318174091
0.257875,0.04573008652489191
0.2579375,0.009442207762096661
0.258,-0.025461962705612295
0.2580625,-0.06400751956894715
0.258125,-0.11059090096874913
0.2581875,-0.16819339806018158
0.25825,-0.23777583076717226
0.2583125,-0.3179334916841787
0.258375,-0.40485904992615684
0.2584375,-0.4926238522906689
0.2585,-0.5737493903441094
0.2585625,-0.6400052215524086
0.258625,-0.6833415704019735
0.2586875,-0.6968475479315073
0.25875,-0.6756214998840068
0.2588125,-0.6174489900285174
0.258875,-0.5232053238888564
0.2589375,-0.39693082908919153
0.259,-0.24556466711922764
0.2590625,-0.07836235044476367
0.259125,0.09394125090820246
0.2591875,0.26013211312931755
0.25925,0.4095702234941857
0.2593125,0.5331793050168454
0.259375,0.6242640687119818
0.2594375,0.6790659842458531
0.2595,0.6969988800347696
0.2595625,0.6805427342247736
0.259625,0.6348134416790058
0.2596875,0.5668635072318153
0.25975,0.4847991618568388
0.2598125,0.3968197520551412
0.259875,0.31029304738707447
0.2599375,0.23097446658477364
0.26,0.1624598481164324
0.2600625,0.1059324994384396
0.260125,0.060229304627744076
0.2601875,0.022211938375308743
0.26025,-0.012607665004728614
0.2603125,-0.0492691183656262
0.260375,-0.09249500889659679
0.2604375,-0.1458627656620821
0.2605,-0.21112291787158802
0.2605625,-0.28775205795682607
0.260625,-0.3728005156380256
0.2606875,-0.4610591333086032
0.26075,-0.5455308433557253
0.2608125,-0.6181555876408773
0.260875,-0.6707059154762751
0.2609375,-0.6957490757440822
0.261,-0.6875621657944002
0.2610625,-0.6428910499078077
0.261125,-0.5614608644175108
0.2611875,-0.4461740034111997
0.26125,-0.3029672470835343
0.2613125,-0.14033896037040222
0.261375,0.03140455935280538
0.2614375,0.20110195534088732
0.2615,0.3577841527966274
0.2615625,0.49170044366720334
0.261625,0.5952100594570945
0.2616875,0.6634415967907727
0.26175,0.6946495931267163
0.2618125,0.6902326260271217
0.261875,0.6544164032320494
0.2619375,0.593643827673355
0.262,0.5157474399002788
0.2620625,0.42900404543321224
0.262125,0.3411838801935789
0.2621875,0.2587059112409449
0.26225,0.18599694370349654
0.2623125,0.12512679565864943
0.262375,0.0757579541974131
0.2624375,0.03540987611860075
0.2625,-2.1581018813003297e-15
0.2625625,-0.03540987611858096
0.262625,-0.0757579541974478
0.2626875,-0.1251267956586924
0.26275,-0.18599694370346087
0.2628125,-0.2587059112410061
0.262875,-0.3411838801936463
0.2629375,-0.42900404543316506
0.263,-0.5157474399002894
0.2630625,-0.5936438276733639
0.263125,-0.6544164032320883
0.2631875,-0.6902326260271243
0.26325,-0.6946495931267231
0.2633125,-0.6634415967907339
0.263375,-0.5952100594570269
0.2634375,-0.4917004436672672
0.2635,-0.35778415279651254
0.2635625,-0.20110195534086672
0.263625,-0.03140455935278382
0.2636875,0.14033896037042334
0.26375,0.30296724708345196
0.2638125,0.4461740034113019
0.263875,0.5614608644175885
0.2639375,0.6428910499077739
0.264,0.6875621657944206
0.2640625,0.6957490757440811
0.264125,0.67070591547627
0.2641875,0.6181555876408692
0.26425,0.5455308433557152
0.2643125,0.46105913330853454
0.264375,0.3728005156379569
0.2644375,0.28775205795686953
0.2645,0.2111229178715322
0.2645625,0.1458627656621137
0.264625,0.09249500889659085
0.2646875,0.04926911836562131
0.26475,0.01260766500472426
0.2648125,-0.022211938375336616
0.264875,-0.060229304627749225
0.2649375,-0.10593249943841257
0.265,-0.16245984811648131
0.2650625,-0.230974466584734
0.265125,-0.3102930473870849
0.2651875,-0.39681975205521036
0.26525,-0.48479916185684957
0.2653125,-0.5668635072318249
0.265375,-0.634813441679013
0.2654375,-0.6805427342247566
0.2655,-0.6969988800347695
0.2655625,-0.6790659842458724
0.265625,-0.6242640687119245
0.2656875,-0.5331793050167606
0.26575,-0.40957022349425914
0.2658125,-0.2601321131292976
0.265875,-0.09394125090829368
0.2659375,0.07836235044478511
0.266,0.24556466711935368
0.2660625,0.3969308290891168
0.266125,0.5232053238889435
0.2661875,0.6174489900285773
0.26625,0.6756214998839857
0.2663125,0.6968475479315077
0.266375,0.6833415704019697
0.2664375,0.6400052215524015
0.2665,0.5737493903441
0.2665625,0.4926238522907146
0.266625,0.4048590499260878
0.2666875,0.31793349168411256
0.26675,0.23777583076721237
0.2668125,0.16819339806013178
0.266875,0.11059090096874266
0.2669375,0.06400751956896951
0.267,0.02546196270560782
0.2670625,-0.009442207762078141
0.267125,-0.04573008652492214
0.2671875,-0.08818870318177763
0.26725,-0.14053066649418328
0.2673125,-0.20469511518526456
0.267375,-0.28037637519968783
0.2674375,-0.3648432631982828
0.2675,-0.4530768593186135
0.2675625,-0.5382159734220842
0.267625,-0.6122620401253257
0.2676875,-0.6669632645000491
0.26775,-0.6947753127186873
0.2678125,-0.6897854034501218
0.267875,-0.6484895820412061
0.2679375,-0.5703289461891881
0.268,-0.4579177895613989
0.2680625,-0.31693186164948134
0.268125,-0.1556640778990533
0.2681875,0.0157065422027539
0.26825,0.18605369928836546
0.2683125,0.3443472793323429
0.268375,0.4806861854589338
0.2684375,0.5872064971171304
0.2685,0.6587653958112292
0.2685625,0.6933273140637051
0.268625,0.6920132593222758
0.2686875,0.6588131797419091
0.26875,0.5999999999999966
0.2688125,0.5233180116437672
0.268875,0.4370436634228349
0.2689375,0.34903050326212637
0.269,0.2658504955197029
0.2690625,0.19213116087911525
0.269125,0.13016351344145324
0.2691875,0.0798225332028075
0.26925,0.03880387821449445
0.2693125,0.0031422385714478286
0.269375,-0.03205728014913628
0.2694375,-0.0717690401882975
0.2695,-0.12018661936065267
0.2695625,-0.17996224141364725
0.269625,-0.2516437015153816
0.2696875,-0.3333827937748195
0.26975,-0.42095647034723116
0.2698125,-0.5081041082461006
0.269875,-0.5871458323135567
0.2699375,-0.6498124158377881
0.27,-0.6881909602356003
0.2700625,-0.6956754929081316
0.270125,-0.6678096396511358
0.2701875,-0.6029199010264369
0.27025,-0.5024614874806459
0.2703125,-0.3710314156563569
0.270375,-0.21604180315097155
0.2704375,-0.047085533089449044
0.2705,0.12493791757166381
0.2705625,0.28884087070977016
0.270625,0.4341976987187409
0.2706875,0.55231087233098
0.27075,0.6369865221384814
0.2708125,0.685035341957762
0.270875,0.6964465008946716
0.2709375,0.6742200521865038
0.271,0.6238826837698195
0.2710625,0.5527479249938124
0.271125,0.46901085241034435
0.2711875,0.38078554298117195
0.27125,0.2951988933659559
0.2713125,0.2176463658822278
0.271375,0.15129472953363024
0.2714375,0.0968864012369546
0.2715,0.05286319747856395
0.2715625,0.015788564428663936
0.271625,-0.018988725073975365
0.2716875,-0.05651554682917993
0.27175,-0.10136492638387865
0.2718125,-0.15682699743513911
0.271875,-0.2242640687119315
0.2719375,-0.3027136766641526
0.272,-0.3887935829244737
0.2720625,-0.4769261679246035
0.272125,-0.5598609158447349
0.2721875,-0.6294372932479728
0.27225,-0.6775006314975194
0.2723125,-0.6968641799073603
0.272375,-0.6822036417424051
0.2724375,-0.6307770907310679
0.2725,-0.5428824546344826
0.2725625,-0.42199450438867825
0.272625,-0.27456002261926
0.2726875,-0.10946923493389307
0.27275,0.06274095843045109
0.2728125,0.23086531826152307
0.272875,0.38408245986508494
0.2729375,0.5129646159356707
0.273,0.6103336092428979
0.2730625,0.6718695322276491
0.273125,0.6964073133880097
0.2731875,0.6858924844494154
0.27325,0.6450067982216527
0.2733125,0.5805122623134413
0.273375,0.5003941988502666
0.2734375,0.4129063632694592
0.2735,0.3256313448079661
0.2735625,0.2446662640665831
0.273625,0.17402759996606065
0.2736875,0.11534177370144494
0.27375,0.06785314616646662
0.2738125,0.028742517954682363
0.273875,-0.006288351541003715
0.2739375,-0.042242799086955746
0.274,-0.0839653104250937
0.2740625,-0.13529783399187528
0.274125,-0.19836417893129984
0.2741875,-0.2730748920152344
0.27425,-0.3569184229259365
0.2743125,-0.4450698045659327
0.274375,-0.5308096054820745
0.2744375,-0.6062081313046349
0.2745,-0.6629972609741763
0.2745625,-0.6935287915626465
0.274625,-0.6917065522111361
0.2746875,-0.6537812474790516
0.27475,-0.5789118439949215
0.2748125,-0.46942360646022235
0.274875,-0.33072755009693533
0.2749375,-0.1709050442166587
0.275,1.1957752197025508e-13
0.2750625,0.17090504421667008
0.275125,0.33072755009694565
0.2751875,0.4694236064602309
0.27525,0.5789118439949278
0.2753125,0.6537812474790554
0.275375,0.6917065522111375
0.2754375,0.6935287915626455
0.2755,0.6629972609741143
0.2755625,0.6062081313046305
0.275625,0.5308096054820689
0.2756875,0.44506980456598466
0.27575,0.3569184229259307
0.2758125,0.27307489201522894
0.275875,0.19836417893129515
0.2759375,0.13529783399187137
0.276,0.08396531042506031
0.2760625,0.042242799086953164
0.276125,0.006288351541001356
0.2761875,-0.02874251795468484
0.27625,-0.06785314616646951
0.2763125,-0.11534177370144857
0.276375,-0.1740275999660651
0.2764375,-0.24466626406653808
0.2765,-0.3256313448080278
0.2765625,-0.41290636326946517
0.276625,-0.5003941988502723
0.2766875,-0.5805122623134463
0.27675,-0.6450067982216564
0.2768125,-0.6858924844494348
0.276875,-0.6964073133880133
0.2769375,-0.6718695322276461
0.277,-0.61033360924284
0.2770625,-0.5129646159356629
0.277125,-0.3840824598650753
0.2771875,-0.23086531826151196
0.27725,-0.06274095843043936
0.2773125,0.10946923493401686
0.277375,0.27456002261927076
0.2774375,0.42199450438868746
0.2775,0.5428824546345591
0.2775625,0.6307770907310727
0.277625,0.6822036417423857
0.2776875,0.6968641799073598
0.27775,0.677500631497517
0.2778125,0.6294372932478897
0.277875,0.5598609158447295
0.2779375,0.4769261679245976
0.278,0.3887935829244097
0.2780625,0.302713676664147
0.278125,0.2242640687119265
0.2781875,0.15682699743513487
0.27825,0.10136492638387523
0.2783125,0.05651554682912385
0.278375,0.01898872507397295
0.2784375,-0.01578856442866633
0.2785,-0.05286319747859286
0.2785625,-0.09688640123695788
0.278625,-0.15129472953363438
0.2786875,-0.21764636588223268
0.27875,-0.29519889336596145
0.2788125,-0.38078554298129375
0.278875,-0.46901085241035034
0.2789375,-0.5527479249938179
0.279,-0.6238826837698646
0.2790625,-0.6742200521865064
0.279125,-0.6964465008946721
0.2791875,-0.68503534195776
0.27925,-0.6369865221384767
0.2793125,-0.5523108723309058
0.279375,-0.4341976987187318
0.2794375,-0.2888408707097595
0.2795,-0.12493791757142877
0.2795625,0.0470855330894608
0.279625,0.2160418031509827
0.2796875,0.37103141565636677
0.27975,0.5024614874805768
0.2798125,0.6029199010264973
0.279875,0.667809639651139
0.2799375,0.6956754929081322
0.28,0.6881909602355674
0.2800625,0.6498124158377847
0.280125,0.5871458323135519
0.2801875,0.5081041082461504
0.28025,0.42095647034722505
0.2803125,0.33338279377475727
0.280375,0.2516437015153764
0.2804375,0.1799622414136427
0.2805,0.12018661936061362
0.2805625,0.07176904018829457
0.280625,0.03205728014913377
0.2806875,-0.003142238571450188
0.28075,-0.038803878214497003
0.2808125,-0.0798225332028403
0.280875,-0.1301635134414571
0.2809375,-0.19213116087907509
0.281,-0.26585049551976025
0.2810625,-0.34903050326213236
0.281125,-0.43704366342284096
0.2811875,-0.5233180116437729
0.28125,-0.6000000000000013
0.2813125,-0.6588131797419434
0.281375,-0.692013259322277
0.2814375,-0.693327314063704
0.2815,-0.6587653958112256
0.2815625,-0.5872064971171242
0.281625,-0.48068618545892544
0.2816875,-0.3443472793323328
0.28175,-0.18605369928835414
0.2818125,-0.015706542202628467
0.281875,0.15566407789906475
0.2819375,0.3169318616494918
0.282,0.45791778956140755
0.2820625,0.5703289461891946
0.282125,0.6484895820412102
0.2821875,0.6897854034501233
0.28225,0.6947753127186864
0.2823125,0.6669632644999903
0.282375,0.6122620401253213
0.2824375,0.5382159734220787
0.2825,0.45307685931860747
0.2825625,0.36484326319827687
0.282625,0.28037637519968234
0.2826875,0.20469511518525974
0.28275,0.14053066649417933
0.2828125,0.08818870318171271
0.282875,0.045730086524919514
0.2829375,0.009442207762075768
0.283,-0.025461962705610262
0.2830625,-0.06400751956894479
0.283125,-0.11059090096874616
0.2831875,-0.1681933980601361
0.28325,-0.23777583076721756
0.2833125,-0.31793349168422935
0.283375,-0.4048590499260938
0.2834375,-0.49262385229072037
0.2835,-0.5737493903440558
0.2835625,-0.6400052215524052
0.283625,-0.6833415704019717
0.2836875,-0.6968475479315075
0.28375,-0.675621499883983
0.2838125,-0.6174489900285217
0.283875,-0.5232053238889359
0.2839375,-0.39693082908910726
0.284,-0.2455646671193427
0.2840625,-0.0783623504447734
0.284125,0.09394125090830534
0.2841875,0.2601321131293085
0.28425,0.4095702234941779
0.2843125,0.5331793050168392
0.284375,0.6242640687119294
0.2844375,0.6790659842458748
0.2845,0.6969988800347695
0.2845625,0.6805427342247545
0.284625,0.6348134416789707
0.2846875,0.5668635072318197
0.28475,0.4847991618568437
0.2848125,0.3968197520551462
0.284875,0.31029304738707925
0.2849375,0.23097446658472892
0.285,0.16245984811647712
0.2850625,0.10593249943840907
0.285125,0.06022930462771932
0.2851875,0.022211938375334174
0.28525,-0.012607665004726636
0.2853125,-0.04926911836564979
0.285375,-0.0924950088965941
0.2854375,-0.14586276566211764
0.2855,-0.2111229178715371
0.2855625,-0.28775205795687503
0.285625,-0.37280051563807826
0.2856875,-0.4610591333085405
0.28575,-0.5455308433557207
0.2858125,-0.6181555876409157
0.285875,-0.6707059154762728
0.2859375,-0.6957490757440817
0.286,-0.687562165794419
0.2860625,-0.6428910499077696
0.286125,-0.5614608644174512
0.2861875,-0.446174003411293
0.28625,-0.30296724708344147
0.2863125,-0.14033896037030064
0.286375,0.03140455935268203
0.2864375,0.201101955340878
0.2865,0.35778415279652254
0.2865625,0.49170044366727533
0.286625,0.5952100594571466
0.2866875,0.6634415967907372
0.28675,0.6946495931267239
0.2868125,0.690232626027109
0.286875,0.6544164032320847
0.2869375,0.593643827673359
0.287,0.5157474399002836
0.2870625,0.4290040454331591
0.287125,0.3411838801935838
0.2871875,0.25870591124100084
0.28725,0.18599694370345626
0.2873125,0.12512679565861648
0.287375,0.07575795419744477
0.2874375,0.035409876118578446
0.2875,-1.9817181815529457e-16
0.2875625,-0.03540987611857886
0.287625,-0.07575795419744527
0.2876875,-0.1251267956586532
0.28775,-0.1859969437035011
0.2878125,-0.2587059112410531
0.287875,-0.34118388019358475
0.2879375,-0.42900404543321835
0.288,-0.5157474399002846
0.2880625,-0.5936438276733598
0.288125,-0.6544164032320853
0.2881875,-0.6902326260271232
0.28825,-0.6946495931267153
0.2883125,-0.6634415967907367
0.288375,-0.5952100594570886
0.2884375,-0.49170044366719523
0.2885,-0.35778415279661735
0.2885625,-0.2011019553408761
0.288625,-0.03140455935268005
0.2886875,0.14033896037041374
0.28875,0.30296724708354483
0.2888125,0.44617400341129454
0.288875,0.5614608644175176
0.2889375,0.642891049907812
0.289,0.687562165794402
0.2890625,0.6957490757440815
0.289125,0.670705915476246
0.2891875,0.6181555876408729
0.28925,0.5455308433557198
0.2893125,0.46105913330859716
0.289375,0.3728005156380196
0.2894375,0.28775205795682046
0.2895,0.21112291787158316
0.2895625,0.145862765662078
0.289625,0.09249500889656212
0.2896875,0.04926911836564933
0.28975,0.01260766500472623
0.2898125,-0.02221193837531117
0.289875,-0.060229304627746894
0.2899375,-0.10593249943844305
0.29,-0.16245984811643674
0.2900625,-0.23097446658477866
0.290125,-0.31029304738713526
0.2901875,-0.3968197520551473
0.29025,-0.4847991618568446
0.2903125,-0.5668635072318204
0.290375,-0.6348134416790098
0.2904375,-0.6805427342247548
0.2905,-0.6969988800347695
0.2905625,-0.6790659842458506
0.290625,-0.6242640687118803
0.2906875,-0.533179305016838
0.29075,-0.40957022349417627
0.2908125,-0.2601321131293067
0.290875,-0.09394125090830338
0.2909375,0.07836235044477538
0.291,0.24556466711923863
0.2910625,0.39693082908920113
0.291125,0.5232053238890103
0.2911875,0.6174489900285227
0.29125,0.6756214998840094
0.2913125,0.6968475479315054
0.291375,0.6833415704019714
0.2914375,0.6400052215524046
0.2915,0.5737493903441042
0.2915625,0.492623852290663
0.291625,0.4048590499260928
0.2916875,0.31793349168417284
0.29175,0.23777583076716707
0.2918125,0.16819339806017722
0.291875,0.11059090096874558
0.2919375,0.0640075195689443
0.292,0.025461962705609853
0.2920625,-0.009442207762099034
0.292125,-0.04573008652491997
0.2921875,-0.0881887031817441
0.29225,-0.14053066649421822
0.2923125,-0.20469511518521438
0.292375,-0.2803763751996833
0.2924375,-0.3648432631983354
0.2925,-0.4530768593186086
0.2925625,-0.5382159734220797
0.292625,-0.6122620401253219
0.2926875,-0.6669632645000186
0.29275,-0.6947753127186946
0.2928125,-0.6897854034501381
0.292875,-0.64848958204117
0.2929375,-0.5703289461891302
0.293,-0.45791778956149026
0.2930625,-0.31693186164949
0.293125,-0.15566407789906284
0.2931875,0.015706542202744103
0.29325,0.18605369928846532
0.2933125,0.3443472793322365
0.293375,0.48068618545900754
0.2934375,0.5872064971171842
0.2935,0.6587653958111912
0.2935625,0.6933273140637042
0.293625,0.6920132593222648
0.2936875,0.6588131797419119
0.29375,0.6000000000000005
0.2938125,0.5233180116438263
0.293875,0.4370436634227818
0.2939375,0.34903050326207435
0.294,0.26585049551975937
0.2940625,0.19213116087907428
0.294125,0.13016351344141966
0.2941875,0.07982253320283975
0.29425,0.03880387821449657
0.2943125,0.0031422385714725432
0.294375,-0.03205728014915833
0.2944375,-0.07176904018832364
0.2945,-0.12018661936061426
0.2945625,-0.17996224141368677
0.294625,-0.2516437015154281
0.2946875,-0.3333827937747583
0.29475,-0.42095647034722605
0.2948125,-0.5081041082460958
0.294875,-0.5871458323136001
0.2949375,-0.6498124158377853
0.295,-0.6881909602355833
0.2950625,-0.6956754929081257
0.295125,-0.6678096396511081
0.2951875,-0.6029199010264963
0.29525,-0.5024614874805755
0.2953125,-0.3710314156563651
0.295375,-0.21604180315087312
0.2954375,-0.04708553308945882
0.2955,0.12493791757154246
0.2955625,0.2888408707098641
0.295625,0.43419769871882086
0.2956875,0.5523108723309069
0.29575,0.6369865221385214
0.2958125,0.6850353419577604
0.295875,0.696446500894672
0.2959375,0.6742200521865059
0.296,0.6238826837698229
0.2960625,0.5527479249937651
0.296125,0.46901085241029183
0.2961875,0.3807855429812348
0.29625,0.2951988933659063
0.2963125,0.21764636588227942
0.296375,0.15129472953363365
0.2964375,0.09688640123695735
0.2965,0.052863197478566215
0.2965625,0.01578856442864284
0.296625,-0.018988725073973346
0.2966875,-0.056515546829150984
0.29675,-0.10136492638390851
0.2968125,-0.15682699743509523
0.296875,-0.22426406871192733
0.2969375,-0.30271367666420257
0.297,-0.38879358292446864
0.2970625,-0.4769261679245986
0.297125,-0.5598609158446793
0.2971875,-0.62943729324793
0.29725,-0.6775006314975405
0.2973125,-0.6968641799073579
0.297375,-0.6822036417423853
0.2974375,-0.6307770907310258
0.2975,-0.5428824546345579
0.2975625,-0.4219945043886859
0.297625,-0.27456002261937285
0.2976875,-0.10946923493390273
0.29775,0.06274095843055452
0.2978125,0.230865318261407
0.297875,0.38408245986517064
0.2979375,0.5129646159357393
0.298,0.6103336092428409
0.2980625,0.6718695322276467
0.298125,0.6964073133880093
0.2981875,0.685892484449417
0.29825,0.6450067982216559
0.2983125,0.5805122623134941
0.298375,0.5003941988502153
0.2984375,0.412906363269406
0.2985,0.3256313448080269
0.2985625,0.24466626406653721
0.298625,0.17402759996606434
0.2986875,0.11534177370141324
0.29875,0.06785314616646908
0.2988125,0.02874251795470828
0.298875,-0.006288351541024544
0.2989375,-0.04224279908697866
0.299,-0.08396531042506084
0.2990625,-0.1352978339919096
0.299125,-0.19836417893129593
0.2991875,-0.27307489201522983
0.29925,-0.3569184229259316
0.2993125,-0.4450698045659276
0.299375,-0.5308096054821239
0.2994375,-0.6062081313046757
0.2995,-0.6629972609741442
0.2995625,-0.6935287915626556
0.299625,-0.6917065522111501
0.2996875,-0.6537812474790548
0.29975,-0.5789118439949268
0.2998125,-0.46942360646022946
0.299875,-0.3307275500968447
0.2999375,-0.17090504421666816
0.3,-3.908966067086117e-15
0.3000625,0.1709050442167706
0.300125,0.3307275500968379
0.3001875,0.46942360646022374
0.30025,0.5789118439949836
0.3003125,0.6537812474790523
0.300375,0.6917065522111364
0.3004375,0.6935287915626462
0.3005,0.6629972609741464
0.3005625,0.60620813130459
0.300625,0.5308096054821274
0.3006875,0.44506980456593165
0.30075,0.3569184229258783
0.3008125,0.27307489201528606
0.300875,0.19836417893129907
0.3009375,0.13529783399187464
0.301,0.08396531042506292
0.3010625,0.042242799086930266
0.301125,0.006288351541026109
0.3011875,-0.028742517954706642
0.30125,-0.06785314616649518
0.3013125,-0.11534177370141083
0.301375,-0.1740275999660614
0.3014375,-0.24466626406658393
0.3015,-0.325631344808023
0.3015625,-0.4129063632694603
0.301625,-0.5003941988502115
0.3016875,-0.5805122623134907
0.30175,-0.6450067982216888
0.3018125,-0.6858924844494158
0.301875,-0.6964073133880095
0.3019375,-0.6718695322276204
0.302,-0.6103336092428444
0.3020625,-0.5129646159356693
0.302125,-0.3840824598651771
0.3021875,-0.23086531826141438
0.30225,-0.06274095843033592
0.3023125,0.10946923493389502
0.302375,0.2745600226193657
0.3024375,0.4219945043887689
0.3025,0.5428824546344839
0.3025625,0.6307770907310686
0.302625,0.6822036417423838
0.3026875,0.696864179907358
0.30275,0.6775006314974962
0.3028125,0.6294372932479326
0.302875,0.5598609158446829
0.3029375,0.47692616792454534
0.303,0.38879358292447264
0.3030625,0.3027136766641517
0.303125,0.22426406871193066
0.3031875,0.15682699743509798
0.30325,0.10136492638387803
0.3033125,0.0565155468291528
0.303375,0.018988725073951725
0.3034375,-0.01578856442868743
0.3035,-0.0528631974785644
0.3035625,-0.09688640123698727
0.303625,-0.15129472953363093
0.3036875,-0.2176463658822286
0.30375,-0.29519889336595684
0.3038125,-0.38078554298123085
0.303875,-0.46901085241040286
0.3039375,-0.5527479249938653
0.304,-0.6238826837698201
0.3040625,-0.6742200521865289
0.304125,-0.6964465008946678
0.3041875,-0.6850353419577616
0.30425,-0.6369865221384806
0.3043125,-0.5523108723309116
0.304375,-0.4341976987186519
0.3044375,-0.2888408707097684
0.3045,-0.12493791757155014
0.3045625,0.04708553308956444
0.304625,0.21604180315086569
0.3046875,0.37103141565635855
0.30475,0.5024614874806472
0.3048125,0.6029199010264925
0.304875,0.6678096396511364
0.3049375,0.6956754929081252
0.305,0.6881909602355845
0.3050625,0.6498124158377535
0.305125,0.5871458323136035
0.3051875,0.5081041082460995
0.30525,0.4209564703471719
0.3053125,0.33338279377481844
0.305375,0.25164370151538074
0.3054375,0.17996224141368977
0.3055,0.12018661936061667
0.3055625,0.07176904018826843
0.305625,0.03205728014915999
0.3056875,-0.0031422385714709776
0.30575,-0.038803878214519597
0.3058125,-0.07982253320280802
0.305875,-0.13016351344145394
0.3059375,-0.19213116087907128
0.306,-0.2658504955197558
0.3060625,-0.3490305032621843
0.306125,-0.43704366342277784
0.3061875,-0.5233180116438226
0.30625,-0.6000000000000429
0.3063125,-0.6588131797419097
0.306375,-0.6920132593222759
0.3064375,-0.693327314063705
0.3065,-0.6587653958111936
0.3065625,-0.5872064971171294
0.306625,-0.480686185459013
0.3066875,-0.3443472793322433
0.30675,-0.18605369928825427
0.3068125,-0.01570654220275192
0.306875,0.1556640778991658
0.3069375,0.3169318616494831
0.307,0.4579177895614004
0.3070625,0.5703289461891892
0.307125,0.6484895820411674
0.3071875,0.689785403450137
0.30725,0.6947753127186791
0.3073125,0.6669632645000205
0.307375,0.6122620401252816
0.3074375,0.5382159734221367
0.3075,0.4530768593186125
0.3075625,0.3648432631982818
0.307625,0.28037637519968694
0.3076875,0.20469511518521752
0.30775,0.1405306664941826
0.3078125,0.08818870318174624
0.307875,0.04573008652489628
0.3079375,0.009442207762100602
0.308,-0.02546196270560823
0.3080625,-0.06400751956897001
0.308125,-0.11059090096874324
0.3081875,-0.1681933980601325
0.30825,-0.23777583076721326
0.3083125,-0.317933491684169
0.308375,-0.40485904992614685
0.3084375,-0.49262385229065914
0.3085,-0.5737493903441009
0.3085625,-0.6400052215524391
0.308625,-0.6833415704019508
0.3086875,-0.6968475479315077
0.30875,-0.6756214998839852
0.3088125,-0.617448990028526
0.308875,-0.523205323888869
0.3089375,-0.39693082908920746
0.309,-0.2455646671192459
0.3090625,-0.07836235044467021
0.309125,0.09394125090818306
0.3091875,0.26013211312929946
0.30925,0.4095702234942607
0.3093125,0.5331793050168332
0.309375,0.6242640687119735
0.3094375,0.679065984245849
0.3095,0.6969988800347695
0.3095625,0.6805427342247351
0.309625,0.6348134416790122
0.3096875,0.5668635072318239
0.30975,0.4847991618567917
0.3098125,0.3968197520551513
0.309875,0.31029304738708396
0.3099375,0.23097446658478205
0.31,0.16245984811643954
0.3100625,0.10593249943837857
0.310125,0.06022930462774875
0.3101875,0.02221193837531278
0.31025,-0.012607665004747616
0.3103125,-0.04926911836562174
0.310375,-0.0924950088965914
0.3104375,-0.14586276566207543
0.3105,-0.2111229178715799
0.3105625,-0.2877520579569241
0.310625,-0.37280051563801564
0.3106875,-0.46105913330859316
0.31075,-0.5455308433557687
0.3108125,-0.61815558764087
0.310875,-0.6707059154762706
0.3109375,-0.6957490757440811
0.311,-0.6875621657944031
0.3110625,-0.6428910499077731
0.311125,-0.5614608644175221
0.3111875,-0.4461740034112146
0.31125,-0.30296724708334855
0.3113125,-0.1403389603704214
0.311375,0.0314045593527858
0.3114375,0.2011019553408686
0.3115,0.3577841527965142
0.3115625,0.4917004436672685
0.311625,0.5952100594570847
0.3116875,0.6634415967907672
0.31175,0.6946495931267318
0.3118125,0.6902326260271241
0.311875,0.654416403232055
0.3119375,0.5936438276734096
0.312,0.5157474399002884
0.3120625,0.42900404543316417
0.312125,0.3411838801935887
0.3121875,0.25870591124095377
0.31225,0.18599694370346007
0.3123125,0.12512679565865564
0.312375,0.07575795419741813
0.3124375,0.03540987611860495
0.3125,1.7617582449897412e-15
0.3125625,-0.03540987611860118
0.312625,-0.07575795419744277
0.3126875,-0.12512679565868617
0.31275,-0.18599694370345327
0.3128125,-0.2587059112409972
0.312875,-0.34118388019363655
0.3129375,-0.42900404543315507
0.313,-0.5157474399002798
0.3130625,-0.5936438276734023
0.313125,-0.6544164032320825
0.3131875,-0.690232626027122
0.31325,-0.6946495931267246
0.3133125,-0.6634415967907394
0.313375,-0.5952100594570366
0.3134375,-0.4917004436672807
0.3135,-0.35778415279652914
0.3135625,-0.2011019553407769
0.313625,-0.0314045593528034
0.3136875,0.14033896037040416
0.31375,0.3029672470834344
0.3138125,0.44617400341128716
0.313875,0.5614608644175771
0.3139375,0.6428910499077667
0.314,0.6875621657944178
0.3140625,0.6957490757440761
0.314125,0.6707059154762746
0.3141875,0.6181555876408766
0.31425,0.5455308433557244
0.3143125,0.4610591333085445
0.314375,0.3728005156380245
0.3144375,0.28775205795687875
0.3145,0.2111229178715403
0.3145625,0.14586276566204245
0.314625,0.09249500889659626
0.3146875,0.04926911836562574
0.31475,0.012607665004728215
0.3148125,-0.02221193837530914
0.314875,-0.06022930462774455
0.3149375,-0.10593249943840682
0.315,-0.1624598481164743
0.3150625,-0.2309744665848234
0.315125,-0.3102930473870754
0.3151875,-0.3968197520552004
0.31525,-0.4847991618567829
0.3153125,-0.5668635072318161
0.315375,-0.6348134416790063
0.3154375,-0.6805427342247529
0.3155,-0.6969988800347695
0.3155625,-0.6790659842458526
0.315625,-0.6242640687119327
0.3156875,-0.533179305016773
0.31575,-0.4095702234942748
0.3158125,-0.2601321131293157
0.315875,-0.0939412509082005
0.3159375,0.07836235044476564
0.316,0.24556466711922947
0.3160625,0.3969308290891932
0.316125,0.5232053238889309
0.3161875,0.6174489900285687
0.31625,0.6756214998839811
0.3163125,0.6968475479315073
0.316375,0.6833415704019538
0.3164375,0.6400052215524079
0.3165,0.5737493903441084
0.3165625,0.49262385229066785
0.316625,0.4048590499260978
0.3166875,0.3179334916841221
0.31675,0.23777583076722092
0.3168125,0.16819339806013897
0.316875,0.11059090096871449
0.3169375,0.06400751956897424
0.317,0.02546196270561188
0.3170625,-0.00944220776209706
0.317125,-0.045730086524917765
0.3171875,-0.08818870318177233
0.31725,-0.14053066649417667
0.3173125,-0.20469511518525654
0.317375,-0.28037637519973185
0.3174375,-0.36484326319827287
0.3175,-0.45307685931860364
0.3175625,-0.5382159734221283
0.317625,-0.6122620401253183
0.3176875,-0.6669632645000163
0.31775,-0.6947753127186859
0.3178125,-0.6897854034501243
0.317875,-0.648489582041134
0.3179375,-0.5703289461891989
0.318,-0.4579177895614134
0.3180625,-0.3169318616493982
0.318125,-0.15566407789918296
0.3181875,0.015706542202734305
0.31825,0.18605369928834664
0.3183125,0.344347279332326
0.318375,0.48068618545908115
0.3184375,0.5872064971171201
0.3185,0.6587653958112232
0.3185625,0.693327314063714
0.318625,0.6920132593222778
0.3186875,0.6588131797419144
0.31875,0.6000000000000045
0.3188125,0.5233180116437766
0.318875,0.4370436634227868
0.3189375,0.34903050326213625
0.319,0.2658504955197118
0.3190625,0.19213116087903342
0.319125,0.13016351344145957
0.3191875,0.07982253320281266
0.31925,0.03880387821449871
0.3193125,0.0031422385714745043
0.319375,-0.032057280149156236
0.3194375,-0.07176904018829257
0.3195,-0.12018661936064659
0.3195625,-0.17996224141372635
0.319625,-0.25164370151537285
0.3196875,-0.33338279377480984
0.31975,-0.4209564703472211
0.3198125,-0.508104108246091
0.319875,-0.5871458323135961
0.3199375,-0.6498124158377823
0.32,-0.6881909602355977
0.3200625,-0.6956754929081199
0.320125,-0.6678096396511412
0.3201875,-0.6029199010264463
0.32025,-0.5024614874806591
0.3203125,-0.3710314156563733
0.320375,-0.2160418031508824
0.3204375,-0.0470855330894686
0.3205,0.12493791757164455
0.3205625,0.2888408707097524
0.320625,0.4341976987187258
0.3206875,0.5523108723309684
0.32075,0.6369865221384738
0.3208125,0.6850353419577586
0.320875,0.6964465008946683
0.3209375,0.674220052186508
0.321,0.6238826837698265
0.3210625,0.5527479249938214
0.321125,0.46901085241035423
0.3211875,0.38078554298118195
0.32125,0.29519889336596516
0.3213125,0.217646365882236
0.321375,0.1512947295335974
0.3214375,0.09688640123699221
0.3215,0.05286319747856846
0.3215625,0.01578856442866791
0.321625,-0.018988725073971355
0.3216875,-0.05651554682917534
0.32175,-0.10136492638387301
0.3218125,-0.15682699743513218
0.321875,-0.2242640687119714
0.3219375,-0.3027136766641433
0.322,-0.3887935829244637
0.3220625,-0.47692616792459375
0.322125,-0.5598609158447261
0.3221875,-0.6294372932479265
0.32225,-0.6775006314975155
0.3223125,-0.6968641799073598
0.322375,-0.6822036417423656
0.3224375,-0.6307770907310758
0.3225,-0.5428824546344946
0.3225625,-0.42199450438869357
0.322625,-0.2745600226193818
0.3226875,-0.1094692349339124
0.32275,0.06274095843043158
0.3228125,0.23086531826150464
0.322875,0.38408245986525624
0.3229375,0.5129646159356578
0.323,0.6103336092428888
0.3230625,0.6718695322276442
0.323125,0.6964073133880089
0.3231875,0.6858924844494185
0.32325,0.6450067982216589
0.3233125,0.5805122623134497
0.323375,0.5003941988501641
0.3234375,0.4129063632694693
0.3235,0.3256313448079758
0.3235625,0.2446662640665917
0.323625,0.17402759996606804
0.3236875,0.11534177370141618
0.32375,0.06785314616647145
0.3238125,0.028742517954686478
0.323875,-0.006288351541022582
0.3239375,-0.042242799086951444
0.324,-0.08396531042508851
0.3240625,-0.1352978339918688
0.324125,-0.198364178931292
0.3241875,-0.27307489201527785
0.32425,-0.3569184229259267
0.3243125,-0.44506980456592277
0.324375,-0.5308096054821191
0.3244375,-0.6062081313046274
0.3245,-0.6629972609741712
0.3245625,-0.6935287915626447
0.324625,-0.6917065522111383
0.3246875,-0.6537812474790208
0.32475,-0.5789118439949931
0.3248125,-0.46942360646023656
0.324875,-0.33072755009685323
0.3249375,-0.17090504421667765
0.325,9.997822133880473e-14
0.3250625,0.17090504421665112
0.325125,0.33072755009692856
0.3251875,0.46942360646029907
0.32525,0.5789118439949172
0.3253125,0.653781247479049
0.325375,0.6917065522111481
0.3254375,0.6935287915626472
0.3255,0.6629972609741488
0.3255625,0.6062081313046381
0.325625,0.5308096054820781
0.3256875,0.44506980456587864
0.32575,0.3569184229259405
0.3258125,0.27307489201523805
0.325875,0.19836417893125752
0.3259375,0.1352978339919154
0.326,0.08396531042506555
0.3260625,0.04224279908695747
0.326125,0.006288351541005287
0.3261875,-0.028742517954728437
0.32625,-0.06785314616646468
0.3263125,-0.11534177370144261
0.326375,-0.17402759996610034
0.3264375,-0.24466626406652944
0.3265,-0.32563134480801814
0.3265625,-0.4129063632694552
0.326625,-0.5003941988502626
0.3266875,-0.580512262313535
0.32675,-0.6450067982216503
0.3268125,-0.6858924844494318
0.326875,-0.6964073133880057
0.3269375,-0.671869532227651
0.327,-0.610333609242849
0.3270625,-0.5129646159356758
0.327125,-0.3840824598650914
0.3271875,-0.23086531826142354
0.32725,-0.06274095843045888
0.3273125,0.10946923493399754
0.327375,0.27456002261946066
0.3274375,0.42199450438867214
0.3275,0.5428824546345472
0.3275625,0.6307770907310647
0.327625,0.682203641742382
0.3276875,0.6968641799073583
0.32775,0.677500631497521
0.3278125,0.6294372932478964
0.327875,0.5598609158446362
0.3279375,0.4769261679246075
0.328,0.3887935829244197
0.3280625,0.302713676664211
0.328125,0.22426406871193483
0.3281875,0.1568269974351015
0.32825,0.1013649263838809
0.3283125,0.05651554682912846
0.328375,0.018988725073976954
0.3284375,-0.015788564428662354
0.3285,-0.05286319747858835
0.3285625,-0.09688640123695239
0.328625,-0.15129472953362755
0.3286875,-0.2176463658822721
0.32875,-0.29519889336595206
0.3288125,-0.3807855429812259
0.328875,-0.4690108524103404
0.3289375,-0.552747924993809
0.329,-0.6238826837698574
0.3290625,-0.6742200521865022
0.329125,-0.6964465008946714
0.3291875,-0.685035341957744
0.32925,-0.6369865221385282
0.3293125,-0.5523108723309174
0.329375,-0.4341976987187469
0.3294375,-0.28884087070977726
0.3295,-0.12493791757144806
0.3295625,0.047085533089441245
0.329625,0.21604180315096416
0.3296875,0.37103141565644554
0.32975,0.5024614874805636
0.3298125,0.6029199010264878
0.329875,0.6678096396511338
0.3299375,0.6956754929081311
0.33,0.6881909602355858
0.3300625,0.6498124158377905
0.330125,0.58714583231356
0.3301875,0.5081041082460487
0.33025,0.4209564703472351
0.3303125,0.3333827937747671
0.330375,0.2516437015153852
0.3304375,0.17996224141365022
0.3305,0.12018661936061975
0.3305625,0.07176904018829951
0.330625,0.03205728014913794
0.3306875,-0.0031422385714917674
0.33075,-0.03880387821449273
0.3308125,-0.0798225332028352
0.330875,-0.13016351344145077
0.3309375,-0.19213116087906734
0.331,-0.26585049551975126
0.3310625,-0.3490305032621225
0.331125,-0.43704366342283096
0.3311875,-0.5233180116438725
0.33125,-0.5999999999999935
0.3313125,-0.6588131797419381
0.331375,-0.692013259322263
0.3314375,-0.6933273140637058
0.3315,-0.6587653958111968
0.3315625,-0.5872064971171344
0.331625,-0.4806861854589394
0.3316875,-0.34434727933225173
0.33175,-0.18605369928837298
0.3318125,-0.01570654220264806
0.331875,0.15566407789904568
0.3319375,0.31693186164947446
0.332,0.4579177895614772
0.3320625,0.5703289461891836
0.332125,0.648489582041164
0.3321875,0.6897854034501357
0.33225,0.6947753127186878
0.3323125,0.6669632644999951
0.332375,0.6122620401253286
0.3324375,0.5382159734220878
0.3325,0.45307685931855973
0.3325625,0.36484326319834426
0.332625,0.2803763751996916
0.3326875,0.2046951151852215
0.33275,0.14053066649418594
0.3328125,0.08818870318171804
0.332875,0.045730086524923885
0.3329375,0.00944220776207971
0.333,-0.025461962705629823
0.3330625,-0.06400751956893998
0.333125,-0.11059090096874033
0.3331875,-0.1681933980601707
0.33325,-0.23777583076720904
0.3333125,-0.31793349168416435
0.333375,-0.4048590499260837
0.3334375,-0.4926238522907107
0.3335,-0.5737493903441461
0.3335625,-0.640005221552399
0.333625,-0.6833415704019684
0.3336875,-0.6968475479315057
0.33375,-0.6756214998839875
0.3338125,-0.6174489900285305
0.333875,-0.5232053238889485
0.3339375,-0.39693082908912314
0.334,-0.24556466711914912
0.3340625,-0.07836235044479287
0.334125,0.09394125090828594
0.3341875,0.2601321131293953
0.33425,0.4095702234941622
0.3343125,0.533179305016827
0.334375,0.6242640687119212
0.3344375,0.6790659842458707
0.3345,0.6969988800347696
0.3345625,0.680542734224758
0.334625,0.6348134416789774
0.3346875,0.566863507231778
0.33475,0.48479916185685346
0.3348125,0.3968197520551563
0.334875,0.31029304738708874
0.3349375,0.23097446658473736
0.335,0.16245984811644307
0.3350625,0.10593249943841482
0.335125,0.060229304627723995
0.3351875,0.02221193837529139
0.33525,-0.01260766500472267
0.3353125,-0.049269118365645334
0.335375,-0.09249500889658868
0.3354375,-0.14586276566207204
0.3355,-0.21112291787157594
0.3355625,-0.2877520579568658
0.335625,-0.3728005156380684
0.3356875,-0.46105913330864584
0.33575,-0.5455308433557117
0.3358125,-0.6181555876409085
0.335875,-0.6707059154762419
0.3359375,-0.6957490757440806
0.336,-0.6875621657944047
0.3360625,-0.6428910499077769
0.336125,-0.5614608644174625
0.3361875,-0.4461740034113078
0.33625,-0.30296724708345896
0.3363125,-0.1403389603703198
0.336375,0.03140455935266245
0.3364375,0.20110195534085926
0.3365,0.3577841527966025
0.3365625,0.49170044366726173
0.336625,0.5952100594570798
0.3366875,0.6634415967907317
0.33675,0.6946495931267225
0.3368125,0.6902326260271114
0.336875,0.6544164032320904
0.3369375,0.5936438276733671
0.337,0.5157474399002381
0.3370625,0.4290040454331691
0.337125,0.3411838801935936
0.3371875,0.2587059112410096
0.33725,0.1859969437034639
0.3373125,0.1251267956586227
0.337375,0.07575795419744977
0.3374375,0.03540987611858265
0.3375,-1.901567923618842e-14
0.3375625,-0.03540987611857467
0.337625,-0.07575795419744025
0.3376875,-0.12512679565864693
0.33775,-0.1859969437034935
0.3378125,-0.25870591124104425
0.337875,-0.341183880193575
0.3379375,-0.42900404543320825
0.338,-0.5157474399003301
0.3380625,-0.5936438276733519
0.338125,-0.6544164032320797
0.3381875,-0.6902326260271208
0.33825,-0.6946495931267169
0.3383125,-0.6634415967907422
0.338375,-0.5952100594570984
0.3384375,-0.4917004436672088
0.3385,-0.35778415279644094
0.3385625,-0.2011019553408948
0.338625,-0.03140455935269963
0.3386875,0.14033896037039456
0.33875,0.3029672470834257
0.3388125,0.4461740034112798
0.338875,0.5614608644175063
0.3389375,0.6428910499078048
0.339,0.6875621657944334
0.3390625,0.6957490757440826
0.339125,0.6707059154762507
0.3391875,0.6181555876409222
0.33925,0.5455308433557289
0.3393125,0.46105913330854953
0.339375,0.3728005156380295
0.3394375,0.2877520579568298
0.3395,0.21112291787154433
0.3395625,0.14586276566208478
0.339625,0.0924950088965675
0.3396875,0.049269118365653786
0.33975,0.012607665004730196
0.3398125,-0.022211938375330545
0.339875,-0.06022930462774222
0.3399375,-0.10593249943840391
0.34,-0.16245984811647074
0.3400625,-0.23097446658477028
0.340125,-0.3102930473871257
0.3401875,-0.3968197520551372
0.34025,-0.48479916185683486
0.3403125,-0.5668635072318621
0.340375,-0.634813441679003
0.3404375,-0.6805427342247512
0.3405,-0.6969988800347694
0.3405625,-0.6790659842458547
0.340625,-0.6242640687118888
0.3406875,-0.5331793050168503
0.34075,-0.4095702234941919
0.3408125,-0.2601321131292198
0.340875,-0.09394125090832278
0.3409375,0.0783623504447559
0.341,0.24556466711932629
0.3410625,0.3969308290891852
0.341125,0.5232053238889978
0.3411875,0.6174489900285139
0.34125,0.6756214998840049
0.3413125,0.6968475479315093
0.341375,0.6833415704019747
0.3414375,0.640005221552411
0.3415,0.5737493903440635
0.3415625,0.4926238522906727
0.341625,0.4048590499261028
0.3416875,0.3179334916841824
0.34175,0.23777583076717562
0.3418125,0.16819339806010072
0.341875,0.11059090096875146
0.3419375,0.06400751956894903
0.342,0.025461962705590306
0.3420625,-0.009442207762072226
0.342125,-0.04573008652491557
0.3421875,-0.0881887031817388
0.34225,-0.14053066649421161
0.3423125,-0.20469511518529876
0.342375,-0.28037637519967407
0.3424375,-0.3648432631983254
0.3425,-0.4530768593186565
0.3425625,-0.5382159734220705
0.342625,-0.6122620401253145
0.3426875,-0.6669632645000139
0.34275,-0.6947753127186932
0.3428125,-0.6897854034501256
0.342875,-0.6484895820411769
0.3429375,-0.5703289461891412
0.343,-0.4579177895613365
0.3430625,-0.3169318616495073
0.343125,-0.15566407789908188
0.3431875,0.01570654220272451
0.34325,0.1860536992883372
0.3433125,0.34434727933231757
0.343375,0.48068618545899355
0.3434375,0.5872064971171741
0.3435,0.6587653958112551
0.3435625,0.6933273140637023
0.343625,0.6920132593222669
0.3436875,0.6588131797419171
0.34375,0.6000000000000084
0.3438125,0.5233180116437812
0.343875,0.43704366342279183
0.3439375,0.34903050326208424
0.344,0.2658504955197683
0.3440625,0.192131160879082
0.344125,0.130163513441426
0.3441875,0.07982253320284488
0.34425,0.038803878214500834
0.3443125,0.0031422385714537145
0.344375,-0.03205728014915415
0.3444375,-0.07176904018831873
0.3445,-0.12018661936060818
0.3445625,-0.17996224141367928
0.344625,-0.2516437015154193
0.3446875,-0.33338279377474866
0.34475,-0.42095647034721606
0.3448125,-0.5081041082461417
0.344875,-0.587145832313592
0.3449375,-0.6498124158377795
0.345,-0.6881909602355807
0.3450625,-0.6956754929081269
0.345125,-0.6678096396511133
0.3451875,-0.6029199010265057
0.34525,-0.5024614874805888
0.3453125,-0.3710314156562863
0.345375,-0.21604180315099936
0.3454375,-0.047085533089478375
0.3455,0.1249379175715232
0.3455625,0.2888408707098464
0.345625,0.43419769871880587
0.3456875,0.5523108723308954
0.34575,0.6369865221385138
0.3458125,0.6850353419577764
0.345875,0.6964465008946727
0.3459375,0.6742200521865103
0.346,0.62388268376983
0.3460625,0.552747924993774
0.346125,0.46901085241035917
0.3461875,0.3807855429812448
0.34625,0.29519889336591565
0.3463125,0.21764636588219255
0.346375,0.1512947295336405
0.3464375,0.0968864012369629
0.3465,0.05286319747857071
0.3465625,0.015788564428669903
0.346625,-0.01898872507396935
0.3466875,-0.05651554682914642
0.34675,-0.1013649263839029
0.3468125,-0.15682699743516904
0.346875,-0.224264068711919
0.3469375,-0.30271367666419324
0.347,-0.38879358292445865
0.3470625,-0.47692616792458875
0.347125,-0.5598609158447216
0.3471875,-0.6294372932479231
0.34725,-0.6775006314975365
0.3473125,-0.6968641799073596
0.347375,-0.6822036417423891
0.3474375,-0.6307770907310337
0.3475,-0.5428824546345699
0.3475625,-0.42199450438870123
0.347625,-0.27456002261928686
0.3476875,-0.10946923493392208
0.34775,0.06274095843053501
0.3478125,0.23086531826149542
0.347875,0.38408245986515444
0.3479375,0.5129646159357264
0.348,0.6103336092428318
0.3480625,0.6718695322276418
0.348125,0.6964073133880126
0.3481875,0.68589248444942
0.34825,0.6450067982216618
0.3483125,0.580512262313454
0.348375,0.500394198850225
0.3484375,0.412906363269416
0.3485,0.32563134480803646
0.3485625,0.24466626406654585
0.348625,0.17402759996602907
0.3486875,0.11534177370145393
0.34875,0.06785314616647388
0.3488125,0.028742517954688532
0.348875,-0.006288351541020618
0.3489375,-0.04224279908697433
0.349,-0.08396531042505562
0.3490625,-0.13529783399190312
0.349125,-0.1983641789313336
0.3491875,-0.2730748920152208
0.34925,-0.3569184229259218
0.3493125,-0.44506980456597567
0.349375,-0.5308096054821145
0.3494375,-0.6062081313046236
0.3495,-0.6629972609741392
0.3495625,-0.6935287915626539
0.349625,-0.6917065522111266
0.3496875,-0.6537812474790612
0.34975,-0.5789118439949372
0.3498125,-0.46942360646016124
0.349875,-0.330727550096961
0.3499375,-0.17090504421668715
0.35,-2.3508266698536476e-14
0.3500625,0.17090504421675162
0.350125,0.3307275500970192
0.3501875,0.46942360646020953
0.35025,0.5789118439949731
0.3503125,0.653781247479083
0.350375,0.6917065522111342
0.3504375,0.693528791562648
0.3505,0.6629972609741513
0.3505625,0.6062081313045976
0.350625,0.5308096054820828
0.3506875,0.44506980456594164
0.35075,0.35691842292588816
0.3508125,0.2730748920151899
0.350875,0.1983641789313069
0.3509375,0.13529783399188108
0.351,0.08396531042506811
0.3510625,0.04224279908693457
0.351125,0.0062883515410072505
0.3511875,-0.028742517954702534
0.35125,-0.06785314616649035
0.3513125,-0.1153417737014743
0.351375,-0.17402759996605408
0.3514375,-0.24466626406657527
0.3515,-0.32563134480801337
0.3515625,-0.4129063632694502
0.351625,-0.5003941988502578
0.3516875,-0.5805122623134824
0.35175,-0.6450067982216827
0.3518125,-0.6858924844494128
0.351875,-0.6964073133880103
0.3519375,-0.6718695322276251
0.352,-0.6103336092429061
0.3520625,-0.5129646159356823
0.352125,-0.38408245986509953
0.3521875,-0.23086531826143275
0.35225,-0.06274095843035543
0.3523125,0.10946923493387568
0.352375,0.27456002261934775
0.3524375,0.4219945043887535
0.3525,0.5428824546344719
0.3525625,0.6307770907310608
0.352625,0.6822036417424017
0.3526875,0.6968641799073585
0.35275,0.6775006314975229
0.3528125,0.6294372932479394
0.352875,0.5598609158446917
0.3529375,0.4769261679245552
0.353,0.38879358292448263
0.3530625,0.30271367666416116
0.353125,0.22426406871189075
0.3531875,0.1568269974351454
0.35325,0.1013649263838837
0.3533125,0.05651554682915742
0.353375,0.01898872507395573
0.3534375,-0.015788564428683448
0.3535,-0.05286319747855989
0.3535625,-0.0968864012369817
0.353625,-0.15129472953366377
0.3536875,-0.21764636588222042
0.35375,-0.29519889336594746
0.3538125,-0.3807855429812208
0.353875,-0.4690108524103929
0.3539375,-0.5527479249938044
0.354,-0.6238826837698132
0.3540625,-0.6742200521865247
0.354125,-0.6964465008946751
0.3541875,-0.6850353419577649
0.35425,-0.6369865221384882
0.3543125,-0.5523108723309231
0.354375,-0.434197698718667
0.3544375,-0.2888408707097861
0.3545,-0.1249379175715694
0.3545625,0.04708553308954488
0.354625,0.21604180315106256
0.3546875,0.3710314156563421
0.35475,0.5024614874806339
0.3548125,0.6029199010264831
0.354875,0.6678096396511312
0.3549375,0.6956754929081306
0.355,0.6881909602355871
0.3550625,0.6498124158377594
0.355125,0.5871458323135166
0.3551875,0.5081041082461092
0.35525,0.420956470347182
0.3553125,0.3333827937748282
0.355375,0.2516437015153895
0.3554375,0.17996224141365397
0.3555,0.1201866193606228
0.3555625,0.07176904018827333
0.355625,0.03205728014914002
0.3556875,-0.0031422385714670546
0.35575,-0.038803878214515336
0.3558125,-0.07982253320280289
0.355875,-0.1301635134414476
0.3559375,-0.19213116087910825
0.356,-0.2658504955197468
0.3560625,-0.3490305032621176
0.356125,-0.43704366342282597
0.3561875,-0.5233180116438132
0.35625,-0.6000000000000351
0.3563125,-0.6588131797419043
0.356375,-0.6920132593222739
0.3564375,-0.6933273140636962
0.3565,-0.6587653958112347
0.3565625,-0.5872064971171395
0.356625,-0.4806861854589463
0.3566875,-0.34434727933226017
0.35675,-0.18605369928827312
0.3568125,-0.015706542202771512
0.356875,0.15566407789914677
0.3569375,0.3169318616495662
0.357,0.45791778956138585
0.3570625,0.5703289461891782
0.357125,0.6484895820412
0.3571875,0.6897854034501344
0.35725,0.6947753127186885
0.3573125,0.6669632645000254
0.357375,0.6122620401252892
0.3574375,0.5382159734220392
0.3575,0.45307685931862257
0.3575625,0.36484326319829175
0.357625,0.280376375199643
0.3576875,0.20469511518522557
0.35775,0.14053066649418916
0.3578125,0.08818870318175157
0.357875,0.045730086524900654
0.3579375,0.00944220776205882
0.358,-0.025461962705604156
0.3580625,-0.06400751956896522
0.358125,-0.11059090096877142
0.3581875,-0.16819339806012526
0.35825,-0.23777583076720465
0.3583125,-0.31793349168415946
0.358375,-0.4048590499261368
0.3584375,-0.4926238522907623
0.3585,-0.5737493903440923
0.3585625,-0.6400052215524327
0.358625,-0.6833415704019862
0.3586875,-0.696847547931508
0.35875,-0.6756214998839897
0.3588125,-0.6174489900285347
0.358875,-0.5232053238888816
0.3589375,-0.39693082908913113
0.359,-0.24556466711926417
0.3590625,-0.07836235044468969
0.359125,0.09394125090838881
0.3591875,0.26013211312928136
0.35925,0.4095702234942451
0.3593125,0.5331793050168208
0.359375,0.624264068711917
0.3594375,0.6790659842458687
0.3595,0.6969988800347695
0.3595625,0.6805427342247388
0.359625,0.634813441679019
0.3596875,0.5668635072318327
0.35975,0.4847991618568016
0.3598125,0.39681975205521935
0.359875,0.3102930473870934
0.3599375,0.23097446658474155
0.36,0.16245984811644656
0.3600625,0.10593249943838434
0.360125,0.06022930462775343
0.3601875,0.02221193837531682
0.36025,-0.01260766500474365
0.3603125,-0.0492691183656173
0.360375,-0.09249500889658596
0.3604375,-0.14586276566210762
0.3605,-0.21112291787157184
0.3605625,-0.2877520579568612
0.360625,-0.37280051563800554
0.3606875,-0.4610591333085832
0.36075,-0.5455308433557596
0.3608125,-0.6181555876408628
0.360875,-0.670705915476266
0.3609375,-0.6957490757440861
0.361,-0.6875621657944061
0.3610625,-0.6428910499077803
0.361125,-0.5614608644175333
0.3611875,-0.44617400341122937
0.36125,-0.30296724708336603
0.3613125,-0.14033896037044058
0.361375,0.03140455935276622
0.3614375,0.20110195534095843
0.3615,0.3577841527964975
0.3615625,0.49170044366725496
0.361625,0.5952100594570751
0.3616875,0.6634415967907615
0.36175,0.6946495931267302
0.3618125,0.6902326260271265
0.361875,0.6544164032320606
0.3619375,0.5936438276733246
0.362,0.5157474399002979
0.3620625,0.42900404543317416
0.362125,0.34118388019359847
0.3621875,0.25870591124096265
0.36225,0.18599694370346764
0.3623125,0.1251267956586619
0.362375,0.07575795419742318
0.3624375,0.03540987611856035
0.3625,5.681618371279811e-15
0.3625625,-0.03540987611859696
0.362625,-0.07575795419743772
0.3626875,-0.12512679565864387
0.36275,-0.1859969437034897
0.3628125,-0.2587059112409883
0.362875,-0.3411838801936268
0.3629375,-0.42900404543326154
0.363,-0.5157474399002703
0.3630625,-0.5936438276733943
0.363125,-0.6544164032320444
0.3631875,-0.6902326260271195
0.36325,-0.6946495931267176
0.3633125,-0.6634415967907451
0.363375,-0.5952100594570464
0.3634375,-0.49170044366721555
0.3635,-0.3577841527965458
0.3635625,-0.2011019553407956
0.363625,-0.03140455935282298
0.3636875,0.140338960370385
0.36375,0.3029672470835186
0.3638125,0.44617400341127234
0.363875,0.5614608644175008
0.3639375,0.6428910499078011
0.364,0.6875621657944148
0.3640625,0.6957490757440771
0.364125,0.6707059154762791
0.3641875,0.6181555876408839
0.36425,0.5455308433556807
0.3643125,0.46105913330861215
0.364375,0.3728005156380345
0.3644375,0.2877520579568344
0.3645,0.2111229178715484
0.3645625,0.14586276566204917
0.364625,0.0924950088966017
0.3646875,0.04926911836563019
0.36475,0.01260766500470921
0.3648125,-0.02221193837530512
0.364875,-0.06022930462773987
0.3649375,-0.10593249943843444
0.365,-0.16245984811646716
0.3650625,-0.23097446658481494
0.365125,-0.3102930473870659
0.3651875,-0.3968197520551904
0.36525,-0.4847991618568868
0.3653125,-0.5668635072318075
0.365375,-0.6348134416789999
0.3654375,-0.6805427342247705
0.3655,-0.6969988800347695
0.3655625,-0.6790659842458568
0.365625,-0.6242640687119411
0.3656875,-0.5331793050167852
0.36575,-0.40957022349410904
0.3658125,-0.2601321131293338
0.365875,-0.09394125090821992
0.3659375,0.07836235044485909
0.366,0.24556466711921124
0.3660625,0.3969308290891773
0.366125,0.5232053238889183
0.3661875,0.61744899002856
0.36625,0.6756214998840288
0.3663125,0.6968475479315069
0.366375,0.683341570401957
0.3664375,0.6400052215523774
0.3665,0.5737493903441171
0.3665625,0.4926238522906776
0.366625,0.4048590499261078
0.3666875,0.31793349168413176
0.36675,0.23777583076717992
0.3668125,0.16819339806014616
0.366875,0.11059090096872032
0.3669375,0.06400751956892387
0.367,0.02546196270561596
0.3670625,-0.009442207762093119
0.367125,-0.045730086524913366
0.3671875,-0.0881887031817361
0.36725,-0.14053066649420834
0.3673125,-0.20469511518524855
0.367375,-0.2803763751997227
0.3674375,-0.364843263198263
0.3675,-0.45307685931859365
0.3675625,-0.5382159734221191
0.367625,-0.6122620401252675
0.3676875,-0.6669632645000114
0.36775,-0.6947753127186924
0.3678125,-0.6897854034501268
0.367875,-0.6484895820411409
0.3679375,-0.5703289461892097
0.368,-0.45791778956142787
0.3680625,-0.31693186164941556
0.368125,-0.15566407789920206
0.3681875,0.01570654220271471
0.36825,0.18605369928843707
0.3683125,0.34434727933230913
0.368375,0.4806861854590672
0.3684375,0.58720649711711
0.3685,0.6587653958112172
0.3685625,0.6933273140637121
0.368625,0.6920132593222799
0.3686875,0.6588131797419198
0.36875,0.5999999999999669
0.3688125,0.523318011643786
0.368875,0.4370436634227969
0.3689375,0.349030503262146
0.369,0.26585049551972084
0.3690625,0.19213116087904114
0.369125,0.13016351344146596
0.3691875,0.07982253320281776
0.36925,0.03880387821447824
0.3693125,0.0031422385714784257
0.369375,-0.03205728014915208
0.3694375,-0.07176904018828763
0.3695,-0.12018661936064051
0.3695625,-0.17996224141371892
0.369625,-0.2516437015153642
0.3696875,-0.33338279377480007
0.36975,-0.4209564703472693
0.3698125,-0.5081041082460813
0.369875,-0.5871458323135879
0.3699375,-0.6498124158377765
0.37,-0.688190960235595
0.3700625,-0.6956754929081274
0.370125,-0.6678096396511464
0.3701875,-0.6029199010264557
0.37025,-0.5024614874805184
0.3703125,-0.37103141565638975
0.370375,-0.21604180315090096
0.3704375,-0.04708553308948815
0.3705,0.1249379175716253
0.3705625,0.28884087070994036
0.370625,0.4341976987187107
0.3706875,0.5523108723309568
0.37075,0.6369865221385539
0.3708125,0.6850353419577553
0.370875,0.696446500894669
0.3709375,0.6742200521865369
0.371,0.6238826837698336
0.3710625,0.5527479249937785
0.371125,0.46901085241042156
0.3711875,0.3807855429812498
0.37125,0.29519889336592037
0.3713125,0.2176463658822917
0.371375,0.15129472953364395
0.3714375,0.09688640123696568
0.3715,0.05286319747854676
0.3715625,0.015788564428625723
0.371625,-0.018988725073967344
0.3716875,-0.05651554682917076
0.37175,-0.10136492638393282
0.3718125,-0.15682699743512518
0.371875,-0.22426406871196308
0.3719375,-0.30271367666413385
0.372,-0.3887935829244537
0.3720625,-0.47692616792464093
0.372125,-0.5598609158446661
0.3721875,-0.6294372932479196
0.37225,-0.6775006314975345
0.3723125,-0.6968641799073574
0.372375,-0.6822036417423909
0.3724375,-0.6307770907310377
0.3725,-0.5428824546344373
0.3725625,-0.42199450438870895
0.372625,-0.2745600226192958
0.3726875,-0.10946923493381956
0.37275,0.06274095843063845
0.3728125,0.2308653182614862
0.372875,0.38408245986524014
0.3729375,0.5129646159356448
0.373,0.6103336092428798
0.3730625,0.6718695322276677
0.373125,0.6964073133880082
0.3731875,0.6858924844494214
0.37325,0.6450067982216295
0.3733125,0.5805122623135066
0.373375,0.5003941988502297
0.3734375,0.41290636326953756
0.3735,0.32563134480804135
0.3735625,0.24466626406655018
0.373625,0.17402759996603273
0.3736875,0.11534177370138751
0.37375,0.06785314616647628
0.3738125,0.028742517954690593
0.373875,-0.006288351541041442
0.3739375,-0.042242799086947114
0.374,-0.08396531042508329
0.3740625,-0.13529783399193737
0.374125,-0.19836417893128416
0.3741875,-0.2730748920152688
0.37425,-0.356918422925974
0.3743125,-0.44506980456591266
0.374375,-0.5308096054821098
0.3744375,-0.6062081313045754
0.3745,-0.6629972609741367
0.3745625,-0.6935287915626531
0.374625,-0.6917065522111534
0.3746875,-0.6537812474790644
0.37475,-0.5789118439949426
0.3748125,-0.46942360646016834
0.374875,-0.33072755009677113
0.3749375,-0.1709050442166966
0.375,8.037892070735438e-14
0.3750625,0.17090504421685213
0.375125,0.33072755009691146
0.3751875,0.46942360646028486
0.37525,0.5789118439949068
0.3753125,0.6537812474790425
0.375375,0.6917065522111459
0.3754375,0.6935287915626589
0.3755,0.6629972609741539
0.3755625,0.6062081313046014
0.375625,0.5308096054821414
0.3756875,0.4450698045659467
0.37575,0.35691842292589304
0.3758125,0.2730748920151945
0.375875,0.19836417893131078
0.3759375,0.1352978339918843
0.376,0.08396531042504046
0.3760625,0.04224279908691167
0.376125,0.006288351541009214
0.3761875,-0.028742517954724323
0.37625,-0.06785314616645985
0.3763125,-0.11534177370143656
0.376375,-0.17402759996609296
0.3764375,-0.2446662640665208
0.3765,-0.3256313448080086
0.3765625,-0.4129063632695035
0.376625,-0.500394198850197
0.3766875,-0.5805122623134783
0.37675,-0.6450067982216087
0.3768125,-0.6858924844494113
0.376875,-0.6964073133880107
0.3769375,-0.6718695322276276
0.377,-0.6103336092428054
0.3770625,-0.5129646159356889
0.377125,-0.3840824598651076
0.3771875,-0.23086531826133513
0.37725,-0.06274095843047839
0.3773125,0.10946923493397819
0.377375,0.27456002261944273
0.3774375,0.4219945043886567
0.3775,0.5428824546345352
0.3775625,0.6307770907311028
0.377625,0.6822036417423782
0.3776875,0.6968641799073586
0.37775,0.6775006314975478
0.3778125,0.6294372932479428
0.377875,0.5598609158446961
0.3779375,0.4769261679246745
0.378,0.3887935829244877
0.3780625,0.3027136766641659
0.378125,0.22426406871189486
0.3781875,0.15682699743506806
0.37825,0.10136492638388656
0.3783125,0.056515546829133054
0.378375,0.01898872507393448
0.3784375,-0.01578856442865837
0.3785,-0.05286319747858384
0.3785625,-0.09688640123701103
0.378625,-0.15129472953362066
0.3786875,-0.21764636588226383
0.37875,-0.2951988933658886
0.3788125,-0.38078554298121586
0.378875,-0.469010852410388
0.3789375,-0.5527479249937481
0.379,-0.6238826837698096
0.3790625,-0.6742200521865225
0.379125,-0.6964465008946747
0.3791875,-0.6850353419577666
0.37925,-0.6369865221384918
0.3793125,-0.5523108723308618
0.379375,-0.43419769871858704
0.3794375,-0.2888408707097949
0.3795,-0.12493791757146731
0.3795625,0.04708553308964851
0.379625,0.21604180315094557
0.3796875,0.37103141565642916
0.37975,0.5024614874805504
0.3798125,0.6029199010264784
0.379875,0.667809639651159
0.3799375,0.6956754929081237
0.38,0.6881909602355885
0.3800625,0.6498124158377624
0.380125,0.5871458323136156
0.3801875,0.508104108246114
0.38025,0.42095647034718686
0.3803125,0.33338279377472047
0.380375,0.2516437015153939
0.3804375,0.17996224141365766
0.3805,0.12018661936059044
0.3805625,0.0717690401882472
0.380625,0.032057280149142095
0.3806875,-0.003142238571487845
0.38075,-0.038803878214488496
0.3808125,-0.07982253320283003
0.380875,-0.13016351344148122
0.3809375,-0.19213116087905963
0.381,-0.2658504955197423
0.3810625,-0.34903050326216956
0.381125,-0.4370436634227628
0.3811875,-0.5233180116438085
0.38125,-0.5999999999999402
0.3813125,-0.6588131797419016
0.381375,-0.6920132593222729
0.3814375,-0.6933273140636971
0.3815,-0.6587653958111677
0.3815625,-0.5872064971171446
0.381625,-0.48068618545895325
0.3816875,-0.3443472793321707
0.38175,-0.18605369928839183
0.3818125,-0.015706542202667654
0.381875,0.15566407789924785
0.3819375,0.31693186164945714
0.382,0.4579177895614627
0.3820625,0.5703289461892359
0.382125,0.6484895820411571
0.3821875,0.6897854034501331
0.38225,0.6947753127186973
0.3823125,0.6669632645000277
0.382375,0.6122620401252928
0.3824375,0.5382159734220439
0.3825,0.4530768593186275
0.3825625,0.36484326319829674
0.382625,0.28037637519964753
0.3826875,0.2046951151851833
0.38275,0.1405306664941925
0.3828125,0.08818870318172334
0.382875,0.045730086524877436
0.3829375,0.009442207762083654
0.383,-0.025461962705625743
0.3830625,-0.06400751956893527
0.383125,-0.11059090096873445
0.3831875,-0.1681933980601635
0.38325,-0.2377758307671509
0.3833125,-0.3179334916841547
0.383375,-0.40485904992613175
0.3834375,-0.49262385229064454
0.3835,-0.5737493903440881
0.3835625,-0.6400052215524294
0.383625,-0.6833415704019845
0.3836875,-0.6968475479315082
0.38375,-0.675621499883992
0.3838125,-0.6174489900284887
0.383875,-0.5232053238888148
0.3839375,-0.3969308290891391
0.384,-0.24556466711916736
0.3840625,-0.07836235044481232
0.384125,0.09394125090826652
0.3841875,0.26013211312937723
0.38425,0.40957022349414657
0.3843125,0.5331793050168148
0.384375,0.624264068711961
0.3844375,0.6790659842458429
0.3845,0.6969988800347696
0.3845625,0.6805427342247827
0.384625,0.6348134416790221
0.3846875,0.5668635072318369
0.38475,0.4847991618568065
0.3848125,0.3968197520551082
0.384875,0.3102930473870982
0.3849375,0.23097446658474585
0.385,0.16245984811640898
0.3850625,0.10593249943842059
0.385125,0.06022930462772867
0.3851875,0.022211938375295406
0.38525,-0.012607665004718716
0.3853125,-0.04926911836564088
0.385375,-0.09249500889661474
0.3854375,-0.14586276566206527
0.3855,-0.2111229178715678
0.3855625,-0.287752057956803
0.385625,-0.37280051563800065
0.3856875,-0.4610591333085783
0.38575,-0.5455308433557552
0.3858125,-0.6181555876408592
0.385875,-0.6707059154762637
0.3859375,-0.6957490757440856
0.386,-0.6875621657943904
0.3860625,-0.642891049907784
0.386125,-0.5614608644174738
0.3861875,-0.4461740034111509
0.38625,-0.30296724708347644
0.3863125,-0.14033896037033897
0.386375,0.03140455935287
0.3864375,0.20110195534084058
0.3865,0.3577841527965858
0.3865625,0.49170044366716936
0.386625,0.59521005945707
0.3866875,0.6634415967907586
0.38675,0.6946495931267125
0.3868125,0.6902326260271276
0.386875,0.6544164032320634
0.3869375,0.5936438276733286
0.387,0.5157474399003027
0.3870625,0.4290040454331792
0.387125,0.34118388019354673
0.3871875,0.2587059112409157
0.38725,0.18599694370347147
0.3873125,0.12512679565862886
0.387375,0.07575795419739653
0.3874375,0.035409876118586855
0.3875,-1.5095819109898354e-14
0.3875625,-0.03540987611857044
0.387625,-0.07575795419743522
0.3876875,-0.12512679565867685
0.38775,-0.18599694370344189
0.3878125,-0.25870591124098397
0.387875,-0.3411838801936219
0.3879375,-0.4290040454331401
0.388,-0.5157474399002656
0.3880625,-0.5936438276733904
0.388125,-0.6544164032321067
0.3881875,-0.6902326260271183
0.38825,-0.6946495931267184
0.3883125,-0.6634415967907151
0.388375,-0.5952100594569945
0.3884375,-0.4917004436672223
0.3885,-0.3577841527964576
0.3885625,-0.20110195534091352
0.388625,-0.0314045593527192
0.3886875,0.1403389603704866
0.38875,0.30296724708340816
0.3888125,0.44617400341126495
0.388875,0.5614608644175603
0.3889375,0.642891049907756
0.389,0.6875621657944133
0.3890625,0.6957490757440775
0.389125,0.6707059154762813
0.3891875,0.6181555876408874
0.38925,0.5455308433556852
0.3893125,0.46105913330850173
0.389375,0.37280051563792405
0.3894375,0.287752057956839
0.3895,0.2111229178715056
0.3895625,0.14586276566209144
0.389625,0.09249500889657292
0.3896875,0.0492691183656066
0.38975,0.012607665004734144
0.3898125,-0.02221193837532652
0.389875,-0.060229304627764685
0.3899375,-0.10593249943839816
0.39,-0.1624598481164636
0.3900625,-0.23097446658471296
0.390125,-0.31029304738706115
0.3901875,-0.3968197520551853
0.39025,-0.48479916185688193
0.3903125,-0.5668635072318032
0.390375,-0.6348134416789964
0.3904375,-0.6805427342247685
0.3905,-0.6969988800347695
0.3905625,-0.6790659842458588
0.390625,-0.624264068711897
0.3906875,-0.5331793050167202
0.39075,-0.4095702234942075
0.3908125,-0.2601321131292379
0.390875,-0.0939412509083422
0.3909375,0.07836235044473644
0.391,0.24556466711930802
0.3910625,0.39693082908907706
0.391125,0.5232053238889119
0.3911875,0.6174489900285556
0.39125,0.6756214998839745
0.3913125,0.6968475479315068
0.391375,0.6833415704019588
0.3914375,0.6400052215523806
0.3915,0.5737493903441213
0.3915625,0.49262385229068245
0.391625,0.4048590499260545
0.3916875,0.31793349168408097
0.39175,0.23777583076718417
0.3918125,0.16819339806010797
0.391875,0.11059090096875734
0.3919375,0.06400751956895381
0.392,0.025461962705594386
0.3920625,-0.009442207762068285
0.392125,-0.04573008652491117
0.3921875,-0.0881887031817643
0.39225,-0.14053066649416682
0.3923125,-0.2046951151852446
0.392375,-0.2803763751997181
0.3924375,-0.3648432631982581
0.3925,-0.45307685931858865
0.3925625,-0.5382159734221146
0.392625,-0.6122620401253503
0.3926875,-0.6669632645000649
0.39275,-0.6947753127186919
0.3928125,-0.6897854034501132
0.392875,-0.6484895820411837
0.3929375,-0.5703289461891521
0.393,-0.457917789561351
0.3930625,-0.3169318616495247
0.393125,-0.15566407789910097
0.3931875,0.01570654220281857
0.39325,0.18605369928831836
0.3933125,0.3443472793323007
0.393375,0.4806861854588991
0.3934375,0.5872064971171049
0.3935,0.6587653958112142
0.3935625,0.6933273140637112
0.393625,0.6920132593222809
0.3936875,0.6588131797419224
0.39375,0.5999999999999708
0.3938125,0.5233180116437361
0.393875,0.4370436634228019
0.3939375,0.349030503262094
0.394,0.2658504955196733
0.3940625,0.19213116087908977
0.394125,0.13016351344143237
0.3941875,0.07982253320279059
0.39425,0.038803878214505094
0.3943125,0.003142238571457635
0.394375,-0.03205728014912587
0.3944375,-0.07176904018828519
0.3945,-0.12018661936063746
0.3945625,-0.17996224141362852
0.394625,-0.25164370151535975
0.3946875,-0.3333827937747952
0.39475,-0.42095647034726436
0.3948125,-0.5081041082460767
0.394875,-0.5871458323135839
0.3949375,-0.6498124158378076
0.395,-0.6881909602356093
0.3950625,-0.6956754929081279
0.395125,-0.6678096396511185
0.3951875,-0.6029199010264057
0.39525,-0.5024614874806022
0.3953125,-0.3710314156563027
0.395375,-0.21604180315101795
0.3954375,-0.04708553308949792
0.3955,0.12493791757161565
0.3955625,0.28884087070972586
0.395625,0.4341976987187032
0.3956875,0.5523108723309511
0.39575,0.6369865221384625
0.3958125,0.6850353419577535
0.395875,0.6964465008946694
0.3959375,0.67422005218649
0.396,0.623882683769837
0.3960625,0.552747924993783
0.396125,0.46901085241031165
0.3961875,0.380785542981139
0.39625,0.29519889336592503
0.3963125,0.21764636588220074
0.396375,0.15129472953364734
0.3964375,0.09688640123696843
0.3965,0.05286319747854902
0.3965625,0.015788564428673886
0.396625,-0.01898872507396534
0.3966875,-0.05651554682916847
0.39675,-0.10136492638386449
0.3968125,-0.15682699743512168
0.396875,-0.22426406871195897
0.3969375,-0.3027136766641291
0.397,-0.38879358292444866
0.3970625,-0.4769261679246361
0.397125,-0.5598609158447639
0.3971875,-0.6294372932479954
0.39725,-0.6775006314975325
0.3973125,-0.6968641799073614
0.397375,-0.6822036417423928
0.3974375,-0.6307770907310417
0.3975,-0.5428824546344433
0.3975625,-0.42199450438871666
0.397625,-0.2745600226193048
0.3976875,-0.10946923493382923
0.39775,0.06274095843040231
0.3978125,0.230865318261477
0.397875,0.3840824598650446
0.3979375,0.5129646159356384
0.398,0.6103336092428753
0.3980625,0.6718695322276652
0.398125,0.6964073133880078
0.3981875,0.685892484449423
0.39825,0.6450067982216325
0.3983125,0.5805122623134138
0.398375,0.5003941988502346
0.3984375,0.4129063632694261
0.3985,0.3256313448079343
0.3985625,0.2446662640665545
0.398625,0.17402759996603642
0.3986875,0.1153417737014599
0.39875,0.06785314616647872
0.3988125,0.02874251795469266
0.398875,-0.006288351540993893
0.3989375,-0.04224279908694496
0.399,-0.08396531042508065
0.3990625,-0.1352978339918591
0.399125,-0.19836417893128028
0.3991875,-0.2730748920152643
0.39925,-0.356918422925969
0.3993125,-0.44506980456590767
0.399375,-0.5308096054821051
0.3994375,-0.6062081313046602
0.3995,-0.6629972609741931
0.3995625,-0.6935287915626521
0.399625,-0.6917065522111289
0.3996875,-0.6537812474790675
0.39975,-0.5789118439949479
0.3998125,-0.46942360646017545
0.399875,-0.3307275500969782
0.3999375,-0.1709050442167061
0.4,7.05792703916292e-14
0.4000625,0.17090504421662267
0.400125,0.33072755009690286
0.4001875,0.46942360646027775
0.40025,0.5789118439949015
0.4003125,0.6537812474790394
0.400375,0.6917065522111449
0.4004375,0.6935287915626398
0.4005,0.6629972609740974
0.4005625,0.6062081313046052
0.400625,0.5308096054820383
0.4006875,0.4450698045659517
0.40075,0.35691842292589804
0.4008125,0.273074892015199
0.400875,0.19836417893131475
0.4009375,0.13529783399188758
0.401,0.08396531042504304
0.4010625,0.042242799086963975
0.401125,0.006288351541011181
0.4011875,-0.028742517954674543
0.40125,-0.06785314616645745
0.4013125,-0.11534177370143356
0.401375,-0.1740275999660893
0.4014375,-0.24466626406651645
0.4015,-0.3256313448080038
0.4015625,-0.41290636326949837
0.401625,-0.5003941988503042
0.4016875,-0.580512262313474
0.40175,-0.6450067982216767
0.4018125,-0.6858924844494447
0.401875,-0.696407313388011
0.4019375,-0.67186953222763
0.402,-0.61033360924281
0.4020625,-0.5129646159356953
0.402125,-0.3840824598651157
0.4021875,-0.23086531826155804
0.40225,-0.06274095843048814
0.4023125,0.10946923493396851
0.402375,0.27456002261922596
0.4024375,0.42199450438864905
0.4025,0.5428824546345293
0.4025625,0.6307770907310988
0.402625,0.6822036417423764
0.4026875,0.6968641799073587
0.40275,0.6775006314975041
0.4028125,0.6294372932478671
0.402875,0.5598609158447004
0.4029375,0.4769261679245652
0.403,0.3887935829243766
0.4030625,0.3027136766641706
0.403125,0.22426406871189908
0.4031875,0.15682699743515227
0.40325,0.1013649263838893
0.4033125,0.056515546829135344
0.403375,0.018988725073982964
0.4034375,-0.01578856442865638
0.4035,-0.052863197478581564
0.4035625,-0.09688640123694409
0.403625,-0.15129472953361728
0.4036875,-0.2176463658822598
0.40375,-0.29519889336599225
0.4038125,-0.3807855429813266
0.403875,-0.469010852410383
0.4039375,-0.5527479249938474
0.404,-0.6238826837698878
0.4040625,-0.6742200521865204
0.404125,-0.6964465008946744
0.4041875,-0.6850353419577684
0.40425,-0.6369865221384956
0.4043125,-0.5523108723308676
0.404375,-0.43419769871876956
0.4044375,-0.2888408707098038
0.4045,-0.12493791757147696
0.4045625,0.04708553308941192
0.404625,0.21604180315093627
0.4046875,0.37103141565642095
0.40475,0.5024614874805438
0.4048125,0.6029199010264736
0.404875,0.6678096396511564
0.4049375,0.6956754929081358
0.405,0.6881909602355585
0.4050625,0.6498124158377653
0.405125,0.5871458323135248
0.4051875,0.5081041082461186
0.40525,0.42095647034719197
0.4053125,0.33338279377472535
0.405375,0.25164370151539833
0.4054375,0.17996224141366135
0.4055,0.12018661936059352
0.4055625,0.0717690401883069
0.405625,0.03205728014914416
0.4056875,-0.0031422385714403823
0.40575,-0.038803878214486345
0.4058125,-0.07982253320282745
0.405875,-0.13016351344147806
0.4059375,-0.1921311608790558
0.406,-0.2658504955197379
0.4060625,-0.34903050326216467
0.406125,-0.43704366342287404
0.4061875,-0.5233180116438039
0.40625,-0.6000000000000272
0.4063125,-0.6588131797419611
0.406375,-0.6920132593222718
0.4064375,-0.693327314063698
0.4065,-0.6587653958112407
0.4065625,-0.5872064971171497
0.406625,-0.4806861854589602
0.4066875,-0.34434727933237497
0.40675,-0.1860536992884012
0.4068125,-0.01570654220267745
0.406875,0.15566407789901707
0.4069375,0.3169318616494485
0.407,0.45791778956145546
0.4070625,0.5703289461892305
0.407125,0.6484895820412326
0.4071875,0.6897854034501317
0.40725,0.6947753127186819
0.4073125,0.6669632644999745
0.407375,0.6122620401252966
0.4074375,0.5382159734220484
0.4075,0.45307685931863256
0.4075625,0.3648432631983016
0.407625,0.2803763751996521
0.4076875,0.2046951151852796
0.40775,0.14053066649419577
0.4078125,0.088188703181726
0.407875,0.04573008652493049
0.4079375,0.009442207762085621
0.408,-0.02546196270562371
0.4080625,-0.06400751956893289
0.408125,-0.11059090096873153
0.4081875,-0.16819339806015993
0.40825,-0.23777583076724568
0.4083125,-0.317933491684261
0.408375,-0.40485904992612676
0.4084375,-0.4926238522907525
0.4085,-0.5737493903440838
0.4085625,-0.6400052215524263
0.408625,-0.6833415704019828
0.4086875,-0.6968475479315084
0.40875,-0.6756214998839942
0.4088125,-0.617448990028493
0.408875,-0.5232053238889675
0.4089375,-0.396930829089147
0.409,-0.24556466711938835
0.4090625,-0.07836235044482207
0.409125,0.09394125090825682
0.4091875,0.2601321131293682
0.40925,0.40957022349413874
0.4093125,0.5331793050168085
0.409375,0.6242640687119569
0.4094375,0.6790659842458884
0.4095,0.6969988800347695
0.4095625,0.6805427342247423
0.409625,0.634813441678949
0.4096875,0.5668635072318412
0.40975,0.4847991618568114
0.4098125,0.3968197520551131
0.409875,0.31029304738710295
0.4099375,0.23097446658475002
0.41,0.16245984811649486
0.4100625,0.10593249943842348
0.410125,0.06022930462773103
0.4101875,0.022211938375344277
0.41025,-0.012607665004716738
0.4103125,-0.04926911836563866
0.410375,-0.09249500889661202
0.4104375,-0.14586276566213985
0.4105,-0.21112291787156381
0.4105625,-0.28775205795690556
0.410625,-0.372800515638111
0.4106875,-0.4610591333085733
0.41075,-0.5455308433557506
0.4108125,-0.6181555876409396
0.410875,-0.6707059154762615
0.4109375,-0.6957490757440852
0.411,-0.6875621657944262
0.4110625,-0.6428910499077876
0.411125,-0.5614608644174793
0.4111875,-0.44617400341133
0.41125,-0.3029672470834852
0.4113125,-0.14033896037034854
0.411375,0.03140455935263309
0.4114375,0.2011019553408312
0.4115,0.3577841527965775
0.4115625,0.49170044366732024
0.411625,0.5952100594571789
0.4116875,0.6634415967907558
0.41175,0.6946495931267288
0.4118125,0.6902326260271011
0.411875,0.6544164032320663
0.4119375,0.5936438276733326
0.412,0.5157474399003072
0.4120625,0.42900404543318427
0.412125,0.3411838801935516
0.4121875,0.25870591124102293
0.41225,0.18599694370347525
0.4123125,0.12512679565863202
0.412375,0.07575795419745734
0.4124375,0.03540987611858895
0.4125,-1.3135889046753321e-14
0.4125625,-0.03540987611856834
0.412625,-0.07575795419743273
0.4126875,-0.12512679565867374
0.41275,-0.18599694370352615
0.4128125,-0.2587059112410824
0.412875,-0.341183880193617
0.4129375,-0.42900404543325155
0.413,-0.5157474399002608
0.4130625,-0.5936438276733862
0.413125,-0.6544164032321039
0.4131875,-0.6902326260271172
0.41325,-0.694649593126719
0.4133125,-0.6634415967907179
0.413375,-0.5952100594571131
0.4134375,-0.4917004436672291
0.4135,-0.35778415279665904
0.4135625,-0.20110195534092284
0.413625,-0.031404559352729
0.4136875,0.14033896037047705
0.41375,0.30296724708360273
0.4138125,0.4461740034112575
0.413875,0.5614608644175547
0.4139375,0.6428910499078356
0.414,0.6875621657944118
0.4140625,0.6957490757440781
0.414125,0.6707059154762312
0.4141875,0.618155587640891
0.41425,0.5455308433556899
0.4143125,0.461059133308622
0.414375,0.3728005156380444
0.4144375,0.2877520579568436
0.4145,0.21112291787160337
0.4145625,0.14586276566209483
0.414625,0.09249500889657566
0.4146875,0.04926911836566046
0.41475,0.012607665004736125
0.4148125,-0.022211938375324487
0.414875,-0.060229304627762326
0.4149375,-0.10593249943846206
0.415,-0.1624598481164601
0.4150625,-0.23097446658480644
0.415125,-0.31029304738716657
0.4151875,-0.3968197520551804
0.41525,-0.48479916185687694
0.4153125,-0.5668635072317988
0.415375,-0.6348134416789931
0.4154375,-0.6805427342247667
0.4155,-0.6969988800347696
0.4155625,-0.6790659842458608
0.415625,-0.6242640687119012
0.4156875,-0.5331793050168687
0.41575,-0.40957022349421535
0.4158125,-0.260132113129247
0.415875,-0.0939412509083519
0.4159375,0.0783623504447267
0.416,0.2455646671192989
0.4160625,0.3969308290892536
0.416125,0.5232053238890519
0.4161875,0.6174489900285512
0.41625,0.6756214998840242
0.4163125,0.6968475479315066
0.416375,0.6833415704019604
0.4164375,0.6400052215523837
0.4165,0.5737493903441255
0.4165625,0.4926238522906873
0.416625,0.4048590499260595
0.4166875,0.3179334916841968
0.41675,0.2377758307671884
0.4168125,0.16819339806019523
0.416875,0.11059090096876026
0.4169375,0.06400751956895617
0.417,0.02546196270559642
0.4170625,-0.009442207762112041
0.417125,-0.04573008652490901
0.4171875,-0.08818870318176167
0.41725,-0.14053066649423995
0.4173125,-0.20469511518524064
0.417375,-0.2803763751997135
0.4174375,-0.36484326319836813
0.4175,-0.4530768593185836
0.4175625,-0.5382159734221099
0.417625,-0.6122620401253465
0.4176875,-0.6669632645000066
0.41775,-0.6947753127186911
0.4178125,-0.6897854034501445
0.417875,-0.6484895820411871
0.4179375,-0.5703289461891575
0.418,-0.4579177895615265
0.4180625,-0.3169318616495333
0.418125,-0.1556640778991105
0.4181875,0.015706542202808774
0.41825,0.1860536992885275
0.4183125,0.34434727933229226
0.418375,0.48068618545905334
0.4184375,0.5872064971172178
0.4185,0.6587653958112112
0.4185625,0.6933273140637103
0.418625,0.692013259322258
0.4186875,0.6588131797419252
0.41875,0.5999999999999747
0.4188125,0.5233180116438498
0.418875,0.43704366342280687
0.4189375,0.34903050326209883
0.419,0.2658504955197818
0.4190625,0.1921311608790936
0.419125,0.13016351344143554
0.4191875,0.07982253320285257
0.41925,0.03880387821450723
0.4193125,0.003142238571459597
0.419375,-0.03205728014917204
0.4194375,-0.0717690401883399
0.4195,-0.1201866193606344
0.4195625,-0.17996224141371145
0.419625,-0.251643701515457
0.4196875,-0.3333827937747904
0.41975,-0.42095647034725925
0.4198125,-0.5081041082460718
0.419875,-0.5871458323135796
0.4199375,-0.6498124158378046
0.42,-0.6881909602355765
0.4200625,-0.6956754929081285
0.420125,-0.6678096396511212
0.4201875,-0.6029199010265199
0.42025,-0.5024614874806088
0.4203125,-0.3710314156563109
0.420375,-0.2160418031508118
0.4204375,-0.047085533089507706
0.4205,0.12493791757160602
0.4205625,0.2888408707099226
0.420625,0.43419769871887065
0.4206875,0.5523108723309452
0.42075,0.6369865221385463
0.4208125,0.685035341957752
0.420875,0.6964465008946698
0.4209375,0.674220052186492
0.421,0.6238826837698406
0.4210625,0.5527479249937874
0.421125,0.4690108524103166
0.4211875,0.3807855429812598
0.42125,0.29519889336592975
0.4213125,0.21764636588229994
0.421375,0.15129472953365078
0.4214375,0.09688640123697118
0.4215,0.05286319747855128
0.4215625,0.015788564428629706
0.421625,-0.01898872507396334
0.4216875,-0.05651554682916615
0.42175,-0.10136492638392716
0.4218125,-0.15682699743511821
0.421875,-0.2242640687119548
0.4219375,-0.30271367666423366
0.422,-0.3887935829244437
0.4220625,-0.47692616792463116
0.422125,-0.5598609158446572
0.4221875,-0.6294372932479129
0.42225,-0.6775006314975306
0.4223125,-0.6968641799073572
0.422375,-0.6822036417423947
0.4224375,-0.6307770907310457
0.4225,-0.5428824546345877
0.4225625,-0.4219945043887243
0.422625,-0.27456002261931367
0.4226875,-0.1094692349338389
0.42275,0.06274095843061893
0.4228125,0.2308653182614678
0.422875,0.384082459865224
0.4229375,0.5129646159357819
0.423,0.6103336092428707
0.4230625,0.6718695322276628
0.423125,0.6964073133880073
0.4231875,0.6858924844494245
0.42325,0.6450067982216355
0.4233125,0.5805122623135149
0.423375,0.5003941988502395
0.4234375,0.4129063632694311
0.4235,0.325631344808051
0.4235625,0.24466626406655884
0.423625,0.1740275999660401
0.4236875,0.11534177370139348
0.42375,0.06785314616648117
0.4238125,0.028742517954694694
0.423875,-0.006288351541037516
0.4239375,-0.04224279908699291
0.424,-0.08396531042507804
0.4240625,-0.13529783399193088
0.424125,-0.1983641789312763
0.4241875,-0.2730748920152598
0.42425,-0.35691842292596415
0.4243125,-0.4450698045659027
0.424375,-0.5308096054821005
0.4244375,-0.6062081313046565
0.4245,-0.6629972609741316
0.4245625,-0.6935287915626513
0.424625,-0.6917065522111556
0.4246875,-0.6537812474790708
0.42475,-0.578911843994953
0.4248125,-0.4694236064601825
0.424875,-0.3307275500967882
0.4249375,-0.17090504421671557
0.425,6.077962007590402e-14
0.4250625,0.17090504421683317
0.425125,0.33072755009689436
0.4251875,0.46942360646027065
0.42525,0.5789118439950184
0.4253125,0.6537812474790362
0.425375,0.6917065522111437
0.4254375,0.6935287915626406
0.4255,0.662997260974159
0.4255625,0.6062081313046089
0.425625,0.5308096054821507
0.4256875,0.4450698045659567
0.42575,0.3569184229259029
0.4258125,0.27307489201530866
0.425875,0.19836417893131864
0.4259375,0.13529783399189077
0.426,0.08396531042504568
0.4260625,0.042242799086915986
0.426125,0.006288351541013143
0.4261875,-0.02874251795472022
0.42625,-0.06785314616651118
0.4263125,-0.11534177370143062
0.426375,-0.17402759996608566
0.4264375,-0.24466626406661246
0.4265,-0.32563134480799893
0.4265625,-0.41290636326949337
0.426625,-0.5003941988501873
0.4266875,-0.5805122623134698
0.42675,-0.6450067982216735
0.4268125,-0.6858924844494082
0.426875,-0.6964073133880113
0.4269375,-0.6718695322276325
0.427,-0.6103336092428145
0.4270625,-0.5129646159357018
0.427125,-0.38408245986512374
0.4271875,-0.23086531826135354
0.42725,-0.06274095843027153
0.4273125,0.10946923493395885
0.427375,0.2745600226194248
0.4274375,0.4219945043888196
0.4275,0.5428824546345233
0.4275625,0.6307770907310948
0.427625,0.6822036417423745
0.4276875,0.6968641799073589
0.42775,0.6775006314975061
0.4278125,0.6294372932479497
0.427875,0.5598609158447049
0.4279375,0.47692616792457
0.428,0.38879358292449767
0.4280625,0.30271367666417526
0.428125,0.2242640687119032
0.4281875,0.156826997435075
0.42825,0.10136492638389213
0.4283125,0.05651554682913763
0.428375,0.018988725073938492
0.4284375,-0.015788564428700566
0.4285,-0.052863197478579316
0.4285625,-0.09688640123700551
0.428625,-0.15129472953361384
0.4286875,-0.21764636588225564
0.42875,-0.2951988933659876
0.4288125,-0.3807855429812058
0.428875,-0.4690108524103781
0.4289375,-0.552747924993843
0.429,-0.6238826837698025
0.4290625,-0.6742200521865183
0.429125,-0.696446500894666
0.4291875,-0.6850353419577699
0.42925,-0.6369865221384995
0.4293125,-0.5523108723308734
0.429375,-0.4341976987186021
0.4294375,-0.2888408707098127
0.4295,-0.12493791757148658
0.4295625,0.04708553308962896
0.429625,0.216041803150927
0.4296875,0.37103141565641273
0.42975,0.502461487480691
0.4298125,0.602919901026469
0.429875,0.6678096396511537
0.4299375,0.6956754929081226
0.43,0.6881909602355912
0.4300625,0.6498124158377683
0.430125,0.5871458323136239
0.4301875,0.5081041082461235
0.43025,0.42095647034719696
0.4303125,0.3333827937748427
0.430375,0.2516437015154026
0.4304375,0.17996224141366512
0.4305,0.12018661936059652
0.4305625,0.07176904018825213
0.430625,0.032057280149146244
0.4306875,-0.003142238571483924
0.43075,-0.038803878214533655
0.4308125,-0.0798225332028249
0.430875,-0.13016351344147484
0.4309375,-0.1921311608790519
0.431,-0.2658504955197334
0.4310625,-0.3490305032621598
0.431125,-0.43704366342275275
0.4311875,-0.5233180116437992
0.43125,-0.6000000000000233
0.4313125,-0.6588131797418963
0.431375,-0.6920132593222708
0.4314375,-0.6933273140636989
0.4315,-0.6587653958111738
0.4315625,-0.5872064971171547
0.431625,-0.4806861854589672
0.4316875,-0.34434727933218756
0.43175,-0.1860536992881921
0.4318125,-0.01570654220268725
0.431875,0.15566407789922876
0.4319375,0.3169318616494398
0.432,0.4579177895614482
0.4320625,0.570328946189225
0.432125,0.6484895820411505
0.4321875,0.6897854034501305
0.43225,0.6947753127186825
0.4323125,0.6669632645000325
0.432375,0.6122620401253003
0.4324375,0.5382159734221595
0.4325,0.4530768593186375
0.4325625,0.3648432631983066
0.432625,0.2803763751996567
0.4326875,0.20469511518519126
0.43275,0.1405306664941991
0.4328125,0.08818870318172867
0.432875,0.045730086524881836
0.4329375,0.009442207762087592
0.433,-0.025461962705621677
0.4330625,-0.06400751956898565
0.433125,-0.11059090096872856
0.4331875,-0.16819339806015632
0.43325,-0.23777583076724143
0.4333125,-0.31793349168414514
0.433375,-0.40485904992612176
0.4334375,-0.49262385229063477
0.4335,-0.5737493903440796
0.4335625,-0.6400052215524232
0.433625,-0.6833415704019424
0.4336875,-0.6968475479315086
0.43375,-0.6756214998839964
0.4338125,-0.6174489900284974
0.433875,-0.5232053238888273
0.4339375,-0.396930829089155
0.434,-0.24556466711918565
0.4340625,-0.07836235044460596
0.434125,0.09394125090824712
0.4341875,0.26013211312935913
0.43425,0.4095702234943123
0.4343125,0.5331793050168024
0.434375,0.6242640687119527
0.4344375,0.6790659842458386
0.4345,0.6969988800347695
0.4345625,0.6805427342247442
0.434625,0.6348134416790289
0.4346875,0.5668635072318455
0.43475,0.4847991618568162
0.4348125,0.39681975205511816
0.434875,0.31029304738710767
0.4349375,0.23097446658475426
0.435,0.16245984811641612
0.4350625,0.10593249943835958
0.435125,0.06022930462773332
0.4351875,0.022211938375299452
0.43525,-0.012607665004760682
0.4353125,-0.04926911836563644
0.435375,-0.0924950088966093
0.4354375,-0.1458627656620586
0.4355,-0.21112291787155973
0.4355625,-0.28775205795690095
0.435625,-0.37280051563799066
0.4356875,-0.4610591333085683
0.43575,-0.5455308433557461
0.4358125,-0.6181555876408519
0.435875,-0.6707059154762592
0.4359375,-0.6957490757440845
0.436,-0.6875621657943933
0.4360625,-0.6428910499077911
0.436125,-0.561460864417485
0.4361875,-0.44617400341116575
0.43625,-0.30296724708329065
0.4363125,-0.14033896037035812
0.436375,0.03140455935285042
0.4364375,0.20110195534082184
0.4365,0.35778415279656917
0.4365625,0.49170044366731347
0.436625,0.5952100594570602
0.4366875,0.663441596790753
0.43675,0.6946495931267281
0.4368125,0.69023262602713
0.436875,0.6544164032320691
0.4369375,0.5936438276734295
0.437,0.5157474399003121
0.4370625,0.4290040454331892
0.437125,0.3411838801935565
0.4371875,0.25870591124092446
0.43725,0.18599694370347902
0.4373125,0.12512679565863516
0.437375,0.07575795419740158
0.4374375,0.03540987611859106
0.4375,-1.1175958983608286e-14
0.4375625,-0.03540987611861507
0.437625,-0.0757579541974302
0.4376875,-0.12512679565867063
0.43775,-0.1859969437034343
0.4378125,-0.2587059112409751
0.437875,-0.3411838801936121
0.4379375,-0.4290040454331301
0.438,-0.5157474399002562
0.4380625,-0.5936438276733823
0.438125,-0.654416403232101
0.4381875,-0.6902326260271159
0.43825,-0.6946495931267198
0.4383125,-0.6634415967907209
0.438375,-0.5952100594570043
0.4384375,-0.491700443667236
0.4385,-0.35778415279647413
0.4385625,-0.20110195534071518
0.438625,-0.03140455935273878
0.4386875,0.14033896037046745
0.43875,0.3029672470833906
0.4388125,0.44617400341125013
0.438875,0.5614608644175492
0.4389375,0.6428910499077488
0.439,0.6875621657944103
0.4390625,0.6957490757440786
0.439125,0.6707059154762859
0.4391875,0.6181555876408946
0.43925,0.5455308433556945
0.4393125,0.46105913330851167
0.439375,0.3728005156380494
0.4394375,0.2877520579568482
0.4395,0.2111229178715136
0.4395625,0.14586276566202025
0.439625,0.09249500889657836
0.4396875,0.04926911836561107
0.43975,0.01260766500473811
0.4398125,-0.022211938375322482
0.439875,-0.060229304627759966
0.4399375,-0.10593249943839242
0.44,-0.16245984811645658
0.4400625,-0.23097446658480228
0.440125,-0.31029304738705166
0.4401875,-0.3968197520551754
0.44025,-0.4847991618567585
0.4403125,-0.5668635072317945
0.440375,-0.63481344167899
0.4404375,-0.680542734224765
0.4405,-0.6969988800347695
0.4405625,-0.679065984245863
0.440625,-0.6242640687119053
0.4406875,-0.5331793050167324
0.44075,-0.4095702234942232
0.4408125,-0.260132113129256
0.440875,-0.09394125090813646
0.4409375,0.07836235044471697
0.441,0.24556466711928976
0.4410625,0.3969308290892457
0.441125,0.5232053238888993
0.4411875,0.6174489900285469
0.44125,0.6756214998839699
0.4413125,0.6968475479315064
0.441375,0.6833415704019621
0.4414375,0.6400052215523868
0.4415,0.5737493903441298
0.4415625,0.4926238522906922
0.441625,0.4048590499260645
0.4416875,0.3179334916840905
0.44175,0.23777583076719275
0.4418125,0.16819339806011516
0.441875,0.11059090096869512
0.4419375,0.06400751956895853
0.442,0.025461962705598445
0.4420625,-0.009442207762110074
0.442125,-0.045730086524906816
0.4421875,-0.088188703181759
0.44225,-0.1405306664941602
0.4423125,-0.20469511518523667
0.442375,-0.2803763751997089
0.4424375,-0.3648432631982482
0.4425,-0.45307685931857866
0.4425625,-0.5382159734221054
0.442625,-0.6122620401253428
0.4426875,-0.6669632645000043
0.44275,-0.6947753127186904
0.4428125,-0.6897854034501157
0.442875,-0.6484895820411116
0.4429375,-0.570328946189163
0.443,-0.45791778956136553
0.4430625,-0.31693186164934106
0.443125,-0.15566407789912
0.4431875,0.015706542202798976
0.44325,0.1860536992882995
0.4433125,0.3443472793322838
0.443375,0.4806861854590464
0.4434375,0.5872064971170947
0.4435,0.6587653958112082
0.4435625,0.6933273140637094
0.443625,0.6920132593222829
0.4436875,0.6588131797419279
0.44375,0.5999999999999786
0.4438125,0.5233180116437456
0.443875,0.4370436634228119
0.4439375,0.34903050326210383
0.444,0.2658504955196822
0.4440625,0.1921311608790079
0.444125,0.1301635134414387
0.4441875,0.07982253320279575
0.44425,0.038803878214509355
0.4443125,0.003142238571461558
0.444375,-0.032057280149169975
0.4444375,-0.07176904018828026
0.4445,-0.12018661936063135
0.4445625,-0.1799622414137077
0.444625,-0.251643701515351
0.4446875,-0.33338279377478547
0.44475,-0.42095647034725425
0.4448125,-0.5081041082460671
0.444875,-0.5871458323135755
0.4449375,-0.6498124158378017
0.445,-0.6881909602356067
0.4450625,-0.6956754929081164
0.445125,-0.6678096396511238
0.4451875,-0.6029199010264152
0.44525,-0.5024614874806154
0.4453125,-0.37103141565631914
0.445375,-0.2160418031508211
0.4454375,-0.047085533089517476
0.4455,0.1249379175715964
0.4455625,0.2888408707097081
0.445625,0.43419769871868813
0.4456875,0.5523108723309395
0.44575,0.636986522138455
0.4458125,0.6850353419577502
0.445875,0.6964465008946701
0.4459375,0.6742200521864941
0.446,0.623882683769844
0.4460625,0.552747924993792
0.446125,0.4690108524103216
0.4461875,0.3807855429811489
0.44625,0.2951988933659344
0.4463125,0.21764636588220887
0.446375,0.15129472953357484
0.4464375,0.09688640123697395
0.4465,0.05286319747855353
0.4465625,0.015788564428677862
0.446625,-0.018988725073961335
0.4466875,-0.056515546829163876
0.44675,-0.10136492638385888
0.4468125,-0.15682699743511477
0.446875,-0.22426406871195065
0.4469375,-0.30271367666411975
0.447,-0.38879358292443866
0.4470625,-0.47692616792462617
0.447125,-0.5598609158447551
0.4471875,-0.6294372932479094
0.44725,-0.6775006314975286
0.4473125,-0.6968641799073609
0.447375,-0.6822036417423533
0.4474375,-0.6307770907310496
0.4475,-0.5428824546344553
0.4475625,-0.42199450438873204
0.447625,-0.27456002261932266
0.4476875,-0.10946923493384857
0.44775,0.0627409584303828
0.4478125,0.2308653182614586
0.447875,0.3840824598652159
0.4479375,0.5129646159356254
0.448,0.6103336092428662
0.4480625,0.6718695322276603
0.448125,0.696407313388007
0.4481875,0.6858924844494261
0.44825,0.6450067982216386
0.4483125,0.5805122623134221
0.448375,0.5003941988501323
0.4484375,0.4129063632694361
0.4485,0.325631344807944
0.4485625,0.24466626406656317
0.448625,0.17402759996604378
0.4486875,0.11534177370139642
0.44875,0.06785314616648358
0.4488125,0.02874251795469676
0.448875,-0.0062883515410355525
0.4489375,-0.04224279908694063
0.449,-0.08396531042507543
0.4490625,-0.13529783399185266
0.449125,-0.19836417893127242
0.4491875,-0.2730748920152552
0.44925,-0.35691842292595916
0.4493125,-0.44506980456589773
0.449375,-0.5308096054820959
0.4494375,-0.6062081313046527
0.4495,-0.662997260974188
0.4495625,-0.6935287915626503
0.449625,-0.6917065522111311
0.4496875,-0.6537812474789997
0.44975,-0.5789118439949583
0.4498125,-0.46942360646018966
0.449875,-0.3307275500967968
0.4499375,-0.17090504421672506
0.45,5.097996976017883e-14
0.4500625,0.17090504421660374
0.450125,0.3307275500968858
0.4501875,0.46942360646026354
0.45025,0.578911843994891
0.4503125,0.653781247479033
0.450375,0.6917065522111426
0.4504375,0.6935287915626415
0.4505,0.6629972609741615
0.4505625,0.6062081313046128
0.450625,0.5308096054820475
0.4506875,0.4450698045658456
0.45075,0.3569184229259079
0.4508125,0.27307489201520807
0.450875,0.19836417893123162
0.4509375,0.135297833991894
0.451,0.08396531042504829
0.4510625,0.04224279908696828
0.451125,0.006288351541015107
0.4511875,-0.028742517954718154
0.45125,-0.06785314616645256
0.4513125,-0.11534177370142759
0.451375,-0.17402759996608197
0.4514375,-0.24466626406650785
0.4515,-0.32563134480799416
0.4515625,-0.4129063632694884
0.451625,-0.5003941988502946
0.4516875,-0.5805122623135627
0.45175,-0.6450067982216705
0.4518125,-0.6858924844494418
0.451875,-0.6964073133880032
0.4519375,-0.6718695322276349
0.452,-0.6103336092428191
0.4520625,-0.5129646159357082
0.452125,-0.3840824598651318
0.4521875,-0.23086531826136278
0.45225,-0.06274095843050766
0.4523125,0.1094692349339492
0.452375,0.27456002261941587
0.4524375,0.4219945043886337
0.4525,0.5428824546345173
0.4525625,0.6307770907310909
0.452625,0.6822036417423727
0.4526875,0.6968641799073592
0.45275,0.677500631497508
0.4528125,0.629437293247874
0.452875,0.5598609158446071
0.4529375,0.47692616792457493
0.453,0.3887935829243867
0.4530625,0.3027136766641799
0.453125,0.2242640687119074
0.4531875,0.15682699743507844
0.45325,0.10136492638389497
0.4533125,0.05651554682913994
0.453375,0.018988725073986967
0.4534375,-0.015788564428652403
0.4535,-0.052863197478577054
0.4535625,-0.09688640123693854
0.453625,-0.15129472953361045
0.4536875,-0.21764636588225156
0.45375,-0.29519889336598293
0.4538125,-0.38078554298120093
0.453875,-0.4690108524103731
0.4539375,-0.5527479249938384
0.454,-0.6238826837698808
0.4540625,-0.6742200521865161
0.454125,-0.6964465008946736
0.4541875,-0.6850353419577329
0.45425,-0.6369865221385033
0.4543125,-0.5523108723308792
0.454375,-0.43419769871878466
0.4544375,-0.28884087070982156
0.4545,-0.1249379175714962
0.4545625,0.04708553308939237
0.454625,0.2160418031509177
0.4546875,0.3710314156564045
0.45475,0.5024614874805304
0.4548125,0.6029199010264643
0.454875,0.6678096396511511
0.4549375,0.6956754929081348
0.455,0.6881909602355926
0.4550625,0.6498124158377712
0.455125,0.5871458323135329
0.4551875,0.5081041082460171
0.45525,0.420956470347202
0.4553125,0.333382793774735
0.455375,0.25164370151540705
0.4554375,0.17996224141366884
0.4555,0.1201866193605996
0.4555625,0.07176904018831184
0.455625,0.03205728014914834
0.4556875,-0.0031422385714819628
0.45575,-0.03880387821448207
0.4558125,-0.07982253320282234
0.455875,-0.13016351344147167
0.4559375,-0.19213116087904808
0.456,-0.26585049551972884
0.4560625,-0.3490305032621549
0.456125,-0.437043663422864
0.4561875,-0.5233180116439035
0.45625,-0.6000000000000194
0.4563125,-0.6588131797419559
0.456375,-0.6920132593222698
0.4564375,-0.6933273140636999
0.4565,-0.6587653958111768
0.4565625,-0.5872064971171598
0.456625,-0.4806861854589741
0.4566875,-0.344347279332196
0.45675,-0.18605369928842008
0.4568125,-0.015706542202697044
0.456875,0.155664077898998
0.4569375,0.3169318616494311
0.457,0.4579177895614409
0.4570625,0.5703289461892196
0.457125,0.648489582041147
0.4571875,0.6897854034501292
0.45725,0.6947753127186833
0.4573125,0.6669632644999792
0.457375,0.6122620401253042
0.4574375,0.5382159734220576
0.4575,0.4530768593185267
0.4575625,0.36484326319831156
0.457625,0.2803763751996613
0.4576875,0.20469511518519523
0.45775,0.14053066649420237
0.4578125,0.08818870318173133
0.457875,0.04573008652493485
0.4579375,0.009442207762089563
0.458,-0.02546196270561965
0.4580625,-0.06400751956892815
0.458125,-0.11059090096872565
0.4581875,-0.16819339806015268
0.45825,-0.23777583076723718
0.4583125,-0.31793349168414037
0.458375,-0.40485904992611677
0.4584375,-0.49262385229074274
0.4585,-0.5737493903441742
0.4585625,-0.64000522155242
0.458625,-0.6833415704019794
0.4586875,-0.6968475479315045
0.45875,-0.6756214998839987
0.4588125,-0.6174489900285017
0.458875,-0.52320532388898
0.4589375,-0.39693082908916294
0.459,-0.24556466711919478
0.4590625,-0.07836235044484154
0.459125,0.0939412509082374
0.4591875,0.26013211312935014
0.45925,0.40957022349412314
0.4593125,0.5331793050167963
0.459375,0.6242640687119486
0.4594375,0.6790659842458844
0.4595,0.6969988800347696
0.4595625,0.6805427342247461
0.459625,0.6348134416789556
0.4596875,0.5668635072317494
0.45975,0.4847991618568211
0.4598125,0.3968197520551232
0.459875,0.31029304738711244
0.4599375,0.23097446658475843
0.46,0.1624598481164197
0.4600625,0.10593249943842922
0.460125,0.06022930462773568
0.4601875,0.02221193837530147
0.46025,-0.012607665004712786
0.4603125,-0.04926911836563422
0.460375,-0.09249500889660658
0.4604375,-0.14586276566205522
0.4605,-0.21112291787155568
0.4605625,-0.28775205795689635
0.460625,-0.3728005156381011
0.4606875,-0.46105913330867876
0.46075,-0.5455308433557416
0.4608125,-0.6181555876409324
0.460875,-0.6707059154762569
0.4609375,-0.6957490757440841
0.461,-0.6875621657943949
0.4610625,-0.6428910499077947
0.461125,-0.5614608644174905
0.4611875,-0.44617400341134483
0.46125,-0.30296724708350276
0.4613125,-0.1403389603703677
0.461375,0.031404559352613506
0.4614375,0.2011019553408125
0.4615,0.3577841527965608
0.4615625,0.49170044366730664
0.461625,0.5952100594570553
0.4616875,0.6634415967907502
0.46175,0.6946495931267274
0.4618125,0.6902326260271036
0.461875,0.654416403232072
0.4619375,0.5936438276733406
0.462,0.5157474399002067
0.4620625,0.42900404543319426
0.462125,0.3411838801935614
0.4621875,0.2587059112410318
0.46225,0.18599694370348285
0.4623125,0.1251267956586382
0.462375,0.07575795419746237
0.4624375,0.03540987611859317
0.4625,-9.21602892046325e-15
0.4625625,-0.03540987611856415
0.462625,-0.0757579541974277
0.4626875,-0.12512679565866752
0.46275,-0.18599694370351857
0.4628125,-0.25870591124107345
0.462875,-0.34118388019360724
0.4629375,-0.42900404543324144
0.463,-0.5157474399003615
0.4630625,-0.5936438276733783
0.463125,-0.6544164032320983
0.4631875,-0.6902326260271148
0.46325,-0.6946495931267205
0.4633125,-0.6634415967907237
0.463375,-0.5952100594571229
0.4634375,-0.49170044366724275
0.4635,-0.35778415279648246
0.4635625,-0.20110195534094155
0.463625,-0.03140455935274857
0.4636875,0.14033896037045787
0.46375,0.30296724708338185
0.4638125,0.4461740034112427
0.463875,0.5614608644175434
0.4639375,0.6428910499078284
0.464,0.6875621657944432
0.4640625,0.6957490757440792
0.464125,0.6707059154762357
0.4641875,0.6181555876408984
0.46425,0.5455308433556989
0.4643125,0.46105913330851656
0.464375,0.3728005156380544
0.4644375,0.2877520579568529
0.4645,0.2111229178715177
0.4645625,0.1458627656621016
0.464625,0.09249500889658108
0.4646875,0.049269118365664916
0.46475,0.012607665004740087
0.4648125,-0.022211938375320463
0.464875,-0.06022930462775765
0.4649375,-0.1059324994383895
0.465,-0.16245984811645298
0.4650625,-0.2309744665847981
0.465125,-0.31029304738715713
0.4651875,-0.39681975205517034
0.46525,-0.48479916185686717
0.4653125,-0.5668635072318907
0.465375,-0.6348134416789866
0.4654375,-0.6805427342247632
0.4655,-0.6969988800347695
0.4655625,-0.679065984245865
0.465625,-0.6242640687119094
0.4656875,-0.533179305016881
0.46575,-0.409570223494231
0.4658125,-0.2601321131292651
0.465875,-0.09394125090837131
0.4659375,0.07836235044470724
0.466,0.2455646671192806
0.4660625,0.3969308290892377
0.466125,0.5232053238890393
0.4661875,0.6174489900285426
0.46625,0.6756214998840198
0.4663125,0.6968475479315105
0.466375,0.6833415704019639
0.4664375,0.64000522155239
0.4665,0.5737493903440353
0.4665625,0.49262385229069705
0.466625,0.4048590499260696
0.4666875,0.31793349168420637
0.46675,0.237775830767197
0.4668125,0.16819339806011877
0.466875,0.11059090096876611
0.4669375,0.06400751956896093
0.467,0.02546196270560048
0.4670625,-0.00944220776206237
0.467125,-0.04573008652490464
0.4671875,-0.08818870318175634
0.46725,-0.14053066649423335
0.4673125,-0.20469511518532502
0.467375,-0.2803763751997044
0.4674375,-0.36484326319835814
0.4675,-0.45307685931868935
0.4675625,-0.5382159734221008
0.467625,-0.6122620401253391
0.4676875,-0.6669632645000019
0.46775,-0.6947753127186898
0.4678125,-0.6897854034501171
0.467875,-0.6484895820411939
0.4679375,-0.5703289461891684
0.468,-0.45791778956137275
0.4680625,-0.3169318616495506
0.468125,-0.15566407789912956
0.4681875,0.015706542202789178
0.46825,0.18605369928829013
0.4683125,0.3443472793322754
0.468375,0.48068618545903946
0.4684375,0.5872064971172076
0.4685,0.6587653958112751
0.4685625,0.6933273140637084
0.468625,0.69201325932226
0.4686875,0.6588131797419305
0.46875,0.5999999999999825
0.4688125,0.5233180116437502
0.468875,0.437043663422817
0.4689375,0.3490305032621087
0.469,0.26585049551979073
0.4690625,0.19213116087910131
0.469125,0.13016351344144184
0.4691875,0.07982253320285768
0.46925,0.038803878214511506
0.4693125,0.003142238571463519
0.469375,-0.032057280149167894
0.4694375,-0.07176904018833499
0.4695,-0.1201866193606283
0.4695625,-0.17996224141370395
0.469625,-0.2516437015154483
0.4696875,-0.3333827937747806
0.46975,-0.42095647034724926
0.4698125,-0.5081041082461734
0.469875,-0.5871458323135714
0.4699375,-0.6498124158377987
0.47,-0.6881909602355738
0.4700625,-0.6956754929081295
0.470125,-0.6678096396511264
0.4701875,-0.6029199010265294
0.47025,-0.502461487480622
0.4703125,-0.37103141565632736
0.470375,-0.21604180315104582
0.4704375,-0.047085533089527246
0.4705,0.12493791757158676
0.4705625,0.2888408707099049
0.470625,0.4341976987188556
0.4706875,0.5523108723309337
0.47075,0.6369865221385388
0.4708125,0.6850353419577874
0.470875,0.6964465008946704
0.4709375,0.6742200521864962
0.471,0.6238826837698476
0.4710625,0.5527479249937964
0.471125,0.4690108524103266
0.4711875,0.38078554298126965
0.47125,0.2951988933659391
0.4713125,0.21764636588221303
0.471375,0.1512947295336576
0.4714375,0.0968864012369767
0.4715,0.05286319747855579
0.4715625,0.015788564428679853
0.471625,-0.01898872507395933
0.4716875,-0.05651554682916156
0.47175,-0.1013649263839215
0.4718125,-0.15682699743519202
0.471875,-0.22426406871194648
0.4719375,-0.3027136766642243
0.472,-0.3887935829244337
0.4720625,-0.47692616792462134
0.472125,-0.5598609158447507
0.4721875,-0.629437293247906
0.47225,-0.6775006314975265
0.4723125,-0.6968641799073607
0.472375,-0.6822036417423983
0.4724375,-0.6307770907310536
0.4725,-0.5428824546345996
0.4725625,-0.4219945043887397
0.472625,-0.2745600226193316
0.4726875,-0.10946923493385825
0.47275,0.06274095843059942
0.4728125,0.23086531826144938
0.472875,0.38408245986520784
0.4729375,0.512964615935769
0.473,0.6103336092428617
0.4730625,0.6718695322276579
0.473125,0.6964073133880151
0.4731875,0.6858924844494275
0.47325,0.6450067982216416
0.4733125,0.5805122623134262
0.473375,0.5003941988502492
0.4734375,0.4129063632694411
0.4735,0.32563134480806066
0.4735625,0.2446662640665675
0.473625,0.17402759996604744
0.4736875,0.11534177370146892
0.47375,0.06785314616648601
0.4738125,0.028742517954698815
0.473875,-0.006288351541033585
0.4739375,-0.04224279908698858
0.474,-0.08396531042507285
0.4740625,-0.13529783399192447
0.474125,-0.19836417893135944
0.4741875,-0.2730748920152507
0.47425,-0.3569184229259543
0.4743125,-0.44506980456600875
0.474375,-0.5308096054820912
0.4744375,-0.6062081313046488
0.4745,-0.6629972609741266
0.4745625,-0.6935287915626497
0.474625,-0.6917065522111322
0.4746875,-0.6537812474790773
0.47475,-0.5789118439949635
0.4748125,-0.46942360646019676
0.474875,-0.3307275500970038
0.4749375,-0.17090504421673453
0.475,4.118031944445366e-14
0.4750625,0.1709050442168142
0.475125,0.33072755009707566
0.4751875,0.46942360646025644
0.47525,0.5789118439950078
0.4753125,0.6537812474791042
0.475375,0.6917065522111415
0.4754375,0.6935287915626424
0.4755,0.6629972609741641
0.4755625,0.6062081313046167
0.475625,0.5308096054820521
0.4756875,0.4450698045659667
0.47575,0.35691842292591275
0.4758125,0.2730748920152126
0.475875,0.1983641789313265
0.4759375,0.1352978339918972
0.476,0.08396531042505093
0.4760625,0.04224279908692033
0.476125,0.006288351541017071
0.4761875,-0.028742517954716107
0.47625,-0.06785314616650635
0.4763125,-0.11534177370149407
0.476375,-0.17402759996607828
0.4764375,-0.24466626406660388
0.4765,-0.3256313448079894
0.4765625,-0.4129063632694834
0.476625,-0.5003941988502897
0.4766875,-0.5805122623134614
0.47675,-0.6450067982216674
0.4768125,-0.6858924844494051
0.476875,-0.6964073133880121
0.4769375,-0.6718695322276373
0.477,-0.6103336092429288
0.4770625,-0.5129646159357146
0.477125,-0.3840824598651399
0.4771875,-0.23086531826137197
0.47725,-0.06274095843029102
0.4773125,0.10946923493393951
0.477375,0.2745600226194069
0.4774375,0.42199450438880426
0.4775,0.5428824546345115
0.4775625,0.6307770907310869
0.477625,0.682203641742414
0.4776875,0.6968641799073593
0.47775,0.6775006314975099
0.4778125,0.6294372932479564
0.477875,0.5598609158447136
0.4779375,0.47692616792457987
0.478,0.38879358292450766
0.4780625,0.3027136766641847
0.478125,0.2242640687119115
0.4781875,0.1568269974351628
0.47825,0.10136492638389782
0.4783125,0.05651554682914228
0.478375,0.018988725073942496
0.4784375,-0.01578856442869659
0.4785,-0.05286319747857479
0.4785625,-0.09688640123699996
0.478625,-0.1512947295336864
0.4786875,-0.2176463658822475
0.47875,-0.2951988933659783
0.4788125,-0.38078554298119593
0.478875,-0.46901085241036816
0.4789375,-0.552747924993834
0.479,-0.6238826837697955
0.4790625,-0.674220052186514
0.479125,-0.6964465008946733
0.4791875,-0.6850353419577734
0.47925,-0.636986522138507
0.4793125,-0.5523108723308849
0.479375,-0.43419769871861724
0.4794375,-0.2888408707098304
0.4795,-0.12493791757150584
0.4795625,0.04708553308960941
0.479625,0.21604180315112387
0.4796875,0.3710314156563963
0.47975,0.5024614874806778
0.4798125,0.6029199010264594
0.479875,0.6678096396511485
0.4799375,0.6956754929081341
0.48,0.6881909602355939
0.4800625,0.649812415837774
0.480125,0.5871458323135371
0.4801875,0.5081041082461332
0.48025,0.42095647034720696
0.4803125,0.33338279377485247
0.480375,0.2516437015154115
0.4804375,0.17996224141367256
0.4805,0.12018661936060265
0.4805625,0.0717690401882571
0.480625,0.032057280149150415
0.4806875,-0.0031422385714800017
0.48075,-0.038803878214529394
0.4808125,-0.07982253320281979
0.480875,-0.1301635134414685
0.4809375,-0.19213116087913373
0.481,-0.2658504955197244
0.4810625,-0.3490305032621499
0.481125,-0.43704366342285894
0.4811875,-0.5233180116437898
0.48125,-0.6000000000000155
0.4813125,-0.658813179741891
0.481375,-0.6920132593222688
0.4814375,-0.6933273140637007
0.4815,-0.6587653958112497
0.4815625,-0.5872064971171649
0.481625,-0.48068618545898106
0.4816875,-0.34434727933220444
0.48175,-0.18605369928821092
0.4818125,-0.01570654220270684
0.481875,0.15566407789920972
0.4819375,0.31693186164962345
0.482,0.4579177895614337
0.4820625,0.5703289461892141
0.482125,0.6484895820412224
0.4821875,0.6897854034501281
0.48225,0.6947753127186839
0.4823125,0.6669632645000374
0.482375,0.6122620401253078
0.4824375,0.5382159734220622
0.4825,0.4530768593186475
0.4825625,0.36484326319831656
0.482625,0.2803763751996659
0.4826875,0.20469511518519917
0.48275,0.1405306664942057
0.4828125,0.08818870318173397
0.482875,0.04573008652488621
0.4829375,0.00944220776204581
0.483,-0.025461962705617604
0.4830625,-0.06400751956898093
0.483125,-0.11059090096879079
0.4831875,-0.16819339806014913
0.48325,-0.23777583076723288
0.4833125,-0.3179334916841356
0.483375,-0.40485904992611177
0.4834375,-0.4926238522907379
0.4835,-0.5737493903440711
0.4835625,-0.6400052215524168
0.483625,-0.6833415704019777
0.4836875,-0.6968475479315089
0.48375,-0.675621499884001
0.4838125,-0.6174489900285061
0.483875,-0.52320532388884
0.4839375,-0.3969308290891709
0.484,-0.24556466711920388
0.4840625,-0.07836235044462544
0.484125,0.09394125090845286
0.4841875,0.2601321131293411
0.48425,0.40957022349429667
0.4843125,0.5331793050167901
0.484375,0.6242640687119444
0.4844375,0.6790659842458823
0.4845,0.6969988800347695
0.4845625,0.6805427342247478
0.484625,0.6348134416790354
0.4846875,0.5668635072318543
0.48475,0.484799161856826
0.4848125,0.39681975205524456
0.484875,0.31029304738711716
0.4849375,0.23097446658476267
0.485,0.1624598481164232
0.4850625,0.10593249943836533
0.485125,0.06022930462773801
0.4851875,0.02221193837530349
0.48525,-0.012607665004756723
0.4853125,-0.049269118365632
0.485375,-0.09249500889660389
0.4854375,-0.1458627656621298
0.4855,-0.2111229178715516
0.4855625,-0.28775205795689174
0.485625,-0.3728005156379808
0.4856875,-0.46105913330855836
0.48575,-0.545530843355737
0.4858125,-0.6181555876408447
0.485875,-0.6707059154762547
0.4859375,-0.6957490757440834
0.486,-0.6875621657943963
0.4860625,-0.6428910499077983
0.486125,-0.5614608644174962
0.4861875,-0.4461740034111805
0.48625,-0.3029672470833082
0.4863125,-0.1403389603703773
0.486375,0.031404559352830846
0.4864375,0.2011019553410202
0.4865,0.3577841527965525
0.4865625,0.49170044366729976
0.486625,0.5952100594570504
0.4866875,0.6634415967907474
0.48675,0.6946495931267267
0.4868125,0.6902326260271324
0.486875,0.6544164032320746
0.4869375,0.5936438276733446
0.487,0.5157474399003216
0.4870625,0.42900404543319925
0.487125,0.34118388019356627
0.4871875,0.2587059112409334
0.48725,0.18599694370348663
0.4873125,0.12512679565864138
0.487375,0.07575795419740658
0.4874375,0.03540987611854646
0.4875,-7.256098857318211e-15
0.4875625,-0.03540987611861085
0.487625,-0.0757579541974252
0.4876875,-0.1251267956586644
0.48775,-0.18599694370351477
0.4878125,-0.2587059112409662
0.487875,-0.34118388019360235
0.4879375,-0.4290040454332364
0.488,-0.5157474399002466
0.4880625,-0.5936438276733742
0.488125,-0.6544164032320303
0.4881875,-0.6902326260271135
0.48825,-0.6946495931267213
0.4883125,-0.6634415967907266
0.488375,-0.5952100594570141
0.4884375,-0.4917004436672495
0.4885,-0.3577841527964909
0.4885625,-0.20110195534073388
0.488625,-0.03140455935275836
0.4886875,0.14033896037044827
0.48875,0.3029672470835764
0.4888125,0.4461740034112353
0.488875,0.5614608644175378
0.4889375,0.6428910499078249
0.489,0.6875621657944073
0.4890625,0.6957490757440796
0.489125,0.6707059154762904
0.4891875,0.618155587640902
0.48925,0.5455308433557035
0.4893125,0.4610591333086369
0.489375,0.3728005156380593
0.4894375,0.2877520579568575
0.4895,0.21112291787152174
0.4895625,0.14586276566202702
0.489625,0.0924950088965838
0.4896875,0.049269118365615525
0.48975,0.01260766500469615
0.4898125,-0.02221193837531843
0.489875,-0.06022930462775529
0.4899375,-0.10593249943845337
0.49,-0.16245984811644948
0.4900625,-0.23097446658479387
0.490125,-0.31029304738704216
0.4901875,-0.3968197520551653
0.49025,-0.4847991618568623
0.4903125,-0.5668635072317858
0.490375,-0.6348134416789832
0.4904375,-0.6805427342247613
0.4905,-0.6969988800347695
0.4905625,-0.679065984245867
0.490625,-0.6242640687119136
0.4906875,-0.5331793050167447
0.49075,-0.40957022349405736
0.4908125,-0.2601321131292741
0.490875,-0.09394125090815586
0.4909375,0.07836235044492335
0.491,0.2455646671192715
0.4910625,0.3969308290892298
0.491125,0.5232053238888867
0.4911875,0.6174489900285383
0.49125,0.6756214998840175
0.4913125,0.696847547931506
0.491375,0.6833415704019654
0.4914375,0.6400052215523931
0.4915,0.5737493903441384
0.4915625,0.492623852290702
0.491625,0.4048590499260746
0.4916875,0.3179334916841002
0.49175,0.23777583076720132
0.4918125,0.16819339806012235
0.491875,0.110590900968701
0.4919375,0.06400751956890816
0.492,0.025461962705602526
0.4920625,-0.00944220776210613
0.492125,-0.04573008652490243
0.4921875,-0.0881887031817537
0.49225,-0.14053066649423007
0.4923125,-0.2046951151852287
0.492375,-0.28037637519969977
0.4924375,-0.36484326319823823
0.4925,-0.45307685931856867
0.4925625,-0.5382159734220963
0.492625,-0.6122620401252489
0.4926875,-0.6669632644999994
0.49275,-0.6947753127186891
0.4928125,-0.6897854034501184
0.492875,-0.6484895820411185
0.4929375,-0.5703289461891738
0.493,-0.45791778956137996
0.4930625,-0.3169318616493584
0.493125,-0.1556640778991391
0.4931875,0.015706542202779384
0.49325,0.18605369928849924
0.4933125,0.34434727933226694
0.493375,0.48068618545903247
0.4934375,0.5872064971170846
0.4935,0.6587653958112021
0.4935625,0.6933273140637075
0.493625,0.692013259322285
0.4936875,0.6588131797419332
0.49375,0.5999999999999864
0.4938125,0.5233180116437549
0.493875,0.43704366342282197
0.4939375,0.3490305032621136
0.494,0.2658504955196913
0.4940625,0.19213116087901566
0.494125,0.13016351344144506
0.4941875,0.07982253320280086
0.49425,0.038803878214464155
0.4943125,0.0031422385714654803
0.494375,-0.0320572801491658
0.4944375,-0.07176904018827532
0.4945,-0.12018661936062522
0.4945625,-0.1799622414137002
0.494625,-0.2516437015153422
0.4946875,-0.3333827937747758
0.49475,-0.42095647034724426
0.4948125,-0.5081041082460575
0.494875,-0.5871458323135674
0.4949375,-0.6498124158377958
0.495,-0.6881909602356039
0.4950625,-0.6956754929081301
0.495125,-0.667809639651129
0.4951875,-0.6029199010264246
0.49525,-0.5024614874804747
0.4953125,-0.3710314156563356
0.495375,-0.21604180315083965
0.4954375,-0.04708553308953703
0.4955,0.12493791757157714
0.4955625,0.28884087070989606
0.495625,0.434197698718673
0.4956875,0.5523108723309278
0.49575,0.636986522138535
0.4958125,0.6850353419577468
0.495875,0.6964465008946708
0.4959375,0.6742200521865476
0.496,0.6238826837698511
0.4960625,0.5527479249938009
0.496125,0.4690108524103316
0.4961875,0.38078554298115896
0.49625,0.29519889336594374
0.4963125,0.2176463658822171
0.496375,0.1512947295335817
0.4964375,0.09688640123697947
0.4965,0.05286319747855807
0.4965625,0.015788564428635674
0.496625,-0.01898872507395733
0.4966875,-0.05651554682915924
0.49675,-0.10136492638391864
0.4968125,-0.15682699743510778
0.496875,-0.22426406871194232
0.4969375,-0.3027136766641103
0.497,-0.38879358292442867
0.4970625,-0.4769261679246164
0.497125,-0.5598609158447463
0.4971875,-0.6294372932479027
0.49725,-0.6775006314975246
0.4973125,-0.6968641799073606
0.497375,-0.682203641742357
0.4974375,-0.6307770907310575
0.4975,-0.5428824546344672
0.4975625,-0.4219945043885691
0.497625,-0.2745600226193406
0.4976875,-0.10946923493386793
0.49775,0.06274095843058966
0.4978125,0.2308653182614402
0.497875,0.38408245986519973
0.4979375,0.5129646159356125
0.498,0.6103336092428572
0.4980625,0.6718695322276554
0.498125,0.6964073133880063
0.4981875,0.685892484449429
0.49825,0.6450067982216449
0.4983125,0.5805122623134306
0.498375,0.500394198850254
0.4984375,0.4129063632694462
0.4985,0.32563134480795364
0.4985625,0.24466626406647143
0.498625,0.17402759996605113
0.4986875,0.11534177370140247
0.49875,0.06785314616643223
0.4988125,0.028742517954700876
0.498875,-0.00628835154103162
0.4989375,-0.04224279908693632
0.499,-0.08396531042507024
0.4990625,-0.13529783399192125
0.499125,-0.19836417893126457
0.4991875,-0.27307489201524615
0.49925,-0.35691842292594933
0.4993125,-0.44506980456588774
0.499375,-0.5308096054820866
0.4994375,-0.606208131304645
0.4995,-0.6629972609741829
0.4995625,-0.6935287915626487
0.499625,-0.6917065522111332
0.4996875,-0.6537812474790061
0.49975,-0.5789118439948466
0.4998125,-0.4694236064602038
0.499875,-0.33072755009681387
0.4999375,-0.17090504421674402
0.5,-2.9398950947175535e-13
0.5000625,0.2528653575660026
0.500125,0.4694236064600135
0.5001875,0.620894181958712
0.50025,0.6917065522111037
0.5003125,0.6819728548154346
0.500375,0.6062081313047475
0.5004375,0.48871792122917324
0.5005,0.35691842292608156
0.5005625,0.23436389252082074
0.500625,0.13529783399200782
0.5006875,0.062110168037135455
0.50075,0.006288351541084272
0.5008125,-0.04749292615019951
0.500875,-0.11534177370132223
0.5009375,-0.20789698057299094
0.501,-0.32563134480782446
0.5010625,-0.457071452982556
0.501125,-0.5805122623135125
0.5011875,-0.6688628343798053
0.50125,-0.6964073133880245
0.5013125,-0.6457286250459862
0.501375,-0.512964615935936
0.5014375,-0.3099702253744836
0.5015,-0.06274095843085115
0.5015625,0.19359087968230346
0.501625,0.4219945043883633
0.5016875,0.591244834090175
0.50175,0.6822036417423936
0.5018125,0.6911558296841056
0.501875,0.6294372932480731
0.5019375,0.519542208613861
0.502,0.3887935829246788
0.5020625,0.2622680628651006
0.502125,0.15682699743512032
0.5021875,0.07778062458057663
0.50225,0.0189887250740575
0.5023125,-0.033728624301685994
0.502375,-0.09688640123696951
0.5024375,-0.1829671151450918
0.5025,-0.29519889336571037
0.5025625,-0.4249809111838878
0.502625,-0.5527479249935774
0.5026875,-0.6521399642930196
0.50275,-0.6964465008946696
0.5028125,-0.6656641426081213
0.502875,-0.5523108723312176
0.5029375,-0.3644319020536788
0.503,-0.12493791757161177
0.5030625,0.1326474131084975
0.503125,0.37103141565630604
0.5031875,0.5569208942927169
0.50325,0.6678096396509976
0.5033125,0.6961325476372572
0.503375,0.6498124158378064
0.5034375,0.5491520014020256
0.5035,0.4209564703474954
0.5035625,0.29146677820243233
0.503625,0.17996224141388692
0.5036875,0.09467993832168284
0.50375,0.03205728014917328
0.5038125,-0.020597214405703133
0.503875,-0.07982253320267285
0.5039375,-0.15963083882634335
0.504,-0.2658504955196751
0.5040625,-0.39280471117474003
0.504125,-0.523318011643738
0.5041875,-0.6321480459515966
0.50425,-0.6920132593222096
0.5043125,-0.6806731169785204
0.504375,-0.5872064971172208
0.5044375,-0.4158096303800446
0.5045,-0.18605369928897025
0.5045625,0.0705564379460436
0.504625,0.3169318616493273
0.5046875,0.5181180463136029
0.50475,0.6484895820411063
0.5048125,0.6966637156002278
0.504875,0.6669632645001755
0.5049375,0.5771465962522003
0.505,0.4530768593187024
0.5050625,0.3217754770123793
0.505125,0.2046951151853354
0.5051875,0.11295468123633917
0.50525,0.04573008652496116
0.5053125,-0.007864070309826218
0.505375,-0.0640075195688996
0.5054375,-0.1379018854323119
0.5055,-0.23777583076688863
0.5055625,-0.3608765067009003
0.505625,-0.4926238522905715
0.5056875,-0.60925474827263
0.50575,-0.6833415704019208
0.5058125,-0.6907836373368009
0.505875,-0.6174489900286546
0.5059375,-0.46370077776919266
0.506,-0.2455646671195162
0.5060625,0.007853803995307043
0.506125,0.26013211312903173
0.5061875,0.4750856227734516
0.50625,0.6242640687118022
0.5063125,0.6925543671997471
0.506375,0.6805427342248102
0.5064375,0.603122958049361
0.5065,0.48479916185699357
0.5065625,0.35296957137302076
0.506625,0.2309744665849068
0.5066875,0.13271841295339754
0.50675,0.060229304627817934
0.5068125,0.004714568758305438
0.506875,-0.049269118365555906
0.5069375,-0.11775236164859529
0.507,-0.21112291787141346
0.5070625,-0.3295006138366027
0.507125,-0.46105913330861903
0.5071875,-0.58384560259871
0.50725,-0.6707059154761772
0.5073125,-0.6960780117205709
0.507375,-0.642891049907921
0.5074375,-0.5077455773252175
0.5075,-0.30296724708381123
0.5075625,-0.054916970166069126
0.507625,0.2011019553404832
0.5076875,0.4281241040997776
0.50775,0.5952100594571103
0.5078125,0.6836576738837101
0.507875,0.6902326260271732
0.5079375,0.6266819242372669
0.508,0.515747439900484
0.5080625,0.384786988799901
0.508125,0.25870591124098213
0.5081875,0.15404830427473978
0.50825,0.07575795419755077
0.5083125,0.017385999422963573
0.508375,-0.0354098761185877
0.5084375,-0.09911464940232004
0.5085,-0.1859969437032968
0.5085625,-0.2989479979349571
0.508625,-0.42900404543294834
0.5086875,-0.5563178259855176
0.50875,-0.6544164032320645
0.5088125,-0.6966905148748771
0.508875,-0.6634415967908884
0.5089375,-0.5476312407009132
0.509,-0.3577841527965824
0.5090625,-0.11721151124637996
0.509125,0.14033896037034282
0.5091875,0.3775818722255022
0.50925,0.5614608644172151
0.5093125,0.6698780957239306
0.509375,0.6957490757440854
0.5094375,0.647434458412822
0.5095,0.5455308433559637
0.5095625,0.41693139806565366
0.509625,0.28775205795712294
0.5096875,0.17698238550657275
0.50975,0.09249500889661363
0.5098125,0.030395395291714998
0.509875,-0.02221193837520255
0.5099375,-0.0818839931906005
0.51,-0.16245984811641045
0.5100625,-0.26945288377872195
0.510125,-0.3968197520551101
0.5101875,-0.5270740706662045
0.51025,-0.6348134416787939
0.5103125,-0.6928044112194698
0.510375,-0.6790659842458896
0.5104375,-0.5830953840713013
0.5105,-0.40957022349468764
0.5105625,-0.17849141791192052
0.510625,0.07836235044459045
0.5106875,0.32385126434413636
0.51075,0.5232053238888172
0.5108125,0.6511738189143619
0.510875,0.6968475479314955
0.5109375,0.6650078547150033
0.511,0.5737493903441852
0.5110625,0.4490760717102258
0.511125,0.31793349168426377
0.5111875,0.2015174690518065
0.51125,0.11059090096880136
0.5113125,0.04398018417191013
0.511375,-0.009442207762038725
0.5114375,-0.065921725557987
0.5115,-0.14053066649396442
0.5115625,-0.2412100389146837
0.511625,-0.36484326319818383
0.5116875,-0.496516198210607
0.51175,-0.6122620401252079
0.5118125,-0.6846483032769771
0.511875,-0.6897854034501626
0.5119375,-0.6139287191331742
0.512,-0.4579177895616281
0.5120625,-0.23823099935218983
0.512125,0.015706542202444305
0.5121875,0.2673639828619786
0.51225,0.4806861854587948
0.5123125,0.6275584378513361
0.512375,0.693327314063676
0.5124375,0.6790517948966833
0.5125,0.6000000000001205
0.5125625,0.48086832752381614
0.512625,0.34903050326228147
0.5126875,0.2276077848589257
0.51275,0.13016351344155352
0.5128125,0.058364556975931445
0.512875,0.0031422385715325534
0.5129375,-0.05105907364763222
0.513,-0.12018661936052089
0.5130625,-0.214372769148126
0.513125,-0.33338279377483504
0.5131875,-0.4650391760775871
0.51325,-0.5871458323134272
0.5133125,-0.6724918661530118
0.513375,-0.6956754929081489
0.5134375,-0.6399769724081761
0.5135,-0.5024614874808555
0.5135625,-0.29592382637569425
0.513625,-0.04708553308987137
0.5136875,0.2085859276134357
0.51375,0.43419769871876507
0.5138125,0.5991018512336006
0.513875,0.6850353419576898
0.5139375,0.6892441618404733
0.514,0.6238826837699715
0.5140625,0.5119344817691227
0.514125,0.3807855429812138
0.5141875,0.25516435582798974
0.51425,0.151294729533778
0.5143125,0.07375420181051182
0.514375,0.01578856442865756
0.5144375,-0.03710148039996827
0.5145,-0.10136492638375671
0.5145625,-0.18905165360931342
0.514625,-0.3027136766639492
0.5146875,-0.43302519188721733
0.51475,-0.5598609158446979
0.5148125,-0.6566410379453953
0.514875,-0.6968641799073507
0.5149375,-0.6611420080277014
0.515,-0.5428824546345328
0.5150625,-0.35108899859495835
0.515125,-0.10946923493397429
0.5151875,0.14801152538457193
0.51525,0.3840824598647359
0.5153125,0.5659303536651492
0.515375,0.6718695322276287
0.5154375,0.6952965167025674
0.5155,0.6450067982218205
0.5155625,0.5418852384265435
0.515625,0.4129063632697344
0.5156875,0.2840551283411977
0.51575,0.1740275999660915
0.5158125,0.09033135312029975
0.515875,0.02874251795481894
0.5159375,-0.02383336570350108
0.516,-0.08396531042504152
0.5160625,-0.1653140347813517
0.516125,-0.273074892014986
0.5161875,-0.40083807688338624
0.51625,-0.5308096054818197
0.5163125,-0.6374327441281462
0.516375,-0.6935287915626392
0.5164375,-0.677382141466011
0.5165,-0.5789118439952711
0.5165625,-0.4032770356425794
0.516625,-0.17090504421684827
0.5166875,0.08615763953403244
0.51675,0.33072755009677457
0.5168125,0.5282259166064284
0.516875,0.6537812474788425
0.5169375,0.6969591517350117
0.517,0.6629972609741945
0.5170625,0.570321431462325
0.517125,0.4450698045662588
0.5171875,0.31410586087936243
0.51725,0.19836417893137354
0.5173125,0.10825024070544853
0.517375,0.042242799086996366
0.5174375,-0.01102324572921633
0.5175,-0.06785314616630882
0.5175625,-0.14318426667070822
0.517625,-0.24466626406645153
0.5176875,-0.3688181247504503
0.51775,-0.5003941988501197
0.5178125,-0.6152292408899142
0.517875,-0.685892484449387
0.5179375,-0.6887116441410601
0.518,-0.6103336092429832
0.5180625,-0.4520753061962011
0.518125,-0.2308653182621236
0.5181875,0.02355714904183103
0.51825,0.2745600226190916
0.5183125,0.48622466498857575
0.518375,0.6307770907309472
0.5184375,0.6940256371144731
0.5185,0.6775006314975794
0.5185625,0.5968400311246276
0.518625,0.4769261679247533
0.5186875,0.3451017614246048
0.51875,0.2242640687120579
0.5188125,0.12763301699848445
0.518875,0.056515546829223134
0.5189375,0.001570877070926428
0.519,-0.052863197478495244
0.5190625,-0.12264471202725136
0.519125,-0.21764636588210315
0.5191875,-0.3372773853011236
0.51925,-0.4690108524101939
0.5193125,-0.5904121679887284
0.519375,-0.6742200521864394
0.5194375,-0.6951994512483565
0.5195,-0.63698652213864
0.5195625,-0.4971129157368873
0.519625,-0.28884087071014236
0.5196875,-0.0392477086013833
0.51975,0.21604180315101243
0.5198125,0.4402145682059901
0.519875,0.6029199010262934
0.5199375,0.6863367876664642
0.52,0.6881909602356415
0.5200625,0.6210403206886781
0.520125,0.5081041082463017
0.5201875,0.3767898522056055
0.52025,0.25164370151556564
0.5203125,0.14856623330964905
0.520375,0.07176904018828667
0.5204375,0.014195945171270302
0.5205,-0.03880387821440494
0.5205625,-0.10363746744458724
0.520625,-0.1921311608789084
0.5206875,-0.3064955046463266
0.52075,-0.4370436634227989
0.5208125,-0.5633764058396794
0.520875,-0.6588131797417967
0.5209375,-0.6969670974150549
0.521,-0.658765395811216
0.5210625,-0.5380649823577006
0.521125,-0.3443472793326974
0.5211875,-0.10171213254836126
0.52125,0.1556640778986528
0.5213125,0.39053237631256565
0.521375,0.5703289461891488
0.5214375,0.6737839841215968
0.5215,0.6947753127187244
0.5215625,0.6425301469441548
0.521625,0.5382159734221172
0.5216875,0.4088820285322446
0.52175,0.28037637519972086
0.5218125,0.17109792690966802
0.521875,0.08818870318188934
0.5219375,0.027098193122874398
0.522,-0.025461962705593158
0.5220625,-0.08606678341655963
0.522125,-0.16819339805993833
0.5221875,-0.276716174448864
0.52225,-0.40485904992581867
0.5223125,-0.5345238341999748
0.522375,-0.6400052215523786
0.5224375,-0.6941859165878015
0.5225,-0.6756214998841321
0.5225625,-0.5746562393940507
0.522625,-0.39693082908926625
0.5226875,-0.16329559158152382
0.52275,0.09394125090811126
0.5228125,0.337559843912404
0.522875,0.5331793050164317
0.5229375,0.6563117933267577
0.523,0.6969988800347695
0.5230625,0.6609321461256173
0.523125,0.5668635072321073
0.5231875,0.4410587671498649
0.52325,0.3102930473871741
0.5233125,0.1952353710040186
0.523375,0.10593249943846667
0.5234375,0.040517506736701486
0.5235,-0.01260766500459521
0.5235625,-0.06980213524372418
0.523625,-0.1458627656620116
0.5236875,-0.2481442428638429
0.52375,-0.372800515637921
0.5238125,-0.504257090937744
0.523875,-0.6181555876408013
0.5239375,-0.6870735537999562
0.524,-0.6875621657944485
0.5240625,-0.6066639140665039
0.524125,-0.44617400341178437
0.5241875,-0.22346859409288033
0.52425,0.03140455935248625
0.5243125,0.28171929523607053
0.524375,0.4917004436670607
0.5244375,0.6339198425053578
0.5245,0.6946495931267008
0.5245625,0.6758898469332979
0.524625,0.5936438276734857
0.5246875,0.47297342892914257
0.52475,0.34118388019373813
0.5248125,0.22094352896630554
0.524875,0.1251267956587509
0.5249375,0.0546818901934929
0.525,6.173779698906862e-14
0.5250625,-0.054681890193243626
0.525125,-0.12512679565855483
0.5251875,-0.22094352896604547
0.52525,-0.3411838801934305
0.5253125,-0.47297342892883143
0.525375,-0.5936438276732331
0.5254375,-0.6758898469331689
0.5255,-0.694649593126747
0.5255625,-0.633919842505602
0.525625,-0.49170044366748866
0.5256875,-0.2817192952366318
0.52575,-0.0314045593526487
0.5258125,0.2234685940922977
0.525875,0.44617400341097485
0.5259375,0.6066639140662125
0.526,0.6875621657943551
0.5260625,0.687073553800113
0.526125,0.6181555876410296
0.5261875,0.5042570909380469
0.52625,0.37280051563823435
0.5263125,0.24814424286411715
0.526375,0.1458627656620673
0.5264375,0.06980213524387807
0.5265,0.012607665004811742
0.5265625,-0.040517506736665876
0.526625,-0.10593249943828534
0.5266875,-0.1952353710035932
0.52675,-0.3102930473870954
0.5268125,-0.4410587671495495
0.526875,-0.5668635072316333
0.5269375,-0.6609321461254528
0.527,-0.6969988800347695
0.5270625,-0.6563117933269536
0.527125,-0.5331793050171032
0.5271875,-0.33755984391254495
0.52725,-0.09394125090872263
0.5273125,0.16329559158048357
0.527375,0.39693082908913435
0.5274375,0.5746562393937134
0.5275,0.6756214998838864
0.5275625,0.6941859165878145
0.527625,0.6400052215524314
0.5276875,0.5345238342004804
0.52775,0.40485904992613486
0.5278125,0.27671617444893964
0.527875,0.16819339806033315
0.5279375,0.08606678341684787
0.528,0.025461962705626964
0.5280625,-0.02709819312274546
0.528125,-0.0881887031815983
0.5281875,-0.17109792690960757
0.52825,-0.28037637519943237
0.5283125,-0.4088820285316953
0.528375,-0.5382159734220411
0.5284375,-0.642530146944103
0.5285,-0.6947753127186486
0.5285625,-0.6737839841217442
0.528625,-0.5703289461892391
0.5286875,-0.3905323763134426
0.52875,-0.15566407789925352
0.5288125,0.10171213254820047
0.528875,0.344347279331774
0.5289375,0.5380649823570383
0.529,0.6587653958111659
0.5290625,0.6969670974150562
0.529125,0.6588131797420895
0.5291875,0.5633764058399546
0.52925,0.43704366342288203
0.5293125,0.30649550464684394
0.529375,0.19213116087915144
0.5294375,0.10363746744463456
0.5295,0.038803878214638085
0.5295625,-0.014195945171145287
0.529625,-0.07176904018824573
0.5296875,-0.14856623330943558
0.52975,-0.2516437015152897
0.5298125,-0.3767898522052917
0.529875,-0.5081041082459999
0.5299375,-0.6210403206882872
0.53,-0.6881909602355563
0.5300625,-0.6863367876664903
0.530125,-0.6029199010268096
0.5301875,-0.4402145682064609
0.53025,-0.21604180315116653
0.5303125,0.03924770860076696
0.530375,0.2888408707095841
0.5304375,0.4971129157364643
0.5305,0.636986522138402
0.5305625,0.6951994512483162
0.530625,0.674220052186573
0.5306875,0.5904121679889839
0.53075,0.4690108524105058
0.5308125,0.33727738530143025
0.530875,0.21764636588236144
0.5309375,0.12264471202744551
0.531,0.0528631974786376
0.5310625,-0.0015708770708029339
0.531125,-0.05651554682907839
0.5311875,-0.12763301699828658
0.53125,-0.22426406871179594
0.5313125,-0.3451017614242964
0.531375,-0.476926167924443
0.5314375,-0.5968400311243777
0.5315,-0.6775006314974551
0.5315625,-0.6940256371145249
0.531625,-0.6307770907311973
0.5316875,-0.4862246649890086
0.53175,-0.27456002261965584
0.5318125,-0.02355714904244803
0.531875,0.23086531826111598
0.5319375,0.45207530619573955
0.532,0.6103336092426976
0.5320625,0.6887116441409726
0.532125,0.6858924844494824
0.5321875,0.6152292408901457
0.53225,0.5003941988504239
0.5323125,0.3688181247507629
0.532375,0.24466626406652336
0.5324375,0.14318426667091777
0.5325,0.06785314616657363
0.5325625,0.0110232457292491
0.532625,-0.04224279908686025
0.5326875,-0.10825024070513062
0.53275,-0.19836417893112665
0.5328125,-0.31410586087906206
0.532875,-0.44506980456571155
0.5329375,-0.5703214314620543
0.533,-0.6629972609741523
0.5330625,-0.6969591517350175
0.533125,-0.6537812474791933
0.5331875,-0.5282259166065317
0.53325,-0.3307275500973134
0.5333125,-0.08615763953509578
0.533375,0.17090504421669095
0.5334375,0.4032770356420826
0.5335,0.5789118439946951
0.5335625,0.6773821414659753
0.533625,0.6935287915626536
0.5336875,0.6374327441285007
0.53375,0.5308096054823283
0.5338125,0.4008380768834695
0.533875,0.2730748920154818
0.5339375,0.16531403478174306
0.534,0.08396531042508482
0.5340625,0.023833365703628803
0.534125,-0.02874251795459392
0.5341875,-0.09033135312025514
0.53425,-0.17402759996603057
0.5343125,-0.28405512834069424
0.534375,-0.412906363269418
0.5344375,-0.5418852384264676
0.5345,-0.6450067982214857
0.5345625,-0.6952965167025291
0.534625,-0.6718695322276691
0.5346875,-0.5659303536657544
0.53475,-0.38408245986561984
0.5348125,-0.1480115253847306
0.534875,0.10946923493336508
0.5349375,0.3510889985940412
0.535,0.5428824546344337
0.5350625,0.661142008027653
0.535125,0.6968641799073695
0.5351875,0.6566410379455682
0.53525,0.5598609158447709
0.5353125,0.4330251918877662
0.535375,0.30271367666424587
0.5354375,0.1890516536093769
0.5355,0.10136492638406541
0.5355625,0.03710148040010168
0.535625,-0.015788564428624544
0.5356875,-0.07375420181035505
0.53575,-0.15129472953340387
0.5358125,-0.25516435582771224
0.535875,-0.3807855429811311
0.5359375,-0.5119344817686009
0.536,-0.6238826837697499
0.5360625,-0.6892441618404521
0.536125,-0.6850353419578726
0.5361875,-0.5991018512339036
0.53625,-0.43419769871889025
0.5363125,-0.2085859276140229
0.536375,0.04708553308925551
0.5364375,0.29592382637513903
0.5365,0.5024614874804376
0.5365625,0.639976972407944
0.536625,0.6956754929081143
0.5366875,0.67249186615315
0.53675,0.5871458323138755
0.5368125,0.46503917607789963
0.536875,0.33338279377491553
0.5369375,0.21437276914838232
0.537,0.12018661936071312
0.5370625,0.05105907364777347
0.537125,-0.003142238571409003
0.5371875,-0.05836455697578549
0.53725,-0.13016351344135368
0.5373125,-0.227607784858662
0.537375,-0.34903050326197227
0.5374375,-0.4808683275235067
0.5375,-0.5999999999998735
0.5375625,-0.6790517948966519
0.537625,-0.6933273140637339
0.5376875,-0.627558437851592
0.53775,-0.4806861854592326
0.5378125,-0.2673639828625457
0.537875,-0.015706542203061516
0.5379375,0.2382309993516121
0.538,0.45791778956117113
0.5380625,0.6139287191328944
0.538125,0.6897854034500812
0.5381875,0.6846483032770774
0.53825,0.6122620401254427
0.5383125,0.49651619821091236
0.538375,0.364843263198266
0.5384375,0.2412100389149545
0.5385,0.14053066649432502
0.5385625,0.06592172555802679
0.538625,0.009442207762162882
0.5386875,-0.04398018417167214
0.53875,-0.11059090096861646
0.5388125,-0.20151746905155765
0.538875,-0.31793349168396234
0.5389375,-0.4490760717099111
0.539,-0.5737493903441145
0.5390625,-0.6650078547148475
0.539125,-0.6968475479315155
0.5391875,-0.6511738189144166
0.53925,-0.5232053238892147
0.5393125,-0.32385126434507794
0.539375,-0.07836235044475195
0.5394375,0.1784914179113251
0.5395,0.4095702234938322
0.5395625,0.5830953840709754
0.539625,0.6790659842458555
0.5396875,0.6928044112195731
0.53975,0.6348134416791548
0.5398125,0.5270740706662821
0.539875,0.39681975205542597
0.5399375,0.26945288377921506
0.54,0.1624598481164693
0.5400625,0.08188399319076334
0.540125,0.022211938375423415
0.5401875,-0.03039539529168068
0.54025,-0.09249500889656859
0.5403125,-0.17698238550616774
0.540375,-0.2877520579568316
0.5404375,-0.41693139806557034
0.5405,-0.5455308433554676
0.5405625,-0.647434458412494
0.540625,-0.6957490757440767
0.5406875,-0.6698780957242078
0.54075,-0.56146086441783
0.5408125,-0.3775818722256373
0.540875,-0.14033896037094673
0.5409375,0.11721151124532414
0.541,0.35778415279644427
0.5410625,0.5476312407008156
0.541125,0.6634415967905798
0.5411875,0.6966905148748936
0.54125,0.6544164032321111
0.5413125,0.5563178259860031
0.541375,0.42900404543326454
0.5414375,0.2989479979350349
0.5415,0.18599694370371211
0.5415625,0.09911464940262571
0.541625,0.03540987611862262
0.5416875,-0.0173859994228378
0.54175,-0.07575795419727599
0.5418125,-0.15404830427452232
0.541875,-0.2587059112409086
0.5419375,-0.38478698879935436
0.542,-0.5157474399001849
0.5420625,-0.6266819242372094
0.542125,-0.6902326260270427
0.5421875,-0.6836576738838214
0.54225,-0.5952100594571916
0.5423125,-0.42812410410025725
0.542375,-0.20110195534107256
0.5424375,0.0549169701654538
0.5425,0.3029672470832592
0.5425625,0.5077455773245008
0.542625,0.642891049907695
0.5426875,0.6960780117205634
0.54275,0.670705915476425
0.5428125,0.5838456025989708
0.542875,0.4610591333087016
0.5429375,0.32950061383690743
0.543,0.21112291787166804
0.5430625,0.11775236164878572
0.543125,0.04926911836569606
0.5431875,-0.0047145687581817905
0.54325,-0.06022930462767072
0.5433125,-0.13271841295319572
0.543375,-0.23097446658464132
0.5434375,-0.3529695713727108
0.5435,-0.484799161856685
0.5435625,-0.603122958049117
0.543625,-0.6805427342246954
0.5436875,-0.6925543671997638
0.54375,-0.6242640687120642
0.5438125,-0.47508562277389427
0.543875,-0.26013211312960155
0.5439375,-0.007853803995924379
0.544,0.24556466711894098
0.5440625,0.4637007777687404
0.544125,0.6174489900283809
0.5441875,0.6907836373367254
0.54425,0.6833415704020258
0.5443125,0.6092547482728679
0.544375,0.49262385229065236
0.5444375,0.36087650670121174
0.5445,0.23777583076735587
0.5445625,0.13790188543251755
0.544625,0.0640075195690494
0.5446875,0.00786407030995017
0.54475,-0.04573008652482309
0.5448125,-0.11295468123615243
0.544875,-0.20469511518508457
0.5449375,-0.32177547701207676
0.545,-0.4530768593186196
0.5450625,-0.5771465962519347
0.545125,-0.6669632644999123
0.5451875,-0.6966637156002324
0.54525,-0.6484895820413202
0.5453125,-0.5181180463143018
0.545375,-0.31693186164947096
0.5454375,-0.07055643794665759
0.5455,0.18605369928793963
0.5455625,0.4158096303795563
0.545625,0.5872064971171365
0.5456875,0.680673116978397
0.54575,0.6920132593223223
0.5458125,0.6321480459516522
0.545875,0.5233180116440341
0.5459375,0.3928047111752879
0.546,0.2658504955197495
0.5460625,0.15963083882656473
0.546125,0.0798225332029529
0.5461875,0.020597214405736496
0.54625,-0.03205728014913877
0.5463125,-0.09467993832138313
0.546375,-0.1799622414136517
0.5464375,-0.2914667782023552
0.5465,-0.42095647034694594
0.5465625,-0.549152001401533
0.546625,-0.6498124158377577
0.5466875,-0.6961325476372298
0.54675,-0.6678096396512851
0.5468125,-0.5569208942928117
0.546875,-0.3710314156564422
0.5469375,-0.1326474131095487
0.547,0.12493791757145195
0.5470625,0.3644319020535417
0.547125,0.5523108723305835
0.5471875,0.6656641426079497
0.54725,0.6964465008946754
0.5473125,0.6521399642933339
0.547375,0.5527479249940666
0.5474375,0.4249809111839711
0.5475,0.295198893366221
0.5475625,0.18296711514550365
0.547625,0.09688640123701547
0.5476875,0.0337286243017207
0.54775,-0.01898872507383833
0.5478125,-0.07778062458041687
0.547875,-0.15682699743506245
0.5479375,-0.26226806286461296
0.548,-0.3887935829243636
0.5480625,-0.5195422086137826
0.548125,-0.6294372932477
0.5481875,-0.6911558296840355
0.54825,-0.6822036417424244
0.5483125,-0.5912448340904896
0.548375,-0.4219945043892037
0.5484375,-0.19359087968289493
0.5485,0.06274095843023644
0.5485625,0.3099702253735304
0.548625,0.5129646159355283
0.5486875,0.6457286250459282
0.54875,0.6964073133879847
0.5488125,0.6688628343799525
0.548875,0.5805122623135818
0.5489375,0.4570714529828697
0.549,0.3256313448081281
0.5490625,0.20789698057324363
0.549125,0.11534177370151077
0.5491875,0.047492926150338594
0.54925,-0.006288351540960491
0.5493125,-0.06211016803698696
0.549375,-0.13529783399165413
0.5494375,-0.23436389252055342
0.5495,-0.3569184229257708
0.5495625,-0.4887179212288656
0.549625,-0.6062081313045066
0.5496875,-0.6819728548153245
0.54975,-0.6917065522111733
0.5498125,-0.6208941819589799
0.549875,-0.469423606460461
0.5499375,-0.25286535756657513
0.55,-3.233884604189309e-13
0.5500625,0.25286535756597533
0.550125,0.4694236064599922
0.5501875,0.6208941819586993
0.55025,0.6917065522111003
0.5503125,0.6819728548154398
0.550375,0.6062081313047589
0.5504375,0.48871792122918783
0.5505,0.3569184229260963
0.5505625,0.23436389252083345
0.550625,0.13529783399201753
0.5506875,0.06211016803714256
0.55075,0.006288351541090163
0.5508125,-0.04749292615019289
0.550875,-0.11534177370131324
0.5509375,-0.20789698057297898
0.551,-0.3256313448080337
0.5510625,-0.45707145298254104
0.551125,-0.5805122623133059
0.5511875,-0.6688628343799067
0.55125,-0.6964073133880256
0.5513125,-0.6457286250461587
0.551375,-0.5129646159359554
0.5514375,-0.30997022537450974
0.5515,-0.0627409584308804
0.5515625,0.19359087968227534
0.551625,0.4219945043886967
0.5516875,0.59124483409016
0.55175,0.6822036417423015
0.5518125,0.6911558296840573
0.551875,0.6294372932480833
0.5519375,0.5195422086140944
0.552,0.38879358292446164
0.5520625,0.26226806286511395
0.552125,0.15682699743529235
0.5521875,0.07778062458046658
0.55225,0.018988725073970543
0.5523125,-0.033728624301582646
0.552375,-0.09688640123683287
0.5524375,-0.18296711514525527
0.5525,-0.2951988933656964
0.5525625,-0.4249809111836398
0.552625,-0.5527479249937713
0.5526875,-0.652139964293011
0.55275,-0.6964465008946523
0.5528125,-0.6656641426080031
0.552875,-0.5523108723309661
0.5529375,-0.36443190205408715
0.553,-0.12493791757164066
0.5530625,0.13264741310891454
0.553125,0.37103141565590075
0.5531875,0.5569208942926998
0.55325,0.6678096396511117
0.5533125,0.6961325476372786
0.553375,0.6498124158379515
0.5534375,0.5491520014018302
0.5535,0.4209564703475104
0.5535625,0.29146677820266187
0.553625,0.17996224141372488
0.5536875,0.09467993832156393
0.55375,0.03205728014927603
0.5538125,-0.020597214405697097
0.553875,-0.07982253320278396
0.5539375,-0.15963083882616977
0.554,-0.26585049551966167
0.5540625,-0.39280471117495747
0.554125,-0.5233180116435059
0.5541875,-0.6321480459515865
0.55425,-0.6920132593222542
0.5543125,-0.6806731169785263
0.554375,-0.587206497117472
0.5544375,-0.41580963038006785
0.5545,-0.18605369928856136
0.5545625,0.0705564379455621
0.554625,0.3169318616493012
0.5546875,0.5181180463138801
0.55475,0.6484895820409384
0.5548125,0.6966637156002269
0.554875,0.6669632645000712
0.5549375,0.5771465962522131
0.555,0.45307685931871733
0.5550625,0.3217754770123937
0.555125,0.20469511518534728
0.5551875,0.11295468123648561
0.55525,0.045730086524967725
0.5553125,-0.007864070309820316
0.555375,-0.0640075195687821
0.5554375,-0.13790188543230208
0.5555,-0.237775830767074
0.5555625,-0.36087650670088556
0.555625,-0.49262385229055694
0.5556875,-0.6092547482726187
0.55575,-0.6833415704019157
0.5558125,-0.6907836373368045
0.555875,-0.6174489900286677
0.5559375,-0.4637007777692142
0.556,-0.24556466711954356
0.5560625,0.007853803995277646
0.556125,0.2601321131290046
0.5561875,0.4750856227731044
0.55625,0.6242640687117897
0.5563125,0.692554367199697
0.556375,0.6805427342248156
0.5564375,0.6031229580493727
0.5565,0.48479916185700817
0.5565625,0.3529695713730356
0.556625,0.2309744665849195
0.5566875,0.1327184129534072
0.55675,0.06022930462782497
0.5568125,0.004714568758311326
0.556875,-0.04926911836554923
0.5569375,-0.11775236164858627
0.557,-0.21112291787158882
0.5570625,-0.32950061383658824
0.557125,-0.46105913330837345
0.5571875,-0.5838456025986976
0.55725,-0.6707059154761704
0.5573125,-0.6960780117205935
0.557375,-0.6428910499079318
0.5574375,-0.5077455773252373
0.5575,-0.30296724708383754
0.5575625,-0.054916970166098436
0.557625,0.2011019553408892
0.5576875,0.4281241040997548
0.55775,0.5952100594568681
0.5578125,0.6836576738837868
0.557875,0.6902326260271768
0.5579375,0.6266819242374381
0.558,0.5157474399002779
0.5580625,0.384786988799916
0.558125,0.2587059112412011
0.5581875,0.1540483042747501
0.55825,0.07575795419744172
0.5583125,0.017385999422969554
0.558375,-0.03540987611848376
0.5584375,-0.0991146494024413
0.5585,-0.1859969437032854
0.5585625,-0.2989479979347255
0.558625,-0.42900404543316617
0.5586875,-0.5563178259855043
0.55875,-0.6544164032319257
0.5588125,-0.6966905148748884
0.558875,-0.663441596790766
0.5589375,-0.5476312407012038
0.559,-0.35778415279660736
0.5590625,-0.11721151124596108
0.559125,0.14033896036986926
0.5591875,0.3775818722251
0.55925,0.5614608644174592
0.5593125,0.6698780957239231
0.559375,0.6957490757441112
0.5594375,0.6474344584126919
0.5595,0.5455308433559773
0.5595625,0.41693139806590174
0.559625,0.28775205795692227
0.5596875,0.17698238550641204
0.55975,0.09249500889674764
0.5598125,0.030395395291721194
0.559875,-0.02221193837529018
0.5599375,-0.08188399319047279
0.56,-0.16245984811639982
0.5600625,-0.26945288377891763
0.560125,-0.39681975205486264
0.5601875,-0.5270740706659737
0.56025,-0.6348134416789372
0.5603125,-0.6928044112195108
0.560375,-0.6790659842459911
0.5604375,-0.5830953840713169
0.5605,-0.4095702234943483
0.5605625,-0.17849141791238743
0.560625,0.07836235044456125
0.5606875,0.32385126434450995
0.56075,0.5232053238885058
0.5608125,0.651173818914352
0.560875,0.6968475479315035
0.5609375,0.6650078547150108
0.561,0.573749390344198
0.5610625,0.4490760717102409
0.561125,0.3179334916842781
0.5611875,0.2015174690520016
0.56125,0.11059090096881019
0.5613125,0.04398018417181572
0.561375,-0.009442207761941355
0.5614375,-0.0659217255579798
0.5615,-0.1405306664941075
0.5615625,-0.2412100389146708
0.561625,-0.36484326319816884
0.5616875,-0.49651619821059245
0.56175,-0.6122620401251968
0.5618125,-0.6846483032769722
0.561875,-0.6897854034501665
0.5619375,-0.6139287191331875
0.562,-0.4579177895616498
0.5620625,-0.23823099935221737
0.562125,0.01570654220241491
0.5621875,0.2673639828619516
0.56225,0.48068618545877395
0.5623125,0.6275584378513239
0.562375,0.6933273140636733
0.5624375,0.679051794896689
0.5625,0.6000000000001323
0.5625625,0.4808683275238309
0.562625,0.34903050326229623
0.5626875,0.22760778485893823
0.56275,0.13016351344156307
0.5628125,0.0583645569759384
0.562875,0.0031422385715384384
0.5629375,-0.05105907364762549
0.563,-0.12018661936051167
0.5630625,-0.21437276914811373
0.563125,-0.33338279377459523
0.5631875,-0.46503917607757217
0.56325,-0.587145832313415
0.5633125,-0.6724918661530053
0.563375,-0.6956754929081505
0.5634375,-0.6399769724081871
0.5635,-0.5024614874808755
0.5635625,-0.2959238263757207
0.563625,-0.04708553308944707
0.5636875,0.20858592761340772
0.56375,0.4341976987183924
0.5638125,0.5991018512338093
0.563875,0.6850353419576848
0.5639375,0.6892441618405363
0.564,0.623882683769982
0.5640625,0.511934481769137
0.564125,0.3807855429814604
0.5641875,0.255164355828003
0.56425,0.15129472953362955
0.5643125,0.07375420181051928
0.564375,0.015788564428755883
0.5644375,-0.037101480400060186
0.5645,-0.10136492638374828
0.5645625,-0.18905165360912432
0.564625,-0.3027136766641536
0.5646875,-0.43302519188720234
0.56475,-0.5598609158444803
0.5648125,-0.6566410379455144
0.564875,-0.6968641799073582
0.5649375,-0.6611420080278456
0.565,-0.5428824546348276
0.5650625,-0.3510889985945944
0.565125,-0.109469234934452
0.5651875,0.1480115253840996
0.56525,0.3840824598650866
0.5653125,0.5659303536651326
0.565375,0.6718695322275082
0.5654375,0.695296516702541
0.5655,0.6450067982216876
0.5655625,0.5418852384267688
0.565625,0.4129063632695164
0.5656875,0.28405512834099794
0.56575,0.17402759996627287
0.5658125,0.0903313531203078
0.565875,0.028742517954729666
0.5659375,-0.023833365703400902
0.566,-0.08396531042491259
0.5660625,-0.16531403478150694
0.566125,-0.2730748920149724
0.5661875,-0.40083807688313855
0.56625,-0.5308096054820215
0.5663125,-0.6374327441282869
0.566375,-0.6935287915625967
0.5664375,-0.6773821414660175
0.5665,-0.5789118439950425
0.5665625,-0.40327703564296896
0.566625,-0.17090504421687674
0.5666875,0.0861576395344543
0.56675,0.3307275500963521
0.5668125,0.5282259166064097
0.566875,0.6537812474789817
0.5669375,0.6969591517350113
0.567,0.6629972609743202
0.5670625,0.5703214314623378
0.567125,0.4450698045660417
0.5671875,0.3141058608795979
0.56725,0.19836417893138533
0.5673125,0.10825024070532244
0.567375,0.042242799087103086
0.5674375,-0.011023245729210408
0.5675,-0.06785314616641386
0.5675625,-0.14318426667069822
0.567625,-0.2446662640664386
0.5676875,-0.3688181247504353
0.56775,-0.5003941988501053
0.5678125,-0.615229240889903
0.567875,-0.6858924844493824
0.5679375,-0.6887116441410642
0.568,-0.610333609243207
0.5680625,-0.45207530619622316
0.568125,-0.2308653182617238
0.5681875,0.02355714904180165
0.56825,0.27456002261906476
0.5683125,0.4862246649885552
0.568375,0.6307770907309352
0.5684375,0.6940256371144705
0.5685,0.6775006314975853
0.5685625,0.5968400311246395
0.568625,0.47692616792476805
0.5686875,0.3451017614246195
0.56875,0.22426406871207033
0.5688125,0.12763301699834811
0.568875,0.056515546829230046
0.5689375,0.0015708770709323095
0.569,-0.052863197478488444
0.5690625,-0.12264471202724211
0.569125,-0.21764636588209085
0.5691875,-0.337277385301109
0.56925,-0.4690108524101791
0.5693125,-0.5904121679887164
0.569375,-0.6742200521864331
0.5694375,-0.6951994512483584
0.5695,-0.6369865221386514
0.5695625,-0.49711291573690747
0.569625,-0.28884087070975767
0.5696875,-0.03924770860141265
0.56975,0.2160418031505537
0.5698125,0.44021456820631444
0.569875,0.6029199010262793
0.5699375,0.6863367876663863
0.57,0.6881909602356456
0.5700625,0.6210403206886889
0.570125,0.508104108246316
0.5701875,0.37678985220562056
0.57025,0.2516437015153755
0.5703125,0.14856623330965918
0.570375,0.07176904018840845
0.5704375,0.014195945171184176
0.5705,-0.03880387821439854
0.5705625,-0.10363746744444649
0.570625,-0.19213116087907586
0.5706875,-0.3064955046463125
0.57075,-0.4370436634225513
0.5708125,-0.5633764058396663
0.570875,-0.6588131797419129
0.5709375,-0.6969670974150508
0.571,-0.6587653958113648
0.5710625,-0.5380649823574378
0.571125,-0.3443472793327227
0.5711875,-0.10171213254883985
0.57125,0.15566407789906667
0.5713125,0.3905323763125417
0.571375,0.5703289461888799
0.5714375,0.6737839841216984
0.5715,0.6947753127186943
0.5715625,0.642530146944309
0.571625,0.5382159734221311
0.5716875,0.4088820285320267
0.57175,0.28037637519994707
0.5718125,0.17109792690984776
0.571875,0.08818870318177391
0.5719375,0.027098193122975484
0.572,-0.025461962705492537
0.5720625,-0.08606678341667395
0.572125,-0.16819339805992756
0.5721875,-0.27671617444863894
0.57225,-0.4048590499260365
0.5723125,-0.5345238342001755
0.572375,-0.6400052215522215
0.5724375,-0.6941859165877993
0.5725,-0.6756214998840346
0.5725625,-0.5746562393943153
0.572625,-0.3969308290892901
0.5726875,-0.16329559158111112
0.57275,0.09394125090763183
0.5728125,0.3375598439119841
0.572875,0.5331793050166981
0.5729375,0.6563117933267484
0.573,0.6969988800347693
0.5730625,0.6609321461256251
0.573125,0.5668635072319193
0.5731875,0.4410587671501123
0.57325,0.31029304738718844
0.5733125,0.19523537100384986
0.573375,0.10593249943860883
0.5734375,0.040517506736707926
0.5735,-0.012607665004681114
0.5735625,-0.06980213524371684
0.573625,-0.14586276566200154
0.5736875,-0.24814424286382986
0.57375,-0.37280051563790606
0.5738125,-0.5042570909375063
0.573875,-0.6181555876407903
0.5739375,-0.6870735538000183
0.574,-0.6875621657945217
0.5740625,-0.6066639140665178
0.574125,-0.4461740034114632
0.5741875,-0.22346859409290806
0.57425,0.03140455935245688
0.5743125,0.2817192952360438
0.574375,0.4917004436670403
0.5744375,0.6339198425053463
0.5745,0.6946495931266987
0.5745625,0.6758898469333041
0.574625,0.5936438276734978
0.5746875,0.47297342892915745
0.57475,0.3411838801937528
0.5748125,0.22094352896631794
0.574875,0.12512679565876025
0.5749375,0.05468189019339402
0.575,6.76175871785037e-14
0.5750625,-0.0546818901932368
0.575125,-0.12512679565854548
0.5751875,-0.2209435289660331
0.57525,-0.34118388019341594
0.5753125,-0.4729734289288166
0.575375,-0.593643827673221
0.5754375,-0.6758898469331629
0.5755,-0.6946495931267491
0.5755625,-0.6339198425056135
0.575625,-0.49170044366719384
0.5756875,-0.2817192952366585
0.57575,-0.03140455935313233
0.5758125,0.22346859409226993
0.575875,0.44617400341095265
0.5759375,0.6066639140661987
0.576,0.6875621657943507
0.5760625,0.6870735538001173
0.576125,0.6181555876410404
0.5761875,0.5042570909380613
0.57625,0.3728005156380185
0.5763125,0.24814424286413023
0.576375,0.1458627656622332
0.5764375,0.06980213524377205
0.5765,0.012607665004817678
0.5765625,-0.04051750673655989
0.576625,-0.10593249943841027
0.5766875,-0.19523537100358154
0.57675,-0.3102930473868608
0.5768125,-0.4410587671495344
0.576875,-0.5668635072318213
0.5769375,-0.660932146125445
0.577,-0.6969988800347697
0.5770625,-0.6563117933268187
0.577125,-0.5331793050171216
0.5771875,-0.3375598439129648
0.57725,-0.09394125090830141
0.5773125,0.16329559158045504
0.577375,0.3969308290887415
0.5774375,0.5746562393939458
0.5775,0.6756214998839839
0.5775625,0.6941859165878529
0.577625,0.6400052215524409
0.5776875,0.5345238342002799
0.57775,0.4048590499263828
0.5778125,0.27671617444916474
0.577875,0.1681933980601765
0.5779375,0.08606678341685578
0.578,0.025461962705727592
0.5780625,-0.027098193122834277
0.578125,-0.08818870318159033
0.5781875,-0.1710979269094278
0.57825,-0.2803763751996311
0.5783125,-0.40888202853191324
0.578375,-0.5382159734218143
0.5784375,-0.6425301469440937
0.5785,-0.6947753127186787
0.5785625,-0.6737839841218599
0.578625,-0.5703289461895081
0.5786875,-0.39053237631309473
0.57875,-0.1556640778997246
0.5788125,0.10171213254772185
0.578875,0.3443472793321403
0.5789375,0.5380649823573012
0.579,0.6587653958110171
0.5790625,0.6969670974150566
0.579125,0.6588131797419735
0.5791875,0.5633764058401706
0.57925,0.437043663422897
0.5793125,0.30649550464663866
0.579375,0.19213116087934207
0.5794375,0.10363746744464314
0.5795,0.03880387821454559
0.5795625,-0.01419594517113933
0.579625,-0.07176904018812394
0.5796875,-0.14856623330942542
0.57975,-0.25164370151527654
0.5798125,-0.3767898522050456
0.579875,-0.5081041082459856
0.5799375,-0.6210403206884424
0.58,-0.6881909602354894
0.5800625,-0.6863367876664952
0.580125,-0.6029199010266049
0.5801875,-0.44021456820648325
0.58025,-0.21604180315119437
0.5803125,0.03924770860073762
0.580375,0.2888408707095575
0.5804375,0.4971129157364442
0.5805,0.6369865221383907
0.5805625,0.6951994512483142
0.580625,0.6742200521866777
0.5806875,0.5904121679889961
0.58075,0.4690108524105206
0.5808125,0.33727738530144485
0.580875,0.21764636588237374
0.5809375,0.1226447120274548
0.581,0.0528631974786444
0.5810625,-0.0015708770707970532
0.581125,-0.05651554682907148
0.5811875,-0.12763301699827714
0.58125,-0.2242640687117835
0.5813125,-0.3451017614242818
0.581375,-0.4769261679244282
0.5814375,-0.5968400311243658
0.5815,-0.6775006314974492
0.5815625,-0.6940256371145275
0.581625,-0.6307770907312091
0.5816875,-0.4862246649890293
0.58175,-0.2745600226196827
0.5818125,-0.02355714904247741
0.581875,0.23086531826108833
0.5819375,0.45207530619571756
0.582,0.610333609242684
0.5820625,0.6887116441409685
0.582125,0.6858924844494869
0.5821875,0.6152292408901567
0.58225,0.5003941988502144
0.5823125,0.36881812475077785
0.582375,0.2446662640667371
0.5824375,0.14318426667077339
0.5825,0.06785314616658089
0.5825625,0.01102324572934666
0.582625,-0.0422427990868538
0.5826875,-0.1082502407051219
0.58275,-0.19836417893111485
0.5828125,-0.31410586087904774
0.582875,-0.4450698045659287
0.5829375,-0.5703214314620414
0.583,-0.6629972609740268
0.5830625,-0.6969591517350135
0.583125,-0.6537812474792029
0.5831875,-0.528225916606839
0.58325,-0.3307275500969422
0.5833125,-0.08615763953512492
0.583375,0.1709050442162226
0.5834375,0.4032770356424249
0.5835,0.5789118439949236
0.5835625,0.6773821414658692
0.583625,0.6935287915626962
0.5836875,0.6374327441283602
0.58375,0.5308096054823422
0.5838125,0.4008380768837173
0.583875,0.2730748920152851
0.5839375,0.16531403478175377
0.584,0.08396531042521377
0.5840625,0.02383336570354081
0.584125,-0.02874251795468319
0.5841875,-0.09033135312012244
0.58425,-0.17402759996601955
0.5843125,-0.28405512834089397
0.584375,-0.41290636326916996
0.5844375,-0.541885238426454
0.5845,-0.6450067982216185
0.5845625,-0.695296516702499
0.584625,-0.6718695322277894
0.5846875,-0.5659303536655143
0.58475,-0.3840824598656441
0.5848125,-0.14801152538520296
0.584875,0.1094692349337848
0.5849375,0.351088998594405
0.585,0.542882454634139
0.5850625,0.6611420080276442
0.585125,0.696864179907362
0.5851875,0.6566410379457037
0.58525,0.5598609158447841
0.5853125,0.4330251918875484
0.585375,0.3027136766644785
0.5854375,0.18905165360938836
0.5855,0.10136492638394293
0.5855625,0.037101480400108036
0.585625,-0.015788564428526226
0.5856875,-0.07375420181034761
0.58575,-0.15129472953355227
0.5858125,-0.25516435582749447
0.585875,-0.3807855429811161
0.5859375,-0.511934481768808
0.586,-0.6238826837695759
0.5860625,-0.6892441618404483
0.586125,-0.6850353419578001
0.5861875,-0.599101851233918
0.58625,-0.4341976987189129
0.5863125,-0.20858592761405087
0.586375,0.04708553308922618
0.5864375,0.2959238263747036
0.5865,0.5024614874804176
0.5865625,0.6399769724079329
0.586625,0.6956754929080873
0.5866875,0.6724918661531566
0.58675,0.5871458323136977
0.5868125,0.46503917607791445
0.586875,0.33338279377492996
0.5869375,0.2143727691483946
0.587,0.12018661936072231
0.5870625,0.0510590736477802
0.587125,-0.0031422385714031205
0.5871875,-0.05836455697577851
0.58725,-0.13016351344134414
0.5873125,-0.22760778485864946
0.587375,-0.3490305032619576
0.5874375,-0.48086832752326414
0.5875,-0.5999999999998618
0.5875625,-0.6790517948965581
0.587625,-0.6933273140637367
0.5876875,-0.6275584378516044
0.58775,-0.48068618545925346
0.5878125,-0.2673639828625727
0.587875,-0.015706542203090906
0.5879375,0.2382309993515846
0.588,0.45791778956114937
0.5880625,0.613928719132881
0.588125,0.6897854034500773
0.5881875,0.684648303277082
0.58825,0.612262040125281
0.5883125,0.4965161982109269
0.588375,0.36484326319851074
0.5884375,0.2412100389149674
0.5885,0.14053066649433482
0.5885625,0.06592172555814532
0.588625,0.009442207762168798
0.5886875,-0.04398018417166562
0.58875,-0.11059090096860769
0.5888125,-0.20151746905154586
0.588875,-0.31793349168416996
0.5889375,-0.4490760717098961
0.589,-0.5737493903439042
0.5890625,-0.6650078547149548
0.589125,-0.6968475479315163
0.5891875,-0.6511738189145797
0.58925,-0.5232053238889409
0.5893125,-0.3238512643451038
0.589375,-0.07836235044523283
0.5894375,0.17849141791129675
0.5895,0.4095702234941716
0.5895625,0.5830953840709598
0.589625,0.679065984245754
0.5896875,0.6928044112195322
0.58975,0.6348134416791646
0.5898125,0.527074070666513
0.589875,0.39681975205520836
0.5899375,0.2694528837792286
0.59,0.16245984811664443
0.5900625,0.08188399319065112
0.590125,0.02221193837533579
0.5901875,-0.030395395291578503
0.59025,-0.09249500889656045
0.5903125,-0.17698238550632836
0.590375,-0.2877520579566032
0.5904375,-0.4169313980653221
0.5905,-0.5455308433556645
0.5905625,-0.647434458412485
0.590625,-0.695749075744051
0.5906875,-0.6698780957240977
0.59075,-0.5614608644178469
0.5908125,-0.3775818722260396
0.590875,-0.14033896037053067
0.5909375,0.11721151124574303
0.591,0.35778415279603304
0.5910625,0.5476312407007979
0.591125,0.6634415967907022
0.5911875,0.6966905148749064
0.59125,0.6544164032321196
0.5913125,0.5563178259858105
0.591375,0.42900404543351245
0.5914375,0.2989479979352665
0.5915,0.18599694370354736
0.5915625,0.09911464940250447
0.591625,0.03540987611872658
0.5916875,-0.01738599942283181
0.59175,-0.07575795419738496
0.5918125,-0.1540483042743518
0.591875,-0.25870591124089526
0.5919375,-0.38478698879957124
0.592,-0.5157474398999505
0.5920625,-0.6266819242371989
0.592125,-0.6902326260270945
0.5921875,-0.6836576738838268
0.59225,-0.5952100594572063
0.5923125,-0.42812410410028007
0.592375,-0.2011019553411006
0.5924375,0.05491697016497126
0.5925,0.30296724708323286
0.5925625,0.5077455773247851
0.592625,0.6428910499075177
0.5926875,0.696078011720562
0.59275,0.6707059154763266
0.5928125,0.5838456025989832
0.592875,0.4610591333087165
0.5929375,0.3295006138369219
0.593,0.21112291787168005
0.5930625,0.1177523616487948
0.593125,0.04926911836570273
0.5931875,-0.004714568758175903
0.59325,-0.06022930462766374
0.5933125,-0.13271841295318615
0.593375,-0.2309744665846286
0.5934375,-0.35296957137269597
0.5935,-0.48479916185667027
0.5935625,-0.6031229580491053
0.593625,-0.6805427342246899
0.5936875,-0.6925543671997668
0.59375,-0.6242640687120766
0.5938125,-0.47508562277391536
0.593875,-0.2601321131296287
0.5939375,-0.007853803995953776
0.594,0.24556466711891362
0.5940625,0.4637007777687189
0.594125,0.617448990028368
0.5941875,0.6907836373367218
0.59425,0.6833415704020309
0.5943125,0.6092547482728793
0.594375,0.4926238522908926
0.5944375,0.3608765067012267
0.5945,0.23777583076736877
0.5945625,0.13790188543252738
0.594625,0.06400751956905652
0.5946875,0.007864070309956075
0.59475,-0.04573008652481651
0.5948125,-0.11295468123614352
0.594875,-0.20469511518525735
0.5949375,-0.3217754770120623
0.595,-0.45307685931837305
0.5950625,-0.5771465962521177
0.595125,-0.6669632644999052
0.5951875,-0.6966637156002459
0.59525,-0.6484895820413303
0.5953125,-0.5181180463143209
0.595375,-0.3169318616498988
0.5954375,-0.07055643794668683
0.5955,0.18605369928834853
0.5955625,0.415809630379533
0.595625,0.5872064971168853
0.5956875,0.6806731169784821
0.59575,0.6920132593223253
0.5958125,0.6321480459518178
0.595875,0.5233180116438302
0.5959375,0.39280471117530297
0.596,0.265850495519971
0.5960625,0.1596308388264122
0.596125,0.0798225332028418
0.5961875,0.02059721440583584
0.59625,-0.032057280149036055
0.5963125,-0.09467993832150204
0.596375,-0.17996224141346723
0.5964375,-0.29146677820212563
0.5965,-0.4209564703471639
0.5965625,-0.5491520014015194
0.596625,-0.6498124158376126
0.5966875,-0.6961325476372486
0.59675,-0.6678096396511711
0.5968125,-0.5569208942930937
0.596875,-0.37103141565646686
0.5969375,-0.13264741310913164
0.597,0.12493791757097618
0.5970625,0.36443190205351683
0.597125,0.5523108723308352
0.5971875,0.6656641426078151
0.59725,0.6964465008946925
0.5973125,0.6521399642932091
0.597375,0.5527479249940799
0.5974375,0.42498091118421927
0.5975,0.29519889336601846
0.5975625,0.18296711514534025
0.597625,0.09688640123715209
0.5976875,0.03372862430172696
0.59775,-0.01898872507392528
0.5978125,-0.07778062458029161
0.597875,-0.15682699743505207
0.5979375,-0.2622680628648064
0.598,-0.38879358292411653
0.5980625,-0.5195422086137685
0.598125,-0.629437293247848
0.5981875,-0.6911558296840322
0.59825,-0.6822036417425164
0.5983125,-0.5912448340905045
0.598375,-0.4219945043888703
0.5984375,-0.19359087968335875
0.5985,0.06274095843020716
0.5985625,0.30997022537390856
0.598625,0.5129646159352086
0.5986875,0.6457286250459178
0.59875,0.6964073133880004
0.5988125,0.6688628343799594
0.598875,0.5805122623135944
0.5989375,0.45707145298288465
0.599,0.3256313448081426
0.5990625,0.20789698057325562
0.599125,0.11534177370151977
0.5991875,0.04749292615034523
0.59925,-0.006288351540863426
0.5993125,-0.06211016803697987
0.599375,-0.13529783399179443
0.5994375,-0.23436389252054066
0.5995,-0.35691842292575593
0.5995625,-0.4887179212288511
0.599625,-0.606208131304495
0.5996875,-0.6819728548153193
0.59975,-0.6917065522111766
0.5998125,-0.6208941819589927
0.599875,-0.4694236064604823
0.5999375,-0.25286535756660244
0.6,-3.5278741136610646e-13
0.6000625,0.2528653575663698
0.600125,0.46942360645997094
0.6001875,0.6208941819586865
0.60025,0.691706552211097
0.6003125,0.6819728548154451
0.600375,0.6062081313047705
0.6004375,0.48871792122920255
0.6005,0.3569184229261111
0.6005625,0.23436389252084622
0.600625,0.13529783399202727
0.6006875,0.06211016803714961
0.60075,0.00628835154109606
0.6008125,-0.04749292615018627
0.600875,-0.11534177370144313
0.6009375,-0.20789698057296693
0.601,-0.32563134480779543
0.6010625,-0.4570714529827573
0.601125,-0.5805122623132934
0.6011875,-0.6688628343797913
0.60125,-0.6964073133880266
0.6013125,-0.6457286250461692
0.601375,-0.5129646159359749
0.6014375,-0.3099702253745359
0.6015,-0.0627409584304569
0.6015625,0.19359087968224714
0.601625,0.4219945043883171
0.6016875,0.5912448340903768
0.60175,0.6822036417422959
0.6018125,0.6911558296841122
0.601875,0.6294372932479353
0.6019375,0.5195422086141086
0.602,0.3887935829247088
0.6020625,0.2622680628651274
0.602125,0.15682699743514117
0.6021875,0.07778062458059185
0.60225,0.018988725074069512
0.6023125,-0.03372862430167345
0.602375,-0.09688640123682454
0.6024375,-0.18296711514506928
0.6025,-0.29519889336589894
0.6025625,-0.42498091118362474
0.602625,-0.5527479249935505
0.6026875,-0.6521399642931357
0.60275,-0.6964465008946674
0.6028125,-0.6656641426081378
0.602875,-0.5523108723309835
0.6029375,-0.36443190205372844
0.603,-0.12493791757211642
0.6030625,0.13264741310843986
0.603125,0.37103141565625686
0.6031875,0.5569208942924178
0.60325,0.6678096396509818
0.6033125,0.6961325476372597
0.603375,0.6498124158379601
0.6034375,0.5491520014020526
0.6035,0.42095647034729244
0.6035625,0.29146677820246025
0.603625,0.17996224141390932
0.6036875,0.09467993832157215
0.60375,0.032057280149185755
0.6038125,-0.020597214405597752
0.603875,-0.07982253320277627
0.6039375,-0.15963083882632229
0.604,-0.2658504955194402
0.6040625,-0.39280471117471
0.604125,-0.52331801164371
0.6041875,-0.6321480459515765
0.60425,-0.6920132593222035
0.6043125,-0.6806731169785322
0.604375,-0.5872064971172514
0.6044375,-0.4158096303804508
0.6045,-0.18605369928858964
0.6045625,0.07055643794598512
0.604625,0.31693186164887344
0.6046875,0.518118046313861
0.60475,0.6484895820410859
0.6048125,0.6966637156002262
0.604875,0.6669632645000783
0.6049375,0.5771465962522258
0.605,0.4530768593187323
0.6050625,0.3217754770126309
0.605125,0.2046951151853592
0.6051875,0.11295468123635694
0.60525,0.045730086525075986
0.6053125,-0.007864070309814411
0.605375,-0.06400751956888534
0.6054375,-0.13790188543229226
0.6055,-0.23777583076706116
0.6055625,-0.3608765067008707
0.605625,-0.49262385229054234
0.6056875,-0.6092547482726074
0.60575,-0.6833415704019107
0.6058125,-0.6907836373368081
0.605875,-0.6174489900286808
0.6059375,-0.4637007777692357
0.606,-0.24556466711957095
0.6060625,0.00785380399524825
0.606125,0.26013211312897744
0.6061875,0.47508562277340943
0.60625,0.6242640687117773
0.6063125,0.6925543671996941
0.606375,0.6805427342248211
0.6064375,0.6031229580493842
0.6065,0.48479916185702293
0.6065625,0.3529695713730503
0.606625,0.23097446658493215
0.6066875,0.13271841295341677
0.60675,0.06022930462783194
0.6068125,0.004714568758317212
0.606875,-0.04926911836564578
0.6069375,-0.11775236164857716
0.607,-0.21112291787138923
0.6070625,-0.3295006138365737
0.607125,-0.4610591333083585
0.6071875,-0.5838456025986851
0.60725,-0.6707059154761636
0.6073125,-0.6960780117205948
0.607375,-0.6428910499079425
0.6074375,-0.5077455773252568
0.6075,-0.3029672470834572
0.6075625,-0.05491697016612773
0.607625,0.20110195534042702
0.6076875,0.4281241041000852
0.60775,0.5952100594568533
0.6078125,0.6836576738836996
0.607875,0.690232626027125
0.6079375,0.6266819242374484
0.608,0.5157474399005124
0.6080625,0.3847869887999309
0.608125,0.2587059112410087
0.6081875,0.15404830427476052
0.60825,0.07575795419756581
0.6083125,0.01738599942288291
0.608375,-0.03540987611847744
0.6084375,-0.0991146494023033
0.6085,-0.1859969437034502
0.6085625,-0.29894799793471144
0.608625,-0.42900404543291815
0.6086875,-0.5563178259856969
0.60875,-0.6544164032320476
0.6088125,-0.6966905148748755
0.608875,-0.6634415967907744
0.6089375,-0.5476312407009485
0.609,-0.3577841527970187
0.6090625,-0.11721151124643786
0.609125,0.14033896037028532
0.6091875,0.37758187222507555
0.60925,0.5614608644171815
0.6093125,0.669878095724033
0.609375,0.6957490757440885
0.6094375,0.64743445841284
0.6095,0.5455308433557806
0.6095625,0.4169313980656838
0.609625,0.28775205795715064
0.6096875,0.17698238550642315
0.60975,0.09249500889662993
0.6098125,0.030395395291823356
0.609875,-0.022211938375190435
0.6099375,-0.08188399319058498
0.61,-0.16245984811622463
0.6100625,-0.269452883778695
0.610125,-0.39681975205508
0.6101875,-0.5270740706661765
0.61025,-0.6348134416787742
0.6103125,-0.692804411219508
0.610375,-0.6790659842459019
0.6104375,-0.5830953840715726
0.6105,-0.4095702234943717
0.6105625,-0.1784914179119772
0.610625,0.07836235044408038
0.6106875,0.3238512643444841
0.61075,0.5232053238887795
0.6108125,0.651173818914342
0.610875,0.6968475479314944
0.6109375,0.6650078547150182
0.611,0.5737493903442107
0.6110625,0.4490760717104877
0.611125,0.3179334916842924
0.6111875,0.20151746905183016
0.61125,0.11059090096895513
0.6113125,0.04398018417182223
0.611375,-0.009442207762026898
0.6114375,-0.0659217255579726
0.6115,-0.14053066649409762
0.6115625,-0.24121003891465786
0.611625,-0.364843263198154
0.6116875,-0.49651619821057785
0.61175,-0.6122620401251855
0.6118125,-0.6846483032769676
0.611875,-0.6897854034502303
0.6119375,-0.6139287191332008
0.612,-0.45791778956167156
0.6120625,-0.23823099935224484
0.612125,0.015706542202385522
0.6121875,0.2673639828619246
0.61225,0.48068618545875313
0.6123125,0.6275584378513117
0.612375,0.6933273140636705
0.6124375,0.6790517948966948
0.6125,0.6000000000001441
0.6125625,0.4808683275238456
0.612625,0.349030503262311
0.6126875,0.22760778485895083
0.61275,0.13016351344157254
0.6128125,0.058364556975945336
0.612875,0.0031422385715443243
0.6129375,-0.05105907364761876
0.613,-0.12018661936050254
0.6130625,-0.21437276914810158
0.613125,-0.3333827937745807
0.6131875,-0.46503917607755735
0.61325,-0.5871458323134027
0.6133125,-0.6724918661529987
0.613375,-0.6956754929081521
0.6134375,-0.6399769724081982
0.6135,-0.5024614874805875
0.6135625,-0.2959238263757471
0.613625,-0.047085533089930035
0.6136875,0.20858592761381228
0.61375,0.4341976987183698
0.6138125,0.5991018512335717
0.613875,0.6850353419576797
0.6139375,0.6892441618405402
0.614,0.6238826837699927
0.6140625,0.5119344817691512
0.614125,0.3807855429812438
0.6141875,0.25516435582801616
0.61425,0.15129472953379855
0.6143125,0.07375420181041126
0.614375,0.01578856442876185
0.6144375,-0.0371014803999556
0.6145,-0.10136492638387071
0.6145625,-0.18905165360911283
0.614625,-0.302713676663921
0.6146875,-0.43302519188742006
0.61475,-0.5598609158446715
0.6148125,-0.6566410379453789
0.614875,-0.6968641799073496
0.6149375,-0.6611420080277189
0.615,-0.5428824546348456
0.6150625,-0.3510889985950086
0.615125,-0.1094692349340323
0.6151875,0.1480115253840709
0.61525,0.3840824598646875
0.6153125,0.5659303536653727
0.615375,0.671869532227614
0.6154375,0.6952965167025711
0.6155,0.6450067982216968
0.6155625,0.5418852384265708
0.615625,0.4129063632697646
0.6156875,0.28405512834101176
0.61575,0.1740275999661135
0.6158125,0.09033135312044052
0.615875,0.028742517954831306
0.6159375,-0.0238333657034889
0.616,-0.08396531042490477
0.6160625,-0.16531403478133025
0.616125,-0.2730748920151691
0.6161875,-0.40083807688335615
0.61625,-0.5308096054817919
0.6163125,-0.6374327441282772
0.616375,-0.693528791562634
0.6164375,-0.6773821414661235
0.6165,-0.5789118439950584
0.6165625,-0.4032770356426267
0.616625,-0.1709050442173451
0.6166875,0.08615763953442515
0.61675,0.3307275500967233
0.6168125,0.5282259166063912
0.616875,0.6537812474788233
0.6169375,0.6969591517350112
0.617,0.6629972609742099
0.6170625,0.5703214314625501
0.617125,0.4450698045660567
0.6171875,0.31410586087939096
0.61725,0.19836417893157895
0.6173125,0.10825024070533115
0.617375,0.04224279908700933
0.6174375,-0.011023245729204476
0.6175,-0.06785314616640657
0.6175625,-0.14318426667068823
0.617625,-0.2446662640664256
0.6176875,-0.36881812475019005
0.61775,-0.5003941988500907
0.6178125,-0.6152292408898921
0.617875,-0.6858924844493077
0.6179375,-0.6887116441410683
0.618,-0.6103336092430103
0.6180625,-0.45207530619624514
0.618125,-0.23086531826175144
0.6181875,0.023557149041772266
0.61825,0.2745600226190379
0.6183125,0.48622466498853456
0.618375,0.6307770907309234
0.6184375,0.694025637114468
0.6185,0.6775006314975913
0.6185625,0.5968400311246513
0.618625,0.4769261679247828
0.6186875,0.3451017614248614
0.61875,0.22426406871208288
0.6188125,0.12763301699850335
0.618875,0.0565155468292369
0.6189375,0.0015708770709381894
0.619,-0.05286319747848167
0.6190625,-0.1226447120272329
0.619125,-0.21764636588207856
0.6191875,-0.3372773853010945
0.61925,-0.46901085241016416
0.6193125,-0.5904121679887042
0.619375,-0.6742200521864267
0.6194375,-0.6951994512483604
0.6195,-0.6369865221384874
0.6195625,-0.4971129157369275
0.619625,-0.2888408707101955
0.6196875,-0.039247708601442
0.61975,0.21604180315052585
0.6198125,0.4402145682059453
0.619875,0.6029199010262651
0.6199375,0.6863367876663817
0.62,0.6881909602356497
0.6200625,0.6210403206886995
0.620125,0.5081041082461081
0.6201875,0.37678985220563554
0.62025,0.2516437015155919
0.6203125,0.14856623330951216
0.620375,0.07176904018841584
0.6204375,0.014195945171282202
0.6205,-0.03880387821449105
0.6205625,-0.10363746744443797
0.620625,-0.1921311608788852
0.6206875,-0.30649550464629827
0.62075,-0.43704366342276874
0.6208125,-0.5633764058396532
0.620875,-0.6588131797417807
0.6209375,-0.6969670974150544
0.621,-0.6587653958113739
0.6210625,-0.5380649823577369
0.621125,-0.3443472793323564
0.6211875,-0.10171213254886892
0.62125,0.15566407789859557
0.6213125,0.3905323763128896
0.621375,0.5703289461891161
0.6214375,0.6737839841215827
0.6215,0.6947753127186964
0.6215625,0.6425301469441735
0.621625,0.538215973422358
0.6216875,0.40888202853227473
0.62175,0.2803763751997483
0.6218125,0.17109792690985873
0.621875,0.08818870318190533
0.6219375,0.027098193122886673
0.622,-0.025461962705486424
0.6220625,-0.08606678341654384
0.622125,-0.1681933980600841
0.6221875,-0.27671617444883667
0.62225,-0.4048590499257886
0.6223125,-0.5345238342001616
0.622375,-0.6400052215523595
0.6224375,-0.6941859165877607
0.6225,-0.6756214998840413
0.6225625,-0.574656239394083
0.622625,-0.396930829089683
0.6226875,-0.16329559158158088
0.62275,0.09394125090805303
0.6228125,0.337559843912353
0.622875,0.5331793050163949
0.6229375,0.6563117933267391
0.623,0.6969988800347695
0.6230625,0.6609321461257541
0.623125,0.5668635072319324
0.6231875,0.4410587671498949
0.62325,0.31029304738742297
0.6233125,0.1952353710038615
0.623375,0.10593249943848387
0.6234375,0.040517506736714365
0.6235,-0.01260766500467517
0.6235625,-0.06980213524370954
0.623625,-0.14586276566199147
0.6236875,-0.2481442428636148
0.62375,-0.3728005156378912
0.6238125,-0.504257090937715
0.623875,-0.6181555876406111
0.6239375,-0.6870735538000141
0.624,-0.6875621657944575
0.6240625,-0.6066639140665315
0.624125,-0.4461740034114854
0.6241875,-0.2234685940929358
0.62425,0.031404559352427516
0.6243125,0.2817192952360171
0.624375,0.4917004436670199
0.6244375,0.6339198425053346
0.6245,0.6946495931266964
0.6245625,0.6758898469333101
0.624625,0.5936438276735098
0.6246875,0.47297342892917227
0.62475,0.34118388019376744
0.6248125,0.22094352896633032
0.624875,0.12512679565876958
0.6249375,0.05468189019340085
0.625,7.349737736793884e-14
0.6250625,-0.05468189019322996
0.625125,-0.12512679565853616
0.6251875,-0.22094352896602068
0.62525,-0.3411838801934013
0.6253125,-0.4729734289288019
0.625375,-0.593643827673209
0.6254375,-0.6758898469331567
0.6255,-0.6946495931267513
0.6255625,-0.6339198425056252
0.625625,-0.4917004436675294
0.6256875,-0.2817192952366853
0.62575,-0.03140455935316169
0.6258125,0.22346859409224218
0.625875,0.44617400341093044
0.6259375,0.6066639140661847
0.626,0.6875621657943463
0.6260625,0.6870735538001217
0.626125,0.6181555876408831
0.6261875,0.5042570909380758
0.62625,0.37280051563826416
0.6263125,0.2481442428639413
0.626375,0.1458627656622432
0.6264375,0.06980213524389274
0.6265,0.012607665004823618
0.6265625,-0.04051750673655345
0.626625,-0.10593249943826805
0.6266875,-0.19523537100356989
0.62675,-0.31029304738706687
0.6268125,-0.44105876714951936
0.626875,-0.5668635072316073
0.6269375,-0.6609321461255583
0.627,-0.6969988800347697
0.6270625,-0.6563117933269723
0.627125,-0.5331793050168552
0.6271875,-0.33755984391299027
0.62725,-0.09394125090878083
0.6273125,0.16329559158086776
0.627375,0.3969308290890866
0.6274375,0.5746562393936813
0.6275,0.675621499883873
0.6275625,0.6941859165878191
0.627625,0.6400052215525981
0.6276875,0.5345238342005082
0.62775,0.40485904992616495
0.6278125,0.2767161744491783
0.627875,0.16819339806035472
0.6279375,0.0860667834167414
0.628,0.025461962705639184
0.6280625,-0.027098193122733177
0.628125,-0.0881887031817058
0.6281875,-0.17109792690958572
0.62825,-0.2803763751994049
0.6283125,-0.40888202853189815
0.628375,-0.5382159734220135
0.6284375,-0.6425301469439395
0.6285,-0.6947753127186443
0.6285625,-0.6737839841217582
0.628625,-0.5703289461895245
0.6286875,-0.3905323763134908
0.62875,-0.15566407789931075
0.6288125,0.10171213254814235
0.628875,0.3443472793317233
0.6289375,0.538064982357283
0.629,0.6587653958111479
0.6290625,0.6969670974150607
0.629125,0.6588131797419814
0.6291875,0.5633764058399808
0.62925,0.4370436634231447
0.6293125,0.3064955046466529
0.629375,0.1921311608791746
0.6294375,0.10363746744465166
0.6295,0.038803878214650867
0.6295625,-0.014195945171133387
0.629625,-0.07176904018823096
0.6296875,-0.14856623330925794
0.62975,-0.2516437015152634
0.6298125,-0.37678985220526184
0.629875,-0.5081041082457489
0.6299375,-0.6210403206884315
0.63,-0.688190960235548
0.6300625,-0.6863367876664999
0.630125,-0.602919901026619
0.6301875,-0.4402145682065057
0.63025,-0.21604180315122223
0.6303125,0.03924770860070827
0.630375,0.2888408707095309
0.6304375,0.497112915736424
0.6305,0.6369865221382041
0.6305625,0.6951994512483122
0.630625,0.6742200521865856
0.6306875,0.5904121679890083
0.63075,0.46901085241053553
0.6308125,0.33727738530145945
0.630875,0.217646365882386
0.6309375,0.12264471202746402
0.631,0.052863197478651175
0.6310625,-0.0015708770707911724
0.631125,-0.05651554682906462
0.6311875,-0.12763301699826768
0.63125,-0.22426406871177107
0.6313125,-0.3451017614244942
0.631375,-0.47692616792441345
0.6314375,-0.5968400311243539
0.6315,-0.6775006314974433
0.6315625,-0.6940256371145299
0.631625,-0.6307770907312211
0.6316875,-0.4862246649890499
0.63175,-0.2745600226197096
0.6318125,-0.02355714904250679
0.631875,0.23086531826106071
0.6319375,0.4520753061956956
0.632,0.6103336092426704
0.6320625,0.6887116441409643
0.632125,0.6858924844494211
0.6321875,0.6152292408901678
0.63225,0.5003941988504529
0.6323125,0.3688181247505623
0.632375,0.24466626406675004
0.6324375,0.14318426667093773
0.6325,0.06785314616658816
0.6325625,0.011023245729352586
0.632625,-0.04224279908684732
0.6326875,-0.10825024070511319
0.63275,-0.198364178931285
0.6328125,-0.31410586087903347
0.632875,-0.4450698045656816
0.6329375,-0.5703214314622279
0.633,-0.6629972609740191
0.6330625,-0.6969591517350182
0.633125,-0.6537812474790637
0.6331875,-0.5282259166068577
0.63325,-0.33072755009736476
0.6333125,-0.0861576395351541
0.633375,0.17090504421663405
0.6334375,0.40327703564203526
0.6335,0.5789118439946634
0.6335625,0.6773821414659624
0.633625,0.6935287915626986
0.6336875,0.6374327441285201
0.63375,0.5308096054821404
0.6338125,0.4008380768837323
0.633875,0.273074892015509
0.6339375,0.16531403478159853
0.634,0.08396531042510047
0.6340625,0.02383336570364096
0.634125,-0.028742517954677034
0.6341875,-0.09033135312023904
0.63425,-0.17402759996583816
0.6343125,-0.2840551283406667
0.634375,-0.4129063632693878
0.6344375,-0.5418852384262286
0.6345,-0.6450067982214673
0.6345625,-0.6952965167025255
0.634625,-0.6718695322277968
0.6346875,-0.5659303536657876
0.63475,-0.38408245986529344
0.6348125,-0.14801152538478796
0.634875,0.10946923493330707
0.6349375,0.35108899859437986
0.635,0.542882454634398
0.6350625,0.6611420080275001
0.635125,0.6968641799073626
0.6351875,0.6566410379455846
0.63525,0.5598609158450017
0.6353125,0.4330251918877962
0.635375,0.3027136766642741
0.6354375,0.18905165360939988
0.6355,0.10136492638408234
0.6355625,0.03710148040011439
0.635625,-0.0157885644286126
0.6356875,-0.07375420181022463
0.63575,-0.15129472953354206
0.6358125,-0.2551643558276857
0.635875,-0.38078554298086964
0.6359375,-0.5119344817687936
0.636,-0.6238826837697287
0.6360625,-0.6892441618404446
0.636125,-0.6850353419578051
0.6361875,-0.5991018512339324
0.63625,-0.43419769871893554
0.6363125,-0.20858592761451134
0.636375,0.04708553308919686
0.6364375,0.29592382637508613
0.6365,0.5024614874800899
0.6365625,0.6399769724079218
0.636625,0.695675492908111
0.6366875,0.6724918661531631
0.63675,0.58714583231371
0.6368125,0.4650391760779294
0.636875,0.3333827937749446
0.6369375,0.2143727691484068
0.637,0.12018661936073144
0.6370625,0.05105907364778693
0.637125,-0.0031422385713972363
0.6371875,-0.05836455697577156
0.63725,-0.13016351344133464
0.6373125,-0.22760778485863684
0.637375,-0.34903050326194285
0.6374375,-0.4808683275234773
0.6375,-0.5999999999998501
0.6375625,-0.6790517948965524
0.637625,-0.6933273140637394
0.6376875,-0.6275584378516165
0.63775,-0.48068618545927433
0.6378125,-0.26736398286259966
0.637875,-0.015706542203120295
0.6379375,0.23823099935155706
0.638,0.4579177895611276
0.6380625,0.6139287191328678
0.638125,0.6897854034501334
0.6381875,0.6846483032770869
0.63825,0.6122620401254651
0.6383125,0.49651619821094145
0.638375,0.36484326319852567
0.6384375,0.24121003891498033
0.6385,0.14053066649434476
0.6385625,0.06592172555815252
0.638625,0.009442207762174713
0.6386875,-0.04398018417165907
0.63875,-0.11059090096873503
0.6388125,-0.20151746905153392
0.638875,-0.3179334916839336
0.6389375,-0.449076071710113
0.639,-0.5737493903438914
0.6390625,-0.6650078547148326
0.639125,-0.6968475479315083
0.6391875,-0.6511738189145897
0.63925,-0.5232053238892524
0.6393125,-0.32385126434512956
0.639375,-0.07836235044481037
0.6394375,0.1784914179112684
0.6395,0.4095702234937853
0.6395625,0.5830953840711844
0.639625,0.679065984245748
0.6396875,0.6928044112195788
0.63975,0.6348134416790217
0.6398125,0.527074070666527
0.639875,0.39681975205545594
0.6399375,0.2694528837790329
0.64,0.1624598481164906
0.6400625,0.0818839931907788
0.640125,0.02221193837534184
0.6401875,-0.03039539529166827
0.64025,-0.09249500889642642
0.6403125,-0.17698238550614553
0.640375,-0.28775205795680386
0.6404375,-0.4169313980653071
0.6405,-0.5455308433554406
0.6405625,-0.6474344584126152
0.640625,-0.6957490757440494
0.6406875,-0.669878095724223
0.64075,-0.561460864417603
0.6408125,-0.3775818722256862
0.640875,-0.14033896037100424
0.6409375,0.11721151124571406
0.641,0.3577841527963943
0.6410625,0.5476312407005073
0.641125,0.6634415967905628
0.6411875,0.6966905148748952
0.64125,0.6544164032322582
0.6413125,0.5563178259860297
0.641375,0.42900404543329457
0.6414375,0.2989479979350631
0.6415,0.1859969437037349
0.6415625,0.0991146494025128
0.641625,0.03540987611863525
0.6416875,-0.01738599942273318
0.64175,-0.07575795419737746
0.6418125,-0.15404830427450167
0.641875,-0.2587059112406763
0.6419375,-0.3847869887995562
0.642,-0.5157474399001565
0.6420625,-0.6266819242371885
0.642125,-0.6902326260270356
0.6421875,-0.683657673883832
0.64225,-0.5952100594572209
0.6423125,-0.4281241041006562
0.642375,-0.20110195534112868
0.6424375,0.05491697016539519
0.6425,0.30296724708279993
0.6425625,0.5077455773247654
0.642625,0.6428910499076734
0.6426875,0.6960780117205607
0.64275,0.6707059154763335
0.6428125,0.5838456025989955
0.642875,0.46105913330873144
0.6429375,0.3295006138369364
0.643,0.21112291787169224
0.6430625,0.11775236164880382
0.643125,0.04926911836581266
0.6431875,-0.0047145687581700135
0.64325,-0.0602293046276567
0.6433125,-0.13271841295317655
0.643375,-0.23097446658461598
0.6434375,-0.35296957137268115
0.6435,-0.4847991618566556
0.6435625,-0.6031229580490938
0.643625,-0.6805427342246844
0.6436875,-0.6925543671997699
0.64375,-0.6242640687120891
0.6438125,-0.47508562277393646
0.643875,-0.26013211312965584
0.6439375,-0.007853803995983174
0.644,0.2455646671188862
0.6440625,0.46370077776869734
0.644125,0.6174489900283548
0.6441875,0.6907836373367182
0.64425,0.6833415704020359
0.6443125,0.6092547482728906
0.644375,0.4926238522909073
0.6444375,0.36087650670124155
0.6445,0.23777583076738154
0.6445625,0.13790188543253717
0.644625,0.06400751956906364
0.6446875,0.007864070309961974
0.64475,-0.04573008652491162
0.6448125,-0.11295468123613464
0.644875,-0.20469511518506073
0.6449375,-0.3217754770122708
0.645,-0.4530768593183582
0.6450625,-0.5771465962519092
0.645125,-0.666963264499898
0.6451875,-0.6966637156002466
0.64525,-0.6484895820413407
0.6453125,-0.5181180463143401
0.645375,-0.31693186164952286
0.6454375,-0.07055643794671607
0.6455,0.18605369928788312
0.6455625,0.4158096303798695
0.645625,0.58720649711687
0.6456875,0.6806731169783854
0.64575,0.6920132593222805
0.6458125,0.6321480459518279
0.645875,0.5233180116440623
0.6459375,0.39280471117508553
0.646,0.26585049551977635
0.6460625,0.1596308388265858
0.646125,0.07982253320296828
0.6461875,0.020597214405748555
0.64625,-0.032057280149029796
0.6463125,-0.0946799383213667
0.646375,-0.1799622414136293
0.6464375,-0.29146677820211175
0.6465,-0.4209564703469158
0.6465625,-0.5491520014017148
0.646625,-0.64981241583774
0.6466875,-0.6961325476372271
0.64675,-0.667809639651179
0.6468125,-0.5569208942928459
0.646875,-0.37103141565687214
0.6469375,-0.13264741310916048
0.647,0.12493791757139418
0.6470625,0.3644319020531086
0.647125,0.5523108723305488
0.6471875,0.6656641426079333
0.64725,0.6964465008946935
0.6473125,0.6521399642933511
0.647375,0.5527479249938857
0.6474375,0.4249809111840013
0.6475,0.29519889336624894
0.6475625,0.1829671151453516
0.647625,0.09688640123703207
0.6476875,0.033728624301830296
0.64775,-0.018988725073919265
0.6478125,-0.07778062458040166
0.647875,-0.15682699743488
0.6479375,-0.2622680628647931
0.648,-0.3887935829243335
0.6480625,-0.5195422086137543
0.648125,-0.6294372932476795
0.6481875,-0.691155829684029
0.64825,-0.6822036417424356
0.6483125,-0.5912448340907512
0.648375,-0.4219945043888933
0.6484375,-0.19359087968295124
0.6485,0.06274095842972512
0.6485625,0.3099702253738824
0.648625,0.5129646159354895
0.6486875,0.6457286250459073
0.64875,0.6964073133879993
0.6488125,0.6688628343799665
0.648875,0.5805122623136069
0.6489375,0.45707145298313073
0.649,0.32563134480815703
0.6490625,0.20789698057326772
0.649125,0.11534177370166765
0.6491875,0.047492926150351875
0.64925,-0.006288351540948707
0.6493125,-0.062110168036972835
0.649375,-0.13529783399178472
0.6494375,-0.23436389252052794
0.6495,-0.35691842292574116
0.6495625,-0.4887179212288364
0.649625,-0.6062081313044835
0.6496875,-0.6819728548153141
0.64975,-0.6917065522111799
0.6498125,-0.6208941819590054
0.649875,-0.46942360646050363
0.6499375,-0.2528653575670514
0.65,-3.82186362313282e-13
0.6500625,0.25286535756592077
0.650125,0.4694236064599496
0.6501875,0.6208941819586737
0.65025,0.6917065522110937
0.6503125,0.6819728548154503
0.650375,0.606208131304782
0.6504375,0.48871792122921714
0.6505,0.35691842292612597
0.6505625,0.23436389252085893
0.650625,0.135297833992037
0.6506875,0.06211016803715666
0.65075,0.006288351541010779
0.6508125,-0.047492926150179665
0.650875,-0.11534177370129534
0.6509375,-0.20789698057295491
0.651,-0.3256313448077811
0.6510625,-0.4570714529825113
0.651125,-0.5805122623132808
0.6511875,-0.6688628343797843
0.65125,-0.6964073133880277
0.6513125,-0.6457286250461797
0.651375,-0.512964615935694
0.6514375,-0.309970225374562
0.6515,-0.06274095843093894
0.6515625,0.19359087968265465
0.651625,0.4219945043882941
0.6516875,0.5912448340901301
0.65175,0.6822036417423767
0.6518125,0.6911558296841156
0.651875,0.6294372932481038
0.6519375,0.5195422086141227
0.652,0.3887935829244916
0.6520625,0.2622680628651407
0.652125,0.15682699743531325
0.6521875,0.0777806245804818
0.65225,0.01898872507407552
0.6523125,-0.033728624301570115
0.652375,-0.09688640123694461
0.6524375,-0.18296711514505787
0.6525,-0.2951988933656684
0.6525625,-0.4249809111838426
0.652625,-0.5527479249937446
0.6526875,-0.6521399642929937
0.65275,-0.6964465008946664
0.6528125,-0.6656641426080195
0.652875,-0.5523108723312697
0.6529375,-0.3644319020541368
0.653,-0.12493791757169843
0.6530625,0.13264741310841105
0.653125,0.3710314156558515
0.6531875,0.5569208942926656
0.65325,0.667809639650974
0.6533125,0.6961325476372813
0.653375,0.6498124158378328
0.6534375,0.5491520014018572
0.6535,0.4209564703475405
0.6535625,0.29146677820247413
0.653625,0.17996224141374728
0.6536875,0.09467993832170749
0.65375,0.032057280149192006
0.6538125,-0.02059721440568503
0.653875,-0.07982253320264981
0.6539375,-0.15963083882614865
0.654,-0.2658504955196348
0.6540625,-0.3928047111749273
0.654125,-0.5233180116434777
0.6541875,-0.6321480459515664
0.65425,-0.6920132593222481
0.6543125,-0.6806731169786289
0.654375,-0.5872064971172666
0.6544375,-0.4158096303801143
0.6545,-0.18605369928905502
0.6545625,0.0705564379459559
0.654625,0.31693186164924925
0.6546875,0.5181180463138418
0.65475,0.6484895820410757
0.6548125,0.6966637156002253
0.654875,0.6669632645000856
0.6549375,0.5771465962524341
0.655,0.45307685931874725
0.6550625,0.3217754770124225
0.655125,0.2046951151855559
0.6551875,0.11295468123636582
0.65525,0.04573008652498088
0.6553125,-0.007864070309808513
0.655375,-0.06400751956887818
0.6554375,-0.13790188543228257
0.6555,-0.2377758307670484
0.6555625,-0.3608765067008559
0.655625,-0.49262385229052774
0.6556875,-0.609254748272596
0.65575,-0.6833415704019057
0.6558125,-0.6907836373368117
0.655875,-0.6174489900286938
0.6559375,-0.4637007777692572
0.656,-0.24556466711959835
0.6560625,0.007853803995218851
0.656125,0.2601321131289503
0.6561875,0.47508562277338834
0.65625,0.6242640687117649
0.6563125,0.692554367199691
0.656375,0.6805427342248266
0.6564375,0.6031229580493959
0.6565,0.48479916185703753
0.6565625,0.35296957137306506
0.656625,0.23097446658494472
0.6566875,0.13271841295342637
0.65675,0.06022930462783897
0.6568125,0.004714568758323103
0.656875,-0.04926911836553588
0.6569375,-0.11775236164856812
0.657,-0.2111229178713771
0.6570625,-0.3295006138365592
0.657125,-0.4610591333083437
0.6571875,-0.5838456025986728
0.65725,-0.6707059154761569
0.6573125,-0.6960780117205961
0.657375,-0.6428910499077869
0.6574375,-0.5077455773252766
0.6575,-0.3029672470838901
0.6575625,-0.05491697016570379
0.657625,0.20110195534039899
0.6576875,0.42812410409970914
0.65775,0.5952100594568386
0.6578125,0.6836576738836943
0.657875,0.6902326260271839
0.6579375,0.6266819242374587
0.658,0.5157474399003065
0.6580625,0.3847869887999459
0.658125,0.2587059112412277
0.6581875,0.1540483042746107
0.65825,0.07575795419757339
0.6583125,0.017385999422981538
0.658375,-0.03540987611856877
0.6584375,-0.09911464940229486
0.6585,-0.18599694370326267
0.6585625,-0.2989479979349149
0.658625,-0.4290040454331361
0.6586875,-0.5563178259854777
0.65875,-0.654416403231909
0.6588125,-0.6966905148748869
0.658875,-0.6634415967909139
0.6589375,-0.547631240701239
0.659,-0.3577841527966573
0.6590625,-0.11721151124646681
0.659125,0.14033896036981178
0.6591875,0.37758187222542894
0.65925,0.5614608644174254
0.6593125,0.6698780957239078
0.659375,0.6957490757440901
0.6594375,0.6474344584127099
0.6595,0.5455308433560044
0.6595625,0.4169313980656989
0.659625,0.28775205795694997
0.6596875,0.17698238550660608
0.65975,0.09249500889676396
0.6598125,0.0303953952917336
0.659875,-0.022211938375184384
0.6599375,-0.0818839931904573
0.66,-0.16245984811637854
0.6600625,-0.26945288377889054
0.660125,-0.3968197520548325
0.6601875,-0.5270740706661625
0.66025,-0.6348134416789174
0.6603125,-0.6928044112194612
0.660375,-0.6790659842459081
0.6604375,-0.583095384071348
0.6605,-0.409570223494758
0.6605625,-0.17849141791200557
0.660625,0.07836235044450285
0.6606875,0.3238512643444582
0.66075,0.523205323888468
0.6608125,0.6511738189143321
0.660875,0.6968475479315024
0.6609375,0.6650078547151405
0.661,0.5737493903442235
0.6610625,0.44907607171027075
0.661125,0.3179334916845289
0.6611875,0.20151746905184204
0.66125,0.11059090096882776
0.6613125,0.04398018417182878
0.661375,-0.009442207762020982
0.6614375,-0.06592172555796541
0.6615,-0.14053066649408769
0.6615625,-0.241210038914645
0.661625,-0.3648432631981391
0.6616875,-0.4965161982105633
0.66175,-0.6122620401250014
0.6618125,-0.6846483032769628
0.661875,-0.6897854034501743
0.6619375,-0.6139287191332141
0.662,-0.4579177895616933
0.6620625,-0.23823099935227238
0.662125,0.015706542202356132
0.6621875,0.26736398286189755
0.66225,0.48068618545873226
0.6623125,0.6275584378512995
0.662375,0.6933273140636679
0.6624375,0.6790517948967004
0.6625,0.6000000000001557
0.6625625,0.4808683275236324
0.662625,0.34903050326232576
0.6626875,0.22760778485896338
0.66275,0.13016351344158208
0.6628125,0.05836455697595229
0.662875,0.003142238571550205
0.6629375,-0.05105907364761206
0.663,-0.12018661936049335
0.6630625,-0.21437276914808936
0.663125,-0.33338279377456614
0.6631875,-0.4650391760775424
0.66325,-0.5871458323133903
0.6633125,-0.6724918661529922
0.663375,-0.6956754929081284
0.6634375,-0.6399769724082092
0.6635,-0.5024614874809152
0.6635625,-0.2959238263753646
0.663625,-0.04708553308995936
0.6636875,0.20858592761335182
0.66375,0.4341976987183471
0.6638125,0.5991018512335573
0.663875,0.6850353419576747
0.6639375,0.6892441618405438
0.664,0.6238826837698399
0.6640625,0.5119344817691657
0.664125,0.38078554298149037
0.6641875,0.25516435582782493
0.66425,0.15129472953380876
0.6643125,0.07375420181053421
0.664375,0.015788564428675475
0.6644375,-0.03710148039994923
0.6645,-0.10136492638373132
0.6645625,-0.18905165360910137
0.664625,-0.3027136766641254
0.6646875,-0.43302519188717226
0.66475,-0.5598609158444539
0.6648125,-0.656641037945498
0.664875,-0.6968641799073492
0.6649375,-0.6611420080278629
0.665,-0.5428824546345865
0.6650625,-0.35108899859503373
0.665125,-0.10946923493451002
0.6651875,0.1480115253844859
0.66525,0.3840824598650381
0.6653125,0.5659303536650994
0.665375,0.6718695322276067
0.6654375,0.6952965167025447
0.6655,0.645006798221848
0.6655625,0.5418852384267963
0.665625,0.41290636326954655
0.6656875,0.284055128341239
0.66575,0.17402759996629488
0.6658125,0.09033135312032389
0.665875,0.028742517954837447
0.6659375,-0.02383336570338873
0.666,-0.08396531042501801
0.6660625,-0.1653140347814855
0.666125,-0.2730748920149453
0.6661875,-0.40083807688334117
0.66625,-0.5308096054819935
0.6663125,-0.6374327441281171
0.666375,-0.6935287915626316
0.6664375,-0.6773821414660303
0.6665,-0.5789118439953185
0.6665625,-0.4032770356430162
0.666625,-0.17090504421693362
0.6666875,0.08615763953439598
0.66675,0.3307275500963007
0.6668125,0.5282259166063724
0.666875,0.6537812474789624
0.6669375,0.6969591517350064
0.667,0.6629972609742175
0.6670625,0.5703214314623637
0.667125,0.44506980456630374
0.6671875,0.3141058608794053
0.66725,0.1983641789314088
0.6673125,0.1082502407053399
0.667375,0.042242799087015795
0.6674375,-0.011023245729198557
0.6675,-0.06785314616639934
0.6675625,-0.14318426667052392
0.667625,-0.24466626406641268
0.6676875,-0.36881812475040554
0.66775,-0.5003941988498521
0.6678125,-0.615229240889881
0.667875,-0.6858924844493735
0.6679375,-0.6887116441410726
0.668,-0.6103336092430239
0.6680625,-0.4520753061962671
0.668125,-0.23086531826177908
0.6681875,0.023557149041742886
0.66825,0.274560022619011
0.6683125,0.48622466498851397
0.668375,0.6307770907309116
0.6684375,0.6940256371144655
0.6685,0.6775006314975971
0.6685625,0.5968400311246632
0.668625,0.4769261679247976
0.6686875,0.34510176142464893
0.66875,0.2242640687120953
0.6688125,0.1276330169985128
0.668875,0.0565155468292438
0.6689375,0.0015708770709440692
0.669,-0.052863197478474885
0.6690625,-0.1226447120272236
0.669125,-0.21764636588206626
0.6691875,-0.33727738530107976
0.66925,-0.4690108524101494
0.6693125,-0.590412167988692
0.669375,-0.6742200521865187
0.6694375,-0.6951994512483621
0.6695,-0.6369865221386741
0.6695625,-0.49711291573694766
0.669625,-0.28884087071022213
0.6696875,-0.039247708601471344
0.66975,0.216041803150498
0.6698125,0.44021456820592286
0.669875,0.6029199010262509
0.6699375,0.6863367876663768
0.67,0.6881909602355909
0.6700625,0.6210403206887103
0.670125,0.5081041082463448
0.6701875,0.3767898522054192
0.67025,0.25164370151560506
0.6703125,0.1485662333096796
0.670375,0.07176904018830883
0.6704375,0.014195945171288159
0.6705,-0.038803878214385745
0.6705625,-0.1036374674444294
0.670625,-0.1921311608790527
0.6706875,-0.30649550464628406
0.67075,-0.43704366342252116
0.6708125,-0.5633764058398428
0.670875,-0.6588131797417726
0.6709375,-0.6969670974150501
0.671,-0.658765395811243
0.6710625,-0.5380649823577551
0.671125,-0.3443472793327733
0.6711875,-0.10171213254844844
0.67125,0.15566407789900946
0.6713125,0.3905323763124936
0.671375,0.5703289461890998
0.6714375,0.6737839841216843
0.6715,0.6947753127187306
0.6715625,0.6425301469443276
0.671625,0.5382159734221588
0.6716875,0.40888202853228983
0.67175,0.2803763751999745
0.6718125,0.17109792690970071
0.671875,0.08818870318178984
0.6719375,0.027098193122987772
0.672,-0.02546196270557482
0.6720625,-0.08606678341665819
0.672125,-0.16819339805990585
0.6721875,-0.276716174448823
0.67225,-0.4048590499260064
0.6723125,-0.5345238341999333
0.672375,-0.6400052215522024
0.6724375,-0.6941859165877946
0.6725,-0.6756214998841522
0.6725625,-0.5746562393943474
0.672625,-0.39693082908933786
0.6726875,-0.1632955915811682
0.67275,0.0939412509075736
0.6728125,0.3375598439123275
0.672875,0.5331793050166613
0.6729375,0.6563117933265854
0.673,0.6969988800347695
0.6730625,0.6609321461256408
0.673125,0.5668635072321464
0.6731875,0.44105876714991
0.67325,0.31029304738721697
0.6733125,0.19523537100387317
0.673375,0.1059324994386261
0.6734375,0.04051750673672079
0.6735,-0.012607665004669234
0.6735625,-0.0698021352435888
0.673625,-0.14586276566198136
0.6736875,-0.24814424286380374
0.67375,-0.3728005156376455
0.6738125,-0.5042570909377005
0.673875,-0.6181555876407685
0.6739375,-0.6870735538000098
0.674,-0.6875621657944619
0.6740625,-0.6066639140665455
0.674125,-0.44617400341150765
0.6741875,-0.22346859409296355
0.67425,0.03140455935239815
0.6743125,0.2817192952359903
0.674375,0.49170044366668436
0.6744375,0.633919842505323
0.6745,0.6946495931266943
0.6745625,0.6758898469333163
0.674625,0.5936438276735219
0.6746875,0.472973428929187
0.67475,0.3411838801937821
0.6748125,0.22094352896634267
0.674875,0.12512679565877893
0.6749375,0.054681890193407676
0.675,7.937716755737392e-14
0.6750625,-0.05468189019322313
0.675125,-0.12512679565852683
0.6751875,-0.22094352896600827
0.67525,-0.34118388019338663
0.6753125,-0.472973428928787
0.675375,-0.593643827673197
0.6754375,-0.6758898469331506
0.6755,-0.6946495931267536
0.6755625,-0.6339198425056368
0.675625,-0.4917004436675498
0.6756875,-0.281719295236712
0.67575,-0.03140455935319106
0.6758125,0.22346859409221445
0.675875,0.4461740034109082
0.6759375,0.6066639140661709
0.676,0.6875621657944107
0.6760625,0.687073553800126
0.676125,0.6181555876410622
0.6761875,0.504257090937867
0.67625,0.3728005156382791
0.6763125,0.24814424286415632
0.676375,0.14586276566225337
0.6764375,0.06980213524390004
0.6765,0.012607665004829561
0.6765625,-0.04051750673654701
0.676625,-0.10593249943839297
0.6766875,-0.1952353710035582
0.67675,-0.31029304738683233
0.6768125,-0.44105876714973674
0.676875,-0.5668635072315943
0.6769375,-0.6609321461254294
0.677,-0.6969988800347696
0.6770625,-0.6563117933269816
0.677125,-0.5331793050171585
0.6771875,-0.3375598439126215
0.67725,-0.09394125090835964
0.6773125,0.16329559158039797
0.677375,0.3969308290886938
0.6774375,0.5746562393939136
0.6775,0.6756214998838662
0.6775625,0.6941859165878576
0.677625,0.64000522155246
0.6776875,0.534523834200522
0.67775,0.40485904992641286
0.6778125,0.27671617444898056
0.677875,0.1681933980601981
0.6779375,0.0860667834168716
0.678,0.025461962705645297
0.6780625,-0.027098193122822002
0.678125,-0.08818870318157437
0.6781875,-0.17109792690957484
0.67825,-0.2803763751996036
0.6783125,-0.4088820285316501
0.678375,-0.5382159734217866
0.6784375,-0.6425301469440751
0.6785,-0.6947753127186423
0.6785625,-0.6737839841218739
0.678625,-0.5703289461892882
0.6786875,-0.39053237631314286
0.67875,-0.15566407789978182
0.6788125,0.10171213254811329
0.678875,0.34434727933208964
0.6789375,0.5380649823569839
0.679,0.6587653958111389
0.6790625,0.696967097415057
0.679125,0.6588131797421137
0.6791875,0.5633764058399939
0.67925,0.4370436634229271
0.6793125,0.30649550464666714
0.679375,0.19213116087936516
0.6794375,0.10363746744466018
0.6795,0.03880387821455836
0.6795625,-0.014195945171035347
0.679625,-0.07176904018822355
0.6796875,-0.1485662333094051
0.67975,-0.251643701515047
0.6798125,-0.37678985220524686
0.679875,-0.5081041082459568
0.6799375,-0.6210403206884209
0.68,-0.688190960235544
0.6800625,-0.6863367876665045
0.680125,-0.6029199010266331
0.6801875,-0.4402145682068748
0.68025,-0.2160418031512501
0.6803125,0.039247708600678916
0.680375,0.2888408707090931
0.6804375,0.49711291573640387
0.6805,0.6369865221383679
0.6805625,0.6951994512483104
0.680625,0.6742200521865921
0.6806875,0.5904121679890204
0.68075,0.46901085241055035
0.6808125,0.33727738530147405
0.680875,0.2176463658823983
0.6809375,0.12264471202747326
0.681,0.05286319747865795
0.6810625,-0.0015708770707852917
0.681125,-0.05651554682905771
0.6811875,-0.12763301699811247
0.68125,-0.22426406871175858
0.6813125,-0.34510176142425236
0.681375,-0.4769261679243986
0.6814375,-0.596840031124342
0.6815,-0.6775006314974374
0.6815625,-0.6940256371145324
0.681625,-0.6307770907312329
0.6816875,-0.4862246649890705
0.68175,-0.27456002261973644
0.6818125,-0.023557149042536175
0.681875,0.23086531826103307
0.6819375,0.4520753061956736
0.682,0.6103336092428671
0.6820625,0.6887116441409602
0.682125,0.6858924844494959
0.6821875,0.6152292408901788
0.68225,0.5003941988504674
0.6823125,0.36881812475080755
0.682375,0.24466626406676303
0.6824375,0.14318426667094772
0.6825,0.06785314616659542
0.6825625,0.011023245729358509
0.682625,-0.04224279908694106
0.6826875,-0.10825024070510447
0.68275,-0.19836417893109132
0.6828125,-0.3141058608792404
0.682875,-0.4450698045656666
0.6829375,-0.5703214314620156
0.683,-0.6629972609741296
0.6830625,-0.6969591517350185
0.683125,-0.6537812474792222
0.6831875,-0.5282259166068763
0.68325,-0.3307275500969935
0.6833125,-0.08615763953518324
0.683375,0.1709050442161657
0.6834375,0.40327703564237755
0.6835,0.5789118439946477
0.6835625,0.6773821414658563
0.683625,0.6935287915626613
0.6836875,0.6374327441285298
0.68375,0.53080960548237
0.6838125,0.4008380768835147
0.683875,0.27307489201531226
0.6839375,0.16531403478177523
0.684,0.08396531042510832
0.6840625,0.023833365703552968
0.684125,-0.0287425179545754
0.6841875,-0.09033135312010632
0.68425,-0.17402759996599754
0.6843125,-0.28405512834065283
0.684375,-0.41290636326913976
0.6844375,-0.5418852384264267
0.6845,-0.6450067982214582
0.6845625,-0.6952965167024955
0.684625,-0.671869532227691
0.6846875,-0.5659303536655474
0.68475,-0.38408245986569256
0.6848125,-0.14801152538481666
0.684875,0.10946923493372678
0.6849375,0.3510889985939657
0.685,0.54288245463438
0.6850625,0.6611420080276267
0.685125,0.6968641799073712
0.6851875,0.65664103794572
0.68525,0.5598609158448106
0.6853125,0.43302519188757854
0.685375,0.30271367666450677
0.6854375,0.18905165360941129
0.6855,0.10136492638395991
0.6855625,0.037101480400218975
0.685625,-0.015788564428606627
0.6856875,-0.07375420181033265
0.68575,-0.15129472953337306
0.6858125,-0.25516435582767255
0.685875,-0.38078554298108613
0.6859375,-0.5119344817687794
0.686,-0.623882683769718
0.6860625,-0.6892441618404408
0.686125,-0.6850353419578101
0.6861875,-0.5991018512341701
0.68625,-0.4341976987189582
0.6863125,-0.2085859276141068
0.686375,0.04708553308871389
0.6864375,0.29592382637505965
0.6865,0.5024614874803779
0.6865625,0.6399769724079108
0.686625,0.6956754929081094
0.6866875,0.6724918661531697
0.68675,0.5871458323137222
0.6868125,0.4650391760779442
0.686875,0.33338279377495916
0.6869375,0.21437276914841896
0.687,0.12018661936074063
0.6870625,0.05105907364779366
0.687125,-0.003142238571391353
0.6871875,-0.05836455697576462
0.68725,-0.1301635134413251
0.6873125,-0.22760778485862426
0.687375,-0.3490305032619281
0.6874375,-0.48086832752346254
0.6875,-0.5999999999998383
0.6875625,-0.6790517948965468
0.687625,-0.6933273140637422
0.6876875,-0.6275584378516287
0.68775,-0.4806861854592952
0.6878125,-0.2673639828626267
0.687875,-0.01570654220314969
0.6879375,0.23823099935152955
0.688,0.45791778956110585
0.6880625,0.6139287191328545
0.688125,0.6897854034500696
0.6881875,0.6846483032770916
0.68825,0.6122620401254764
0.6883125,0.49651619821095605
0.688375,0.3648432631985405
0.6884375,0.2412100389149932
0.6885,0.14053066649435467
0.6885625,0.06592172555815973
0.688625,0.009442207762089167
0.6886875,-0.04398018417165256
0.68875,-0.11059090096859006
0.6888125,-0.2015174690517054
0.688875,-0.3179334916839192
0.6889375,-0.4490760717098661
0.689,-0.5737493903438786
0.6890625,-0.6650078547148252
0.689125,-0.6968475479315173
0.6891875,-0.6511738189145996
0.68925,-0.5232053238889788
0.6893125,-0.32385126434515543
0.689375,-0.07836235044529123
0.6894375,0.1784914179116786
0.6895,0.40957022349376193
0.6895625,0.5830953840709288
0.689625,0.6790659842458371
0.6896875,0.6928044112195817
0.68975,0.6348134416791845
0.6898125,0.5270740706663242
0.689875,0.39681975205523845
0.6899375,0.2694528837792557
0.69,0.16245984811666575
0.6900625,0.08188399319066664
0.690125,0.022211938375441588
0.6901875,-0.030395395291566096
0.69025,-0.09249500889654419
0.6903125,-0.1769823855061344
0.690375,-0.28775205795657544
0.6904375,-0.416931398065525
0.6905,-0.5455308433556373
0.6905625,-0.647434458412467
0.690625,-0.695749075744072
0.6906875,-0.669878095724113
0.69075,-0.5614608644178807
0.6908125,-0.3775818722257106
0.690875,-0.14033896037058818
0.6909375,0.1172115112452373
0.691,0.3577841527959831
0.6910625,0.5476312407007626
0.691125,0.6634415967905544
0.6911875,0.6966905148749081
0.69125,0.6544164032321365
0.6913125,0.5563178259858371
0.691375,0.42900404543354254
0.6914375,0.29894799793507715
0.6915,0.18599694370357012
0.6915625,0.0991146494026508
0.691625,0.035409876118641576
0.6916875,-0.017385999422819834
0.69175,-0.07575795419725337
0.6918125,-0.15404830427449126
0.691875,-0.25870591124086867
0.6919375,-0.3847869887995412
0.692,-0.515747439899922
0.6920625,-0.6266819242371781
0.692125,-0.6902326260270875
0.6921875,-0.6836576738839193
0.69225,-0.5952100594572357
0.6923125,-0.42812410410032575
0.692375,-0.20110195534159084
0.6924375,0.0549169701653659
0.6925,0.3029672470831803
0.6925625,0.5077455773247458
0.692625,0.6428910499076628
0.6926875,0.6960780117205592
0.69275,0.6707059154763403
0.6928125,0.583845602599008
0.692875,0.46105913330874626
0.6929375,0.32950061383695095
0.693,0.2111229178718918
0.6930625,0.11775236164881292
0.693125,0.04926911836571608
0.6931875,-0.004714568758164126
0.69325,-0.06022930462764972
0.6933125,-0.1327184129531669
0.693375,-0.23097446658460336
0.6934375,-0.3529695713726665
0.6935,-0.48479916185664096
0.6935625,-0.6031229580490821
0.693625,-0.6805427342246789
0.6936875,-0.6925543671997729
0.69375,-0.6242640687121015
0.6938125,-0.4750856227736314
0.693875,-0.260132113129683
0.6939375,-0.00785380399601257
0.694,0.24556466711885877
0.6940625,0.4637007777686758
0.694125,0.6174489900283419
0.6941875,0.6907836373367147
0.69425,0.6833415704020409
0.6943125,0.609254748272902
0.694375,0.4926238522909218
0.6944375,0.36087650670125637
0.6945,0.23777583076739434
0.6945625,0.13790188543254694
0.694625,0.06400751956896046
0.6946875,0.007864070309967879
0.69475,-0.045730086524803384
0.6948125,-0.11295468123626329
0.694875,-0.2046951151850488
0.6949375,-0.32177547701203346
0.695,-0.4530768593183432
0.6950625,-0.5771465962518966
0.695125,-0.6669632644998907
0.6951875,-0.6966637156002475
0.69525,-0.6484895820411932
0.6953125,-0.5181180463143593
0.695375,-0.3169318616499508
0.6954375,-0.07055643794629306
0.6955,0.18605369928785487
0.6955625,0.4158096303794865
0.695625,0.5872064971170907
0.6956875,0.6806731169783795
0.69575,0.6920132593223314
0.6958125,0.632148045951838
0.695875,0.5233180116438583
0.6959375,0.392804711175333
0.696,0.2658504955199978
0.6960625,0.1596308388264333
0.696125,0.07982253320297594
0.6961875,0.020597214405847906
0.69625,-0.03205728014912006
0.6963125,-0.09467993832135846
0.696375,-0.17996224141344483
0.6964375,-0.29146677820231337
0.6965,-0.4209564703471338
0.6965625,-0.5491520014014925
0.696625,-0.6498124158377312
0.6966875,-0.6961325476372461
0.69675,-0.6678096396513089
0.6968125,-0.556920894293128
0.696875,-0.37103141565651604
0.6969375,-0.13264741310963518
0.697,0.12493791757091839
0.6970625,0.3644319020534673
0.697125,0.5523108723305314
0.6971875,0.6656641426077987
0.69725,0.6964465008946784
0.6973125,0.6521399642932264
0.697375,0.5527479249941067
0.6974375,0.4249809111840163
0.6975,0.29519889336604643
0.6975625,0.1829671151455376
0.697625,0.09688640123704034
0.6976875,0.03372862430173951
0.69775,-0.018988725073820302
0.6978125,-0.07778062458027638
0.697875,-0.15682699743503112
0.6979375,-0.2622680628647797
0.698,-0.38879358292408656
0.6980625,-0.5195422086137401
0.698125,-0.6294372932478275
0.6981875,-0.691155829683974
0.69825,-0.6822036417424412
0.6983125,-0.5912448340905345
0.698375,-0.4219945043892729
0.6984375,-0.19359087968297944
0.6985,0.06274095843014862
0.6985625,0.3099702253738563
0.698625,0.51296461593547
0.6986875,0.6457286250458968
0.69875,0.6964073133879982
0.6988125,0.6688628343800818
0.698875,0.5805122623136195
0.6989375,0.4570714529829146
0.699,0.3256313448083951
0.6990625,0.2078969805732797
0.699125,0.11534177370153773
0.6991875,0.04749292615035848
0.69925,-0.006288351540942811
0.6993125,-0.06211016803696577
0.699375,-0.13529783399177508
0.6994375,-0.23436389252051523
0.6995,-0.35691842292572634
0.6995625,-0.48871792122882174
0.699625,-0.606208131304472
0.6996875,-0.6819728548153089
0.69975,-0.6917065522111833
0.6998125,-0.6208941819590181
0.699875,-0.46942360646052494
0.6999375,-0.25286535756665696
0.7,-4.1158531326045746e-13
0.7000625,0.2528653575658935
0.700125,0.4694236064599283
0.7001875,0.620894181958661
0.70025,0.6917065522110903
0.7003125,0.6819728548154556
0.700375,0.6062081313047933
0.7004375,0.48871792122923174
0.7005,0.35691842292614073
0.7005625,0.2343638925208717
0.700625,0.13529783399189657
0.7006875,0.06211016803716375
0.70075,0.0062883515411078506
0.7008125,-0.04749292615017303
0.700875,-0.11534177370128632
0.7009375,-0.20789698057294284
0.701,-0.3256313448077667
0.7010625,-0.4570714529824963
0.701125,-0.5805122623132684
0.7011875,-0.6688628343797773
0.70125,-0.696407313388012
0.7013125,-0.6457286250461902
0.701375,-0.5129646159360137
0.7014375,-0.30997022537418384
0.7015,-0.06274095843096822
0.7015625,0.1935908796821908
0.701625,0.4219945043886275
0.7016875,0.5912448340901151
0.70175,0.6822036417422848
0.7018125,0.6911558296841189
0.701875,0.6294372932479557
0.7019375,0.5195422086141369
0.702,0.38879358292473876
0.7020625,0.2622680628649473
0.702125,0.1568269974353237
0.7021875,0.07778062458060703
0.70225,0.01898872507398857
0.7023125,-0.03372862430156384
0.702375,-0.09688640123680795
0.7024375,-0.18296711514522132
0.7025,-0.2951988933658709
0.7025625,-0.4249809111835946
0.702625,-0.552747924993731
0.7026875,-0.6521399642931184
0.70275,-0.6964465008946492
0.7028125,-0.665664142608154
0.702875,-0.5523108723310182
0.7029375,-0.36443190205416154
0.703,-0.1249379175721742
0.7030625,0.13264741310882805
0.703125,0.37103141565582687
0.7031875,0.5569208942923835
0.70325,0.6678096396510881
0.7033125,0.6961325476372624
0.703375,0.6498124158379779
0.7034375,0.5491520014018707
0.7035,0.42095647034732253
0.7035625,0.2914667782027036
0.703625,0.17996224141393175
0.7036875,0.09467993832158858
0.70375,0.03205728014929473
0.7038125,-0.020597214405585693
0.703875,-0.07982253320276092
0.7039375,-0.1596308388263012
0.704,-0.2658504955194133
0.7040625,-0.39280471117491234
0.704125,-0.5233180116436816
0.7041875,-0.6321480459514006
0.70425,-0.692013259322245
0.7043125,-0.6806731169785439
0.704375,-0.5872064971175178
0.7044375,-0.41580963038013763
0.7045,-0.18605369928864618
0.7045625,0.07055643794592666
0.704625,0.3169318616488215
0.7046875,0.5181180463138227
0.70475,0.6484895820410654
0.7048125,0.6966637156002117
0.704875,0.6669632645000927
0.7049375,0.5771465962522511
0.705,0.4530768593189937
0.7050625,0.3217754770124368
0.705125,0.20469511518538314
0.7051875,0.11295468123637473
0.70525,0.04573008652498746
0.7053125,-0.007864070309802608
0.705375,-0.06400751956887106
0.7054375,-0.13790188543227275
0.7055,-0.23777583076703554
0.7055625,-0.360876506700841
0.705625,-0.4926238522902874
0.7056875,-0.6092547482725846
0.70575,-0.6833415704019007
0.7058125,-0.6907836373368154
0.705875,-0.6174489900287068
0.7059375,-0.4637007777692788
0.706,-0.2455646671196257
0.7060625,0.007853803995189455
0.706125,0.26013211312892315
0.7061875,0.47508562277336724
0.70625,0.6242640687117523
0.7063125,0.692554367199688
0.706375,0.680542734224832
0.7064375,0.6031229580494075
0.7065,0.4847991618570523
0.7065625,0.3529695713730799
0.706625,0.2309744665849574
0.7066875,0.13271841295343595
0.70675,0.06022930462784598
0.7068125,0.004714568758328989
0.706875,-0.04926911836552922
0.7069375,-0.11775236164855904
0.707,-0.21112291787136503
0.7070625,-0.3295006138365447
0.707125,-0.46105913330832876
0.7071875,-0.5838456025986604
0.70725,-0.6707059154762551
0.7073125,-0.6960780117205976
0.707375,-0.6428910499079641
0.7074375,-0.5077455773249921
0.7075,-0.3029672470839164
0.7075625,-0.05491697016618633
0.707625,0.2011019553403709
0.7076875,0.4281241040996862
0.70775,0.5952100594568239
0.7078125,0.6836576738836889
0.707875,0.6902326260271323
0.7079375,0.6266819242374692
0.708,0.515747439900541
0.7080625,0.38478698879972906
0.708125,0.258705911241241
0.7081875,0.15404830427478117
0.70825,0.07575795419746434
0.7083125,0.017385999422987533
0.708375,-0.035409876118464814
0.7084375,-0.09911464940241613
0.7085,-0.1859969437034274
0.7085625,-0.2989479979346833
0.708625,-0.42900404543288806
0.7086875,-0.5563178259856703
0.70875,-0.6544164032319005
0.7088125,-0.696690514874874
0.708875,-0.6634415967907913
0.7089375,-0.5476312407012567
0.709,-0.35778415279706854
0.7090625,-0.11721151124604792
0.709125,0.1403389603702278
0.7091875,0.3775818722250267
0.70925,0.5614608644174086
0.7093125,0.6698780957240178
0.709375,0.6957490757441158
0.7094375,0.6474344584127188
0.7095,0.5455308433558077
0.7095625,0.4169313980659469
0.709625,0.2877520579571784
0.7096875,0.17698238550644535
0.70975,0.09249500889677209
0.7098125,0.030395395291835756
0.709875,-0.02221193837527201
0.7099375,-0.08188399319056949
0.71,-0.1624598481162034
0.7100625,-0.269452883778877
0.710125,-0.39681975205505005
0.7101875,-0.5270740706659316
0.71025,-0.6348134416789075
0.7103125,-0.6928044112195022
0.710375,-0.6790659842460095
0.7104375,-0.5830953840713635
0.7105,-0.40957022349441863
0.7105625,-0.17849141791203393
0.710625,0.07836235044402197
0.7106875,0.32385126434443245
0.71075,0.5232053238887416
0.7108125,0.6511738189141691
0.710875,0.6968475479315017
0.7109375,0.665007854715033
0.711,0.573749390344434
0.7110625,0.44907607171028574
0.711125,0.3179334916843212
0.7111875,0.20151746905185386
0.71125,0.11059090096883656
0.7113125,0.04398018417183529
0.711375,-0.00944220776201507
0.7114375,-0.0659217255578469
0.7115,-0.1405306664940778
0.7115625,-0.2412100389146321
0.711625,-0.36484326319789434
0.7116875,-0.49651619821054876
0.71175,-0.6122620401251633
0.7118125,-0.684648303276958
0.711875,-0.689785403450178
0.7119375,-0.6139287191332274
0.712,-0.45791778956171514
0.7120625,-0.23823099935229988
0.712125,0.015706542202326743
0.7121875,0.2673639828618706
0.71225,0.4806861854587114
0.7123125,0.6275584378512874
0.712375,0.6933273140636651
0.7124375,0.6790517948967942
0.7125,0.6000000000001675
0.7125625,0.48086832752387515
0.712625,0.3490305032623404
0.7126875,0.22760778485897587
0.71275,0.13016351344159163
0.7128125,0.058364556975959256
0.712875,0.003142238571556091
0.7129375,-0.05105907364760531
0.713,-0.12018661936048425
0.7130625,-0.2143727691480771
0.713125,-0.3333827937745516
0.7131875,-0.4650391760775275
0.71325,-0.5871458323135682
0.7133125,-0.6724918661529856
0.713375,-0.6956754929081554
0.7134375,-0.6399769724082202
0.7135,-0.502461487480935
0.7135625,-0.29592382637579995
0.713625,-0.04708553308998869
0.7136875,0.20858592761332384
0.71375,0.43419769871832453
0.7138125,0.5991018512335429
0.713875,0.6850353419577473
0.7139375,0.6892441618405477
0.714,0.6238826837700138
0.7140625,0.5119344817689586
0.714125,0.38078554298150524
0.7141875,0.25516435582804264
0.71425,0.1512947295336604
0.7143125,0.07375420181054168
0.714375,0.015788564428773792
0.7144375,-0.03710148039994288
0.7145,-0.10136492638385378
0.7145625,-0.18905165360908988
0.714625,-0.3027136766638927
0.7146875,-0.43302519188738986
0.71475,-0.5598609158444406
0.7148125,-0.6566410379453623
0.714875,-0.6968641799073566
0.7149375,-0.6611420080278718
0.715,-0.5428824546348814
0.7150625,-0.35108899859466985
0.715125,-0.10946923493409033
0.7151875,0.14801152538401352
0.71525,0.3840824598650139
0.7153125,0.5659303536653394
0.715375,0.6718695322274864
0.7154375,0.6952965167025746
0.7155,0.6450067982217151
0.7155625,0.54188523842681
0.715625,0.4129063632697947
0.7156875,0.2840551283410393
0.71575,0.1740275999663059
0.7158125,0.09033135312045665
0.715875,0.02874251795474818
0.7159375,-0.023833365703476744
0.716,-0.08396531042488911
0.7160625,-0.1653140347814748
0.716125,-0.27307489201514196
0.7161875,-0.40083807688309336
0.71625,-0.5308096054819796
0.7163125,-0.6374327441282578
0.716375,-0.6935287915625888
0.7164375,-0.6773821414661364
0.7165,-0.57891184399509
0.7165625,-0.403277035642674
0.716625,-0.170905044217402
0.7166875,0.08615763953436684
0.71675,0.330727550096672
0.7168125,0.528225916606065
0.716875,0.6537812474789528
0.7169375,0.6969591517350106
0.717,0.6629972609743431
0.7170625,0.5703214314623766
0.717125,0.44506980456608675
0.7171875,0.31410586087941955
0.71725,0.19836417893142055
0.7173125,0.10825024070534861
0.717375,0.042242799087022276
0.7174375,-0.011023245729101
0.7175,-0.06785314616639207
0.7175625,-0.14318426667066828
0.717625,-0.24466626406619893
0.7176875,-0.36881812475039066
0.71775,-0.5003941988500616
0.7178125,-0.6152292408898699
0.717875,-0.6858924844493688
0.7179375,-0.6887116441410767
0.718,-0.6103336092430376
0.7180625,-0.45207530619628905
0.718125,-0.23086531826180673
0.7181875,0.023557149041713504
0.71825,0.27456002261898416
0.7183125,0.48622466498849337
0.718375,0.6307770907308996
0.7184375,0.6940256371144631
0.7185,0.6775006314976031
0.7185625,0.5968400311246751
0.718625,0.4769261679248124
0.7186875,0.34510176142466353
0.71875,0.2242640687121078
0.7188125,0.12763301699852223
0.718875,0.05651554682925068
0.7189375,0.0015708770709499508
0.719,-0.05286319747846813
0.7190625,-0.12264471202721436
0.719125,-0.217646365882054
0.7191875,-0.3372773853010652
0.71925,-0.46901085241013457
0.7193125,-0.5904121679886799
0.719375,-0.6742200521864139
0.7194375,-0.695199451248364
0.7195,-0.6369865221386855
0.7195625,-0.4971129157369678
0.719625,-0.2888408707102487
0.7196875,-0.039247708601500696
0.71975,0.21604180315047014
0.7198125,0.44021456820590044
0.719875,0.6029199010264557
0.7199375,0.6863367876663722
0.72,0.6881909602356578
0.7200625,0.6210403206885551
0.720125,0.5081041082463591
0.7201875,0.3767898522056654
0.72025,0.25164370151561816
0.7203125,0.14856623330968977
0.720375,0.07176904018843065
0.7204375,0.014195945171294112
0.7205,-0.03880387821447827
0.7205625,-0.10363746744442087
0.720625,-0.19213116087886215
0.7206875,-0.30649550464648934
0.72075,-0.4370436634225061
0.7208125,-0.563376405839627
0.720875,-0.6588131797418888
0.7209375,-0.6969670974150499
0.721,-0.6587653958113919
0.7210625,-0.5380649823574923
0.721125,-0.34434727933240705
0.7211875,-0.10171213254892704
0.72125,0.15566407789853837
0.7213125,0.3905323763128415
0.721375,0.5703289461888308
0.7214375,0.6737839841215687
0.7215,0.6947753127187005
0.7215625,0.6425301469443372
0.721625,0.5382159734223856
0.7216875,0.4088820285320718
0.72175,0.28037637519977576
0.7218125,0.1710979269098806
0.721875,0.08818870318179783
0.7219375,0.027098193122898948
0.722,-0.025461962705474205
0.7220625,-0.08606678341665028
0.722125,-0.1681933980600625
0.7221875,-0.276716174448598
0.72225,-0.4048590499257585
0.7223125,-0.5345238342001338
0.722375,-0.6400052215521929
0.7224375,-0.6941859165877562
0.7225,-0.6756214998840548
0.7225625,-0.574656239394115
0.722625,-0.39693082908973065
0.7226875,-0.1632955915811967
0.72275,0.09394125090799482
0.7228125,0.33755984391190774
0.722875,0.5331793050166428
0.7229375,0.6563117933267204
0.723,0.6969988800347692
0.7230625,0.6609321461256487
0.723125,0.5668635072319582
0.7231875,0.44105876714992487
0.72325,0.3102930473874515
0.7233125,0.19523537100388486
0.723375,0.10593249943850117
0.7234375,0.04051750673682679
0.7235,-0.012607665004663302
0.7235625,-0.06980213524369487
0.723625,-0.14586276566181547
0.7236875,-0.2481442428637907
0.72375,-0.3728005156378614
0.7238125,-0.5042570909376862
0.723875,-0.6181555876407576
0.7239375,-0.6870735538000055
0.724,-0.6875621657944662
0.7240625,-0.6066639140665593
0.724125,-0.44617400341152985
0.7241875,-0.2234685940929913
0.72425,0.031404559351914524
0.7243125,0.2817192952359636
0.724375,0.4917004436669792
0.7244375,0.6339198425053114
0.7245,0.694649593126692
0.7245625,0.6758898469333225
0.724625,0.593643827673534
0.7246875,0.47297342892920186
0.72475,0.34118388019379664
0.7248125,0.22094352896635508
0.724875,0.12512679565878826
0.7249375,0.05468189019341453
0.725,8.525695774680906e-14
0.7250625,-0.054681890193321994
0.725125,-0.12512679565851748
0.7251875,-0.2209435289659959
0.72525,-0.341183880193372
0.7253125,-0.4729734289287722
0.725375,-0.593643827673185
0.7254375,-0.6758898469331444
0.7255,-0.6946495931267558
0.7255625,-0.6339198425056485
0.725625,-0.4917004436675701
0.7256875,-0.2817192952367388
0.72575,-0.031404559353220424
0.7258125,0.22346859409218672
0.725875,0.44617400341122937
0.7259375,0.6066639140661569
0.726,0.6875621657943374
0.7260625,0.6870735538000637
0.726125,0.6181555876410731
0.7261875,0.5042570909381046
0.72625,0.3728005156382941
0.7263125,0.2481442428641694
0.726375,0.14586276566226342
0.7264375,0.06980213524390741
0.7265,0.012607665004743647
0.7265625,-0.04051750673654059
0.726625,-0.10593249943825084
0.7266875,-0.19523537100372698
0.72675,-0.31029304738681807
0.7268125,-0.44105876714948933
0.726875,-0.5668635072317824
0.7269375,-0.6609321461254215
0.727,-0.6969988800347698
0.7270625,-0.656311793326991
0.727125,-0.533179305016892
0.7271875,-0.3375598439130413
0.72725,-0.09394125090883906
0.7273125,0.1632955915808107
0.727375,0.39693082908866995
0.7274375,0.5746562393936492
0.7275,0.6756214998839637
0.7275625,0.6941859165878599
0.727625,0.6400052215526171
0.7276875,0.5345238342003213
0.72775,0.40485904992619515
0.7278125,0.27671617444920565
0.727875,0.16819339806020894
0.7279375,0.08606678341675722
0.728,0.02546196270574591
0.7280625,-0.027098193122720902
0.728125,-0.08818870318168984
0.7281875,-0.171097926909395
0.72825,-0.2803763751993774
0.7283125,-0.40888202853186806
0.728375,-0.5382159734217729
0.7284375,-0.6425301469439209
0.7285,-0.6947753127186724
0.7285625,-0.6737839841217723
0.728625,-0.5703289461895571
0.7286875,-0.39053237631316684
0.72875,-0.15566407789936793
0.7288125,0.10171213254763467
0.728875,0.3443472793320643
0.7289375,0.5380649823572465
0.729,0.65876539581099
0.7290625,0.6969670974150611
0.729125,0.6588131797419975
0.7291875,0.5633764058400071
0.72925,0.4370436634231748
0.7293125,0.3064955046466813
0.729375,0.19213116087919777
0.7294375,0.10363746744480101
0.7295,0.03880387821456477
0.7295625,-0.01419594517112148
0.729625,-0.07176904018810171
0.7296875,-0.14856623330939495
0.72975,-0.25164370151523713
0.7298125,-0.3767898522052319
0.729875,-0.5081041082459424
0.7299375,-0.6210403206884101
0.73,-0.68819096023554
0.7300625,-0.6863367876665826
0.730125,-0.6029199010266473
0.7301875,-0.44021456820655047
0.73025,-0.21604180315170882
0.7303125,0.03924770860064957
0.730375,0.2888408707094777
0.7304375,0.4971129157363838
0.7305,0.6369865221383566
0.7305625,0.6951994512483085
0.730625,0.6742200521865984
0.7306875,0.5904121679890326
0.73075,0.46901085241056517
0.7308125,0.33727738530148865
0.730875,0.2176463658824106
0.7309375,0.12264471202748248
0.731,0.05286319747866475
0.7310625,-0.0015708770707794101
0.731125,-0.056515546829050814
0.7311875,-0.12763301699824886
0.73125,-0.2242640687117461
0.7313125,-0.34510176142423765
0.731375,-0.47692616792438386
0.7314375,-0.59684003112433
0.7315,-0.6775006314974314
0.7315625,-0.6940256371145349
0.731625,-0.6307770907312449
0.7316875,-0.4862246649890911
0.73175,-0.2745600226197633
0.7318125,-0.023557149042565555
0.731875,0.2308653182614328
0.7319375,0.4520753061956516
0.732,0.6103336092426432
0.7320625,0.688711644140956
0.732125,0.6858924844495005
0.7321875,0.6152292408901899
0.73225,0.500394198850482
0.7323125,0.36881812475082254
0.732375,0.24466626406677608
0.7324375,0.14318426667095768
0.7325,0.06785314616649035
0.7325625,0.011023245729364431
0.732625,-0.04224279908683434
0.7326875,-0.10825024070523065
0.73275,-0.1983641789310796
0.7328125,-0.3141058608790049
0.732875,-0.44506980456588374
0.7329375,-0.5703214314620026
0.733,-0.6629972609740039
0.7330625,-0.6969591517350189
0.733125,-0.653781247479083
0.7331875,-0.5282259166068951
0.73325,-0.33072755009741606
0.7333125,-0.08615763953476138
0.733375,0.17090504421613728
0.7334375,0.4032770356419879
0.7335,0.5789118439948762
0.7335625,0.6773821414658499
0.733625,0.6935287915627039
0.7336875,0.6374327441283894
0.73375,0.5308096054821684
0.7338125,0.4008380768837625
0.733875,0.27307489201532587
0.7339375,0.16531403478161996
0.734,0.08396531042523725
0.7340625,0.02383336570365313
0.734125,-0.028742517954664683
0.7341875,-0.09033135312009824
0.73425,-0.17402759996581615
0.7343125,-0.2840551283408525
0.734375,-0.41290636326935776
0.7344375,-0.5418852384262012
0.7345,-0.645006798221591
0.7345625,-0.6952965167025218
0.734625,-0.6718695322278114
0.7346875,-0.565930353665564
0.73475,-0.3840824598653419
0.7348125,-0.14801152538528903
0.734875,0.10946923493324906
0.7349375,0.35108899859432957
0.735,0.5428824546340851
0.7350625,0.6611420080274826
0.735125,0.6968641799073636
0.7351875,0.6566410379456011
0.73525,0.5598609158450282
0.7353125,0.4330251918875935
0.735375,0.3027136766643024
0.7354375,0.18905165360960044
0.7355,0.10136492638396832
0.7355625,0.037101480400127076
0.735625,-0.015788564428508317
0.7356875,-0.07375420181032522
0.73575,-0.15129472953352152
0.7358125,-0.25516435582765934
0.735875,-0.38078554298083966
0.7359375,-0.5119344817687651
0.736,-0.6238826837697075
0.7360625,-0.6892441618403777
0.736125,-0.6850353419578152
0.7361875,-0.5991018512339613
0.73625,-0.4341976987193308
0.7363125,-0.20858592761413475
0.736375,0.047085533089138196
0.7364375,0.2959238263750332
0.7365,0.502461487480358
0.7365625,0.6399769724078997
0.736625,0.6956754929081077
0.7366875,0.6724918661531762
0.73675,0.5871458323137345
0.7368125,0.46503917607795914
0.736875,0.33338279377519886
0.7369375,0.21437276914843123
0.737,0.12018661936074976
0.7370625,0.05105907364780038
0.737125,-0.0031422385713854705
0.7371875,-0.05836455697575767
0.73725,-0.1301635134413156
0.7373125,-0.22760778485861172
0.737375,-0.3490305032619133
0.7374375,-0.48086832752344777
0.7375,-0.5999999999998266
0.7375625,-0.679051794896541
0.737625,-0.6933273140637449
0.7376875,-0.6275584378516408
0.73775,-0.48068618545931596
0.7378125,-0.2673639828626537
0.737875,-0.015706542203179078
0.7379375,0.23823099935150205
0.738,0.4579177895610841
0.7380625,0.6139287191328412
0.738125,0.6897854034500657
0.7381875,0.6846483032770965
0.73825,0.6122620401254874
0.7383125,0.4965161982109706
0.738375,0.3648432631985553
0.7384375,0.24121003891500603
0.7385,0.14053066649421164
0.7385625,0.06592172555816692
0.738625,0.00944220776218653
0.7386875,-0.04398018417174698
0.73875,-0.11059090096858123
0.7388125,-0.20151746905151027
0.738875,-0.3179334916839049
0.7389375,-0.44907607170985114
0.739,-0.5737493903438659
0.7390625,-0.6650078547148177
0.739125,-0.6968475479315093
0.7391875,-0.6511738189146095
0.73925,-0.5232053238892903
0.7393125,-0.32385126434478184
0.739375,-0.07836235044532044
0.7394375,0.1784914179112117
0.7395,0.40957022349410127
0.7395625,0.5830953840709132
0.739625,0.6790659842457356
0.7396875,0.6928044112195406
0.73975,0.6348134416790414
0.7398125,0.5270740706665552
0.739875,0.3968197520554861
0.7399375,0.26945288377906
0.74,0.16245984811667638
0.7400625,0.08188399319079434
0.740125,0.022211938375353957
0.7401875,-0.030395395291559914
0.74025,-0.09249500889641016
0.7403125,-0.17698238550629508
0.740375,-0.28775205795677616
0.7404375,-0.4169313980652769
0.7405,-0.5455308433556236
0.7405625,-0.6474344584125973
0.740625,-0.6957490757440463
0.7406875,-0.6698780957241206
0.74075,-0.5614608644176367
0.7408125,-0.37758187222611284
0.740875,-0.14033896037106172
0.7409375,0.11721151124565617
0.741,0.3577841527959581
0.7410625,0.547631240700472
0.741125,0.6634415967906768
0.7411875,0.6966905148748966
0.74125,0.6544164032322752
0.7413125,0.5563178259858504
0.741375,0.42900404543332477
0.7414375,0.29894799793530874
0.7415,0.1859969437035815
0.7415625,0.09911464940252956
0.741625,0.03540987611874552
0.7416875,-0.017385999422813853
0.74175,-0.07575795419736236
0.7418125,-0.15404830427448093
0.741875,-0.2587059112406497
0.7419375,-0.3847869887995262
0.742,-0.515747439900128
0.7420625,-0.6266819242370069
0.742125,-0.6902326260270838
0.7421875,-0.6836576738838427
0.74225,-0.5952100594574778
0.7423125,-0.4281241041003486
0.742375,-0.2011019553411848
0.7424375,0.05491697016533659
0.7425,0.30296724708315403
0.7425625,0.5077455773247261
0.742625,0.6428910499076519
0.7426875,0.6960780117205367
0.74275,0.6707059154763471
0.7428125,0.5838456025990204
0.742875,0.46105913330899195
0.7429375,0.3295006138369654
0.743,0.2111229178717165
0.7430625,0.11775236164882202
0.743125,0.04926911836572276
0.7431875,-0.004714568758158238
0.74325,-0.060229304627642685
0.7433125,-0.13271841295315734
0.743375,-0.23097446658459067
0.7434375,-0.35296957137265167
0.7435,-0.4847991618566262
0.7435625,-0.6031229580490705
0.743625,-0.6805427342246735
0.7436875,-0.6925543671998229
0.74375,-0.624264068712114
0.7438125,-0.47508562277397864
0.743875,-0.26013211312971013
0.7439375,-0.007853803996041967
0.744,0.2455646671188314
0.7440625,0.4637007777686543
0.744125,0.6174489900283288
0.7441875,0.690783637336711
0.74425,0.6833415704020458
0.7443125,0.6092547482729133
0.744375,0.49262385229093636
0.7444375,0.36087650670127114
0.7445,0.237775830767209
0.7445625,0.13790188543255677
0.744625,0.06400751956907794
0.7446875,0.00786407030997378
0.74475,-0.04573008652479679
0.7448125,-0.11295468123611685
0.744875,-0.20469511518503686
0.7449375,-0.32177547701201903
0.745,-0.4530768593183282
0.7450625,-0.5771465962518839
0.745125,-0.6669632644999951
0.7451875,-0.6966637156002483
0.74525,-0.648489582041361
0.7453125,-0.518118046314082
0.745375,-0.3169318616499767
0.7454375,-0.07055643794677455
0.7455,0.18605369928826376
0.7455625,0.4158096303794633
0.745625,0.5872064971168396
0.7456875,0.6806731169783736
0.74575,0.6920132593222867
0.7458125,0.632148045951848
0.745875,0.5233180116440904
0.7459375,0.3928047111751156
0.746,0.2658504955200113
0.7460625,0.1596308388266069
0.746125,0.07982253320286481
0.7461875,0.020597214405853936
0.74625,-0.03205728014901733
0.7463125,-0.09467993832147739
0.746375,-0.1799622414136069
0.7464375,-0.2914667782020839
0.7465,-0.42095647034711864
0.7465625,-0.5491520014016879
0.746625,-0.6498124158375862
0.7466875,-0.6961325476372245
0.74675,-0.6678096396511948
0.7468125,-0.5569208942931451
0.746875,-0.3710314156569214
0.7469375,-0.13264741310921813
0.747,0.1249379175708895
0.7470625,0.364431902053059
0.747125,0.552310872330783
0.7471875,0.6656641426079171
0.74725,0.6964465008946956
0.7473125,0.652139964293235
0.747375,0.5527479249939126
0.7474375,0.42498091118426434
0.7475,0.2951988933660604
0.7475625,0.18296711514537414
0.747625,0.09688640123717704
0.7476875,0.033728624301842855
0.74775,-0.018988725073907246
0.7478125,-0.07778062458038648
0.747875,-0.1568269974348591
0.7479375,-0.2622680628647662
0.748,-0.38879358292430355
0.7480625,-0.5195422086135069
0.748125,-0.6294372932478174
0.7481875,-0.6911558296840222
0.74825,-0.6822036417425332
0.7483125,-0.5912448340905495
0.748375,-0.4219945043889395
0.7484375,-0.1935908796830076
0.7485,0.06274095843011934
0.7485625,0.3099702253738302
0.748625,0.5129646159354506
0.7486875,0.6457286250457241
0.74875,0.6964073133879971
0.7488125,0.6688628343799805
0.748875,0.5805122623138259
0.7489375,0.4570714529829295
0.749,0.3256313448081859
0.7490625,0.20789698057329173
0.749125,0.11534177370154675
0.7491875,0.0474929261503651
0.74925,-0.006288351540936916
0.7493125,-0.06211016803695868
0.749375,-0.13529783399176531
0.7494375,-0.23436389252050252
0.7495,-0.35691842292571163
0.7495625,-0.48871792122880703
0.749625,-0.6062081313044606
0.7496875,-0.6819728548153036
0.74975,-0.6917065522111866
0.7498125,-0.620894181959031
0.749875,-0.46942360646054626
0.7499375,-0.2528653575666842
0.75,-4.4098426420763303e-13
0.7500625,0.25286535756586626
0.750125,0.469423606459907
0.7501875,0.6208941819586482
0.75025,0.691706552211087
0.7503125,0.6819728548154609
0.750375,0.6062081313048049
0.7504375,0.4887179212292464
0.7505,0.35691842292615555
0.7505625,0.23436389252088435
0.750625,0.13529783399205636
0.7506875,0.062110168037170815
0.75075,0.00628835154111374
0.7508125,-0.047492926150166384
0.750875,-0.11534177370127735
0.7509375,-0.20789698057293082
0.751,-0.32563134480775213
0.7510625,-0.45707145298248136
0.751125,-0.5805122623134498
0.7511875,-0.6688628343797703
0.75125,-0.6964073133880301
0.7513125,-0.6457286250460386
0.751375,-0.512964615936033
0.7514375,-0.30997022537461427
0.7515,-0.0627409584309975
0.7515625,0.19359087968216265
0.751625,0.42199450438824804
0.7516875,0.5912448340901001
0.75175,0.6822036417423656
0.7518125,0.6911558296841223
0.751875,0.6294372932481243
0.7519375,0.519542208613932
0.752,0.38879358292475386
0.7520625,0.26226806286516746
0.752125,0.1568269974351725
0.7521875,0.07778062458061466
0.75225,0.018988725074087547
0.7523125,-0.03372862430165462
0.752375,-0.09688640123692804
0.7524375,-0.18296711514503533
0.7525,-0.2951988933656403
0.7525625,-0.42498091118381254
0.752625,-0.5527479249935103
0.7526875,-0.6521399642929765
0.75275,-0.6964465008946643
0.7528125,-0.6656641426081622
0.752875,-0.5523108723313046
0.7529375,-0.3644319020538028
0.753,-0.12493791757175621
0.7530625,0.13264741310835337
0.753125,0.37103141565618303
0.7531875,0.5569208942926313
0.75325,0.6678096396509582
0.7533125,0.6961325476372637
0.753375,0.6498124158378504
0.7534375,0.5491520014020932
0.7535,0.42095647034757067
0.7535625,0.291466778202502
0.753625,0.17996224141394296
0.7536875,0.09467993832172392
0.75375,0.03205728014920447
0.7538125,-0.02059721440567297
0.753875,-0.07982253320263444
0.7539375,-0.15963083882629064
0.754,-0.2658504955196078
0.7540625,-0.392804711174665
0.754125,-0.5233180116436676
0.7541875,-0.6321480459515462
0.75425,-0.6920132593221943
0.7543125,-0.6806731169785498
0.754375,-0.5872064971172971
0.7544375,-0.41580963038016083
0.7545,-0.18605369928911156
0.7545625,0.07055643794589742
0.754625,0.3169318616491973
0.7546875,0.518118046313507
0.75475,0.6484895820410552
0.7548125,0.6966637156002237
0.754875,0.6669632645002116
0.7549375,0.5771465962522637
0.755,0.45307685931877717
0.7550625,0.32177547701245135
0.755125,0.20469511518539507
0.7551875,0.11295468123638361
0.75525,0.045730086524994024
0.7553125,-0.007864070309796703
0.755375,-0.06400751956886391
0.7554375,-0.13790188543226295
0.7555,-0.23777583076682454
0.7555625,-0.36087650670082616
0.755625,-0.4926238522904986
0.7556875,-0.6092547482725734
0.75575,-0.6833415704018957
0.7558125,-0.6907836373368189
0.755875,-0.6174489900287199
0.7559375,-0.4637007777693003
0.756,-0.24556466711965313
0.7560625,0.007853803995160058
0.756125,0.26013211312889606
0.7561875,0.4750856227733462
0.75625,0.6242640687117398
0.7563125,0.6925543671997318
0.756375,0.6805427342248375
0.7564375,0.6031229580494192
0.7565,0.48479916185706695
0.7565625,0.3529695713730946
0.756625,0.23097446658497006
0.7566875,0.13271841295344558
0.75675,0.06022930462785296
0.7568125,0.004714568758334876
0.756875,-0.04926911836552253
0.7569375,-0.11775236164854996
0.757,-0.21112291787135287
0.7570625,-0.3295006138365302
0.757125,-0.46105913330854453
0.7571875,-0.5838456025986479
0.75725,-0.6707059154761432
0.7573125,-0.6960780117205777
0.757375,-0.6428910499079749
0.7574375,-0.5077455773253159
0.7575,-0.30296724708394274
0.7575625,-0.054916970166215634
0.757625,0.20110195534034286
0.7576875,0.42812410409966345
0.75775,0.5952100594570366
0.7578125,0.6836576738836837
0.757875,0.6902326260271912
0.7579375,0.6266819242373187
0.758,0.5157474399005552
0.7580625,0.3847869887999759
0.758125,0.2587059112410486
0.7581875,0.15404830427479155
0.75825,0.07575795419758843
0.7583125,0.01738599942299352
0.758375,-0.035409876118556144
0.7584375,-0.0991146494022781
0.7585,-0.18599694370323988
0.7585625,-0.2989479979348868
0.758625,-0.42900404543287307
0.7586875,-0.556317825985451
0.75875,-0.6544164032320224
0.7588125,-0.6966905148748732
0.758875,-0.6634415967909308
0.7589375,-0.5476312407010014
0.759,-0.3577841527967073
0.7590625,-0.11721151124652472
0.759125,0.14033896037019905
0.7591875,0.3775818722253801
0.75925,0.5614608644171308
0.7593125,0.6698780957238927
0.759375,0.6957490757440933
0.7594375,0.6474344584128671
0.7595,0.5455308433560317
0.7595625,0.416931398065729
0.759625,0.2877520579571923
0.7596875,0.1769823855066283
0.75975,0.0924950088966543
0.7598125,0.030395395291746008
0.759875,-0.022211938375172262
0.7599375,-0.0818839931905617
0.76,-0.1624598481163573
0.7600625,-0.26945288377865434
0.760125,-0.39681975205503506
0.7601875,-0.5270740706661344
0.76025,-0.6348134416787445
0.7603125,-0.6928044112194556
0.760375,-0.6790659842459204
0.7604375,-0.583095384071379
0.7605,-0.40957022349480493
0.7605625,-0.1784914179120623
0.760625,0.07836235044444445
0.7606875,0.32385126434400724
0.76075,0.5232053238887227
0.7608125,0.6511738189143124
0.760875,0.6968475479314927
0.7609375,0.6650078547150404
0.761,0.573749390344249
0.7610625,0.4490760717103008
0.761125,0.31793349168433555
0.7611875,0.20151746905186574
0.76125,0.11059090096884538
0.7613125,0.0439801841719428
0.761375,-0.009442207762009162
0.7614375,-0.065921725557951
0.7615,-0.140530666493915
0.7615625,-0.24121003891461917
0.761625,-0.36484326319810945
0.7616875,-0.49651619821053417
0.76175,-0.612262040125152
0.7618125,-0.6846483032769531
0.761875,-0.689785403450182
0.7619375,-0.6139287191332408
0.762,-0.4579177895617369
0.7620625,-0.2382309993523274
0.762125,0.01570654220229735
0.7621875,0.26736398286184354
0.76225,0.4806861854586906
0.7623125,0.6275584378512751
0.762375,0.6933273140636623
0.7624375,0.6790517948967119
0.7625,0.6000000000001793
0.7625625,0.4808683275238899
0.762625,0.34903050326235513
0.7626875,0.22760778485898853
0.76275,0.13016351344160113
0.7628125,0.05836455697596615
0.762875,0.0031422385715619734
0.7629375,-0.051059073647598596
0.763,-0.12018661936047512
0.7630625,-0.21437276914806494
0.763125,-0.3333827937747622
0.7631875,-0.46503917607751266
0.76325,-0.5871458323133658
0.7633125,-0.6724918661529791
0.763375,-0.6956754929081571
0.7634375,-0.6399769724082313
0.7635,-0.502461487480955
0.7635625,-0.29592382637582637
0.763625,-0.04708553309001802
0.7636875,0.2085859276132959
0.76375,0.4341976987186519
0.7638125,0.5991018512335284
0.763875,0.6850353419576647
0.7639375,0.6892441618404925
0.764,0.6238826837700243
0.7640625,0.5119344817691942
0.764125,0.3807855429812887
0.7641875,0.25516435582805586
0.76425,0.1512947295338293
0.7643125,0.07375420181054915
0.764375,0.015788564428687424
0.7644375,-0.037101480399936534
0.7645,-0.10136492638371439
0.7645625,-0.18905165360925597
0.764625,-0.3027136766638786
0.7646875,-0.43302519188714217
0.76475,-0.5598609158446317
0.7648125,-0.6566410379453541
0.764875,-0.6968641799073481
0.7649375,-0.6611420080277451
0.765,-0.5428824546346224
0.7650625,-0.351088998595084
0.765125,-0.10946923493411934
0.7651875,0.14801152538442852
0.76525,0.38408245986461476
0.7653125,0.5659303536650662
0.765375,0.671869532227592
0.7654375,0.6952965167025765
0.7655,0.6450067982218664
0.7655625,0.541885238426612
0.765625,0.41290636326980973
0.7656875,0.28405512834126667
0.76575,0.17402759996614653
0.7658125,0.09033135312033999
0.765875,0.0287425179548498
0.7659375,-0.023833365703470666
0.766,-0.08396531042500238
0.7660625,-0.16531403478129805
0.766125,-0.2730748920149181
0.7661875,-0.40083807688331097
0.76625,-0.53080960548175
0.7663125,-0.6374327441280977
0.766375,-0.6935287915626264
0.7664375,-0.6773821414660433
0.7665,-0.57891184399535
0.7665625,-0.4032770356426977
0.766625,-0.17090504421699051
0.7666875,0.08615763953388665
0.76675,0.33072755009664634
0.7668125,0.528225916606335
0.766875,0.6537812474787945
0.7669375,0.6969591517350102
0.767,0.6629972609742327
0.7670625,0.5703214314623893
0.767125,0.4450698045663339
0.7671875,0.3141058608794339
0.76725,0.19836417893143227
0.7673125,0.10825024070549216
0.767375,0.04224279908702877
0.7674375,-0.011023245729186705
0.7675,-0.06785314616627247
0.7675625,-0.14318426667065837
0.767625,-0.24466626406638664
0.7676875,-0.3688181247503758
0.76775,-0.5003941988500473
0.7678125,-0.615229240889859
0.767875,-0.6858924844493643
0.7679375,-0.6887116441410808
0.768,-0.6103336092430511
0.7680625,-0.4520753061963111
0.768125,-0.2308653182622617
0.7681875,0.023557149041684124
0.76825,0.2745600226189573
0.7683125,0.4862246649884727
0.768375,0.6307770907308876
0.7684375,0.6940256371144605
0.7685,0.677500631497609
0.7685625,0.596840031124687
0.768625,0.47692616792482717
0.7686875,0.34510176142467824
0.76875,0.2242640687121203
0.7688125,0.1276330169985316
0.768875,0.05651554682925758
0.7689375,0.0015708770709558315
0.769,-0.05286319747846133
0.7690625,-0.12264471202720514
0.769125,-0.21764636588204164
0.7691875,-0.33727738530105067
0.76925,-0.46901085241011964
0.7693125,-0.5904121679886677
0.769375,-0.6742200521864076
0.7694375,-0.695199451248366
0.7695,-0.6369865221386968
0.7695625,-0.4971129157369879
0.769625,-0.2888408707102753
0.7696875,-0.03924770860153004
0.76975,0.21604180315087318
0.7698125,0.440214568205878
0.769875,0.6029199010262227
0.7699375,0.6863367876664406
0.77,0.688190960235662
0.7700625,0.6210403206887317
0.770125,0.5081041082463735
0.7701875,0.37678985220568034
0.77025,0.2516437015156313
0.7703125,0.14856623330969992
0.770375,0.07176904018832364
0.7704375,0.014195945171300062
0.7705,-0.03880387821437298
0.7705625,-0.10363746744454452
0.770625,-0.19213116087885057
0.7706875,-0.30649550464625563
0.77075,-0.4370436634227237
0.7708125,-0.5633764058396138
0.770875,-0.6588131797417566
0.7709375,-0.6969670974150536
0.771,-0.6587653958112611
0.7710625,-0.5380649823577914
0.771125,-0.344347279332824
0.7711875,-0.10171213254850656
0.77125,0.15566407789850975
0.7713125,0.3905323763124455
0.771375,0.5703289461890672
0.7714375,0.6737839841215616
0.7715,0.6947753127187348
0.7715625,0.6425301469442016
0.771625,0.5382159734221862
0.7716875,0.4088820285323199
0.77175,0.2803763751997895
0.7718125,0.17109792690972253
0.771875,0.08818870318192928
0.7719375,0.027098193122905075
0.772,-0.025461962705562613
0.7720625,-0.0860667834165201
0.772125,-0.16819339805988417
0.7721875,-0.27671617444879565
0.77225,-0.4048590499257435
0.7723125,-0.5345238341999056
0.772375,-0.6400052215523309
0.7724375,-0.6941859165877898
0.7725,-0.6756214998841656
0.7725625,-0.574656239394131
0.772625,-0.3969308290893856
0.7726875,-0.16329559158166645
0.77275,0.0939412509079657
0.7728125,0.33755984391227656
0.772875,0.5331793050163396
0.7729375,0.6563117933267111
0.773,0.6969988800347695
0.7730625,0.6609321461256565
0.773125,0.5668635072321724
0.7731875,0.44105876714993997
0.77325,0.3102930473872454
0.7733125,0.19523537100407695
0.773375,0.10593249943850983
0.7734375,0.04051750673673367
0.7735,-0.012607665004565508
0.7735625,-0.0698021352436875
0.773625,-0.1458627656619612
0.7736875,-0.24814424286377756
0.77375,-0.37280051563784644
0.7738125,-0.5042570909376717
0.773875,-0.6181555876407467
0.7739375,-0.6870735537999346
0.774,-0.6875621657944708
0.7740625,-0.6066639140665733
0.774125,-0.4461740034118954
0.7741875,-0.22346859409301906
0.77425,0.03140455935233941
0.7743125,0.28171929523593686
0.774375,0.4917004436669588
0.7744375,0.6339198425052999
0.7745,0.69464959312669
0.7745625,0.6758898469333285
0.774625,0.593643827673546
0.7746875,0.4729734289292167
0.77475,0.3411838801938113
0.7748125,0.22094352896636751
0.774875,0.12512679565879758
0.7749375,0.054681890193527094
0.775,9.113674793624414e-14
0.7750625,-0.054681890193209445
0.775125,-0.12512679565850815
0.7751875,-0.22094352896598354
0.77525,-0.3411838801933573
0.7753125,-0.4729734289287574
0.775375,-0.593643827673173
0.7754375,-0.6758898469331382
0.7755,-0.694649593126758
0.7755625,-0.63391984250566
0.775625,-0.4917004436675905
0.7756875,-0.2817192952367655
0.77575,-0.03140455935279554
0.7758125,0.22346859409215897
0.775875,0.4461740034108639
0.7759375,0.6066639140661432
0.776,0.6875621657943329
0.7760625,0.6870735538001346
0.776125,0.6181555876410839
0.7761875,0.5042570909381191
0.77625,0.37280051563830896
0.7763125,0.24814424286418243
0.776375,0.14586276566211767
0.7764375,0.06980213524391471
0.7765,0.01260766500484143
0.7765625,-0.04051750673663371
0.776625,-0.10593249943824218
0.7766875,-0.19523537100353489
0.77675,-0.3102930473870241
0.7768125,-0.4410587671494743
0.776875,-0.5668635072315683
0.7769375,-0.6609321461254137
0.777,-0.6969988800347696
0.7770625,-0.6563117933270003
0.777125,-0.5331793050171953
0.7771875,-0.33755984391267246
0.77725,-0.09394125090886818
0.7773125,0.1632955915803409
0.777375,0.3969308290890151
0.7774375,0.5746562393936331
0.7775,0.6756214998838528
0.7775625,0.6941859165878261
0.777625,0.6400052215524792
0.7776875,0.5345238342005498
0.77775,0.40485904992621013
0.7778125,0.27671617444900787
0.777875,0.1681933980603872
0.7779375,0.08606678341688742
0.778,0.025461962705657495
0.7780625,-0.027098193122714748
0.778125,-0.08818870318155839
0.7781875,-0.17109792690955303
0.77825,-0.2803763751993637
0.7783125,-0.40888202853162003
0.778375,-0.5382159734219722
0.7784375,-0.6425301469440563
0.7785,-0.6947753127186382
0.7785625,-0.6737839841217793
0.778625,-0.5703289461893207
0.7786875,-0.39053237631356286
0.77875,-0.15566407789939657
0.7788125,0.10171213254805515
0.778875,0.3443472793316473
0.7789375,0.5380649823569476
0.779,0.6587653958111207
0.7790625,0.6969670974150575
0.779125,0.6588131797421297
0.7791875,0.5633764058400202
0.77925,0.4370436634229572
0.7793125,0.30649550464691494
0.779375,0.19213116087920928
0.7794375,0.10363746744467728
0.7795,0.038803878214670046
0.7795625,-0.014195945171115516
0.779625,-0.07176904018820876
0.7796875,-0.1485662333093847
0.77975,-0.251643701515224
0.7798125,-0.376789852205217
0.779875,-0.5081041082459281
0.7799375,-0.6210403206882336
0.78,-0.6881909602355359
0.7800625,-0.6863367876665141
0.780125,-0.6029199010268803
0.7801875,-0.4402145682065729
0.78025,-0.2160418031513058
0.7803125,0.039247708600620226
0.780375,0.28884087070945114
0.7804375,0.4971129157363636
0.7805,0.6369865221383453
0.7805625,0.6951994512483065
0.780625,0.6742200521866047
0.7806875,0.5904121679890447
0.78075,0.46901085241057994
0.7808125,0.3372773853015033
0.780875,0.21764636588242287
0.7809375,0.12264471202749172
0.781,0.052863197478671506
0.7810625,-0.0015708770707735299
0.781125,-0.05651554682904393
0.7811875,-0.12763301699823945
0.78125,-0.2242640687117336
0.7813125,-0.345101761424223
0.781375,-0.47692616792436904
0.7814375,-0.5968400311243182
0.7815,-0.6775006314974256
0.7815625,-0.6940256371145372
0.781625,-0.6307770907312569
0.7816875,-0.48622466498911177
0.78175,-0.2745600226197902
0.7818125,-0.023557149042594934
0.781875,0.2308653182609778
0.7819375,0.4520753061956297
0.782,0.6103336092426296
0.7820625,0.6887116441409519
0.782125,0.685892484449505
0.7821875,0.6152292408902009
0.78225,0.5003941988504963
0.7823125,0.3688181247508374
0.782375,0.24466626406658826
0.7824375,0.14318426667096767
0.7825,0.06785314616660992
0.7825625,0.011023245729278725
0.782625,-0.04224279908682786
0.7826875,-0.10825024070508701
0.78275,-0.1983641789310678
0.7828125,-0.3141058608789906
0.782875,-0.44506980456563655
0.7829375,-0.57032143146199
0.783,-0.6629972609741143
0.7830625,-0.696959151735019
0.783125,-0.6537812474792414
0.7831875,-0.528225916606625
0.78325,-0.3307275500974417
0.7833125,-0.08615763953524157
0.783375,0.17090504421654873
0.7834375,0.4032770356419643
0.7835,0.5789118439946161
0.7835625,0.6773821414659431
0.783625,0.6935287915626664
0.7836875,0.6374327441285492
0.78375,0.530809605482398
0.7838125,0.40083807688354467
0.783875,0.2730748920155498
0.7839375,0.16531403478179674
0.784,0.08396531042512395
0.7840625,0.023833365703659216
0.784125,-0.028742517954563056
0.7841875,-0.09033135312021487
0.78425,-0.17402759996597544
0.7843125,-0.2840551283406252
0.784375,-0.4129063632693427
0.7844375,-0.5418852384263994
0.7845,-0.6450067982214397
0.7845625,-0.6952965167025199
0.784625,-0.6718695322277056
0.7846875,-0.5659303536658373
0.78475,-0.3840824598657411
0.7848125,-0.14801152538487403
0.784875,0.10946923493322004
0.7849375,0.3510889985939154
0.785,0.5428824546343443
0.7850625,0.6611420080276093
0.785125,0.696864179907372
0.7851875,0.6566410379456094
0.78525,0.559860915844837
0.7853125,0.4330251918878413
0.785375,0.30271367666431653
0.7854375,0.18905165360943435
0.7855,0.10136492638410774
0.7855625,0.03710148040013343
0.785625,-0.015788564428594686
0.7856875,-0.07375420181031772
0.78575,-0.15129472953335257
0.7858125,-0.25516435582764607
0.785875,-0.38078554298105616
0.7859375,-0.5119344817685294
0.786,-0.623882683769697
0.7860625,-0.6892441618404331
0.786125,-0.6850353419578977
0.7861875,-0.5991018512339759
0.78625,-0.4341976987190034
0.7863125,-0.20858592761416272
0.786375,0.04708553308910887
0.7864375,0.2959238263750068
0.7865,0.5024614874803381
0.7865625,0.6399769724078888
0.786625,0.6956754929081062
0.7866875,0.6724918661531828
0.78675,0.5871458323139369
0.7868125,0.46503917607797396
0.786875,0.3333827937749883
0.7869375,0.2143727691484434
0.787,0.12018661936075892
0.7870625,0.05105907364780711
0.787125,-0.0031422385713795863
0.7871875,-0.058364556975750714
0.78725,-0.13016351344130606
0.7873125,-0.2276077848585992
0.787375,-0.34903050326189866
0.7874375,-0.480868327523433
0.7875,-0.5999999999998148
0.7875625,-0.6790517948966234
0.787625,-0.6933273140637477
0.7876875,-0.627558437851653
0.78775,-0.4806861854593369
0.7878125,-0.2673639828626807
0.787875,-0.015706542203208468
0.7879375,0.23823099935147454
0.788,0.4579177895610623
0.7880625,0.6139287191328279
0.788125,0.6897854034500618
0.7881875,0.6846483032771011
0.78825,0.6122620401254987
0.7883125,0.49651619821098514
0.788375,0.3648432631983404
0.7884375,0.24121003891501896
0.7885,0.1405306664943744
0.7885625,0.06592172555806278
0.788625,0.009442207762192446
0.7886875,-0.043980184171639486
0.78875,-0.11059090096857244
0.7888125,-0.2015174690514984
0.788875,-0.31793349168389057
0.7889375,-0.4490760717098362
0.789,-0.5737493903440506
0.7890625,-0.6650078547148104
0.789125,-0.6968475479315184
0.7891875,-0.6511738189144661
0.78925,-0.5232053238893092
0.7893125,-0.32385126434520706
0.789375,-0.07836235044489798
0.7894375,0.17849141791118334
0.7895,0.4095702234937149
0.7895625,0.5830953840708978
0.789625,0.6790659842458248
0.7896875,0.6928044112195874
0.78975,0.6348134416792043
0.7898125,0.5270740706663523
0.789875,0.3968197520555012
0.7899375,0.26945288377928267
0.79,0.16245984811652245
0.7900625,0.08188399319080208
0.790125,0.02221193837545369
0.7901875,-0.03039539529164964
0.79025,-0.0924950088965279
0.7903125,-0.1769823855061122
0.790375,-0.28775205795676223
0.7904375,-0.41693139806549495
0.7905,-0.5455308433553997
0.7905625,-0.6474344584124491
0.790625,-0.695749075744069
0.7906875,-0.6698780957242457
0.79075,-0.5614608644179144
0.7908125,-0.37758187222575945
0.790875,-0.1403389603710905
0.7909375,0.11721151124517938
0.791,0.3577841527963194
0.7910625,0.5476312407007273
0.791125,0.6634415967905374
0.7911875,0.6966905148748974
0.79125,0.6544164032321532
0.7913125,0.5563178259860697
0.791375,0.4290040454333398
0.7914375,0.29894799793510524
0.7915,0.18599694370376904
0.7915625,0.09911464940266765
0.791625,0.03540987611865418
0.7916875,-0.01738599942280785
0.79175,-0.07575795419723827
0.7918125,-0.15404830427447053
0.791875,-0.2587059112408421
0.7919375,-0.3847869887992794
0.792,-0.5157474399001137
0.7920625,-0.6266819242371573
0.792125,-0.6902326260270248
0.7921875,-0.6836576738838479
0.79225,-0.5952100594572651
0.7923125,-0.42812410410037144
0.792375,-0.2011019553412129
0.7924375,0.05491697016530729
0.7925,0.3029672470831277
0.7925625,0.5077455773244024
0.792625,0.6428910499076411
0.7926875,0.6960780117205564
0.79275,0.6707059154764589
0.7928125,0.5838456025990328
0.792875,0.46105913330877607
0.7929375,0.3295006138369799
0.793,0.2111229178717286
0.7930625,0.1177523616488311
0.793125,0.049269118365729433
0.7931875,-0.0047145687581523505
0.79325,-0.06022930462763565
0.7933125,-0.13271841295314774
0.793375,-0.23097446658457807
0.7934375,-0.35296957137263685
0.7935,-0.4847991618566115
0.7935625,-0.6031229580490589
0.793625,-0.680542734224668
0.7936875,-0.6925543671997789
0.79375,-0.6242640687121266
0.7938125,-0.4750856227739997
0.793875,-0.2601321131297372
0.7939375,-0.007853803996071364
0.794,0.245564667118804
0.7940625,0.4637007777686327
0.794125,0.6174489900283158
0.7941875,0.6907836373367076
0.79425,0.6833415704020509
0.7943125,0.6092547482729246
0.794375,0.49262385229072525
0.7944375,0.360876506701286
0.7945,0.23777583076742
0.7945625,0.13790188543256657
0.794625,0.06400751956908507
0.7946875,0.007864070309979682
0.79475,-0.045730086524790214
0.7948125,-0.11295468123610794
0.794875,-0.20469511518502487
0.7949375,-0.3217754770120047
0.795,-0.4530768593185448
0.7950625,-0.5771465962518713
0.795125,-0.6669632644998763
0.7951875,-0.6966637156002364
0.79525,-0.6484895820413712
0.7953125,-0.5181180463143977
0.795375,-0.31693186164960085
0.7954375,-0.07055643794680379
0.7955,0.18605369928779836
0.7955625,0.41580963037943997
0.795625,0.5872064971170601
0.7956875,0.6806731169783677
0.79575,0.6920132593223376
0.7958125,0.6321480459517025
0.795875,0.5233180116441046
0.7959375,0.392804711175363
0.796,0.26585049551981677
0.7960625,0.1596308388266174
0.796125,0.07982253320299129
0.7961875,0.02059721440576666
0.79625,-0.03205728014910758
0.7963125,-0.09467993832134203
0.796375,-0.17996224141359568
0.7964375,-0.2914667782022855
0.7965,-0.42095647034687056
0.7965625,-0.5491520014014655
0.796625,-0.6498124158377135
0.7966875,-0.6961325476372232
0.79675,-0.6678096396513247
0.7968125,-0.5569208942928974
0.796875,-0.3710314156565653
0.7969375,-0.13264741310969283
0.797,0.1249379175713075
0.7970625,0.3644319020534177
0.797125,0.5523108723304966
0.7971875,0.6656641426079088
0.79725,0.6964465008946805
0.7973125,0.6521399642933768
0.797375,0.5527479249941335
0.7974375,0.42498091118404646
0.7975,0.295198893366291
0.7975625,0.1829671151455602
0.797625,0.09688640123705694
0.7976875,0.033728624301752066
0.79775,-0.018988725073808284
0.7978125,-0.07778062458037885
0.797875,-0.15682699743501022
0.7979375,-0.26226806286454607
0.798,-0.38879358292428867
0.7980625,-0.5195422086137118
0.798125,-0.6294372932476489
0.7981875,-0.691155829684019
0.79825,-0.6822036417424523
0.7983125,-0.5912448340905645
0.798375,-0.42199450438931896
0.7984375,-0.19359087968303576
0.7985,0.06274095843009009
0.7985625,0.30997022537339974
0.798625,0.5129646159354313
0.7986875,0.6457286250458758
0.79875,0.6964073133879791
0.7988125,0.6688628343799874
0.798875,0.5805122623136445
0.7989375,0.4570714529829445
0.799,0.32563134480820033
0.7990625,0.2078969805733038
0.799125,0.11534177370155571
0.7991875,0.047492926150371734
0.79925,-0.00628835154093102
0.7993125,-0.06211016803695164
0.799375,-0.13529783399160558
0.7994375,-0.23436389252048975
0.7995,-0.35691842292569675
0.7995625,-0.48871792122879243
0.799625,-0.6062081313044491
0.7996875,-0.6819728548152983
0.79975,-0.6917065522111899
0.7998125,-0.6208941819590437
0.799875,-0.4694236064605676
0.7999375,-0.25286535756671147
0.8,-4.703832151548086e-13
0.8000625,0.252865357565839
0.800125,0.4694236064598857
0.8001875,0.6208941819586355
0.80025,0.6917065522110837
0.8003125,0.681972854815466
0.800375,0.6062081313048163
0.8004375,0.4887179212292611
0.8005,0.35691842292617026
0.8005625,0.23436389252089712
0.800625,0.13529783399206605
0.8006875,0.06211016803717791
0.80075,0.006288351541119636
0.8008125,-0.047492926150159764
0.800875,-0.11534177370126836
0.8009375,-0.20789698057291878
0.801,-0.32563134480796135
0.8010625,-0.45707145298246643
0.801125,-0.5805122623132433
0.8011875,-0.6688628343798717
0.80125,-0.6964073133880311
0.8013125,-0.6457286250462111
0.801375,-0.5129646159360525
0.8014375,-0.30997022537464036
0.8015,-0.06274095843102676
0.8015625,0.19359087968213448
0.801625,0.4219945043885815
0.8016875,0.5912448340900851
0.80175,0.6822036417422737
0.8018125,0.691155829684074
0.801875,0.6294372932481346
0.8019375,0.5195422086141653
0.802,0.3887935829245367
0.8020625,0.26226806286518084
0.802125,0.1568269974353446
0.8021875,0.07778062458050461
0.80225,0.01898872507400059
0.8023125,-0.03372862430155128
0.802375,-0.09688640123679135
0.8024375,-0.18296711514519878
0.8025,-0.2951988933656263
0.8025625,-0.4249809111835645
0.802625,-0.5527479249937044
0.8026875,-0.6521399642929678
0.80275,-0.6964465008946471
0.8028125,-0.665664142608044
0.802875,-0.552310872331053
0.8029375,-0.3644319020542111
0.803,-0.12493791757178511
0.8030625,0.1326474131087704
0.803125,0.3710314156557777
0.8031875,0.5569208942926142
0.80325,0.6678096396510723
0.8033125,0.6961325476372852
0.803375,0.6498124158379954
0.8034375,0.5491520014018978
0.8035,0.42095647034758565
0.8035625,0.2914667782027315
0.803625,0.17996224141378087
0.8036875,0.09467993832160501
0.80375,0.03205728014930722
0.8038125,-0.020597214405666933
0.803875,-0.0798225332027456
0.8039375,-0.159630838826117
0.804,-0.2658504955195945
0.8040625,-0.3928047111748823
0.804125,-0.5233180116434354
0.8041875,-0.6321480459515362
0.80425,-0.6920132593222389
0.8043125,-0.6806731169785556
0.804375,-0.5872064971175482
0.8044375,-0.41580963038018415
0.8045,-0.1860536992887027
0.8045625,0.07055643794541593
0.804625,0.3169318616491713
0.8046875,0.5181180463137842
0.80475,0.6484895820408875
0.8048125,0.6966637156002229
0.804875,0.6669632645001072
0.8049375,0.5771465962522764
0.805,0.4530768593187921
0.8050625,0.3217754770124656
0.805125,0.204695115185407
0.8051875,0.11295468123653005
0.80525,0.04573008652500059
0.8053125,-0.007864070309790805
0.805375,-0.06400751956874644
0.8054375,-0.13790188543225318
0.8055,-0.23777583076700992
0.8055625,-0.3608765067008113
0.805625,-0.492623852290484
0.8056875,-0.6092547482725621
0.80575,-0.6833415704018906
0.8058125,-0.6907836373368226
0.805875,-0.617448990028733
0.8059375,-0.46370077776932184
0.806,-0.2455646671196805
0.8060625,0.007853803995130661
0.806125,0.26013211312886886
0.8061875,0.47508562277299904
0.80625,0.6242640687117273
0.8063125,0.6925543671996819
0.806375,0.6805427342248429
0.8064375,0.6031229580494308
0.8065,0.48479916185708166
0.8065625,0.35296957137310936
0.806625,0.2309744665849827
0.8066875,0.13271841295345516
0.80675,0.06022930462786
0.8068125,0.004714568758340766
0.806875,-0.049269118365515854
0.8069375,-0.11775236164854092
0.807,-0.21112291787152826
0.8070625,-0.32950061383651574
0.807125,-0.46105913330829895
0.8071875,-0.5838456025986355
0.80725,-0.6707059154761366
0.8073125,-0.6960780117206005
0.807375,-0.6428910499079856
0.8074375,-0.5077455773253355
0.8075,-0.30296724708396894
0.8075625,-0.05491697016624494
0.807625,0.2011019553407489
0.8076875,0.4281241040996406
0.80775,0.5952100594567945
0.8078125,0.6836576738837603
0.807875,0.6902326260271947
0.8079375,0.62668192423749
0.808,0.5157474399003491
0.8080625,0.38478698879999096
0.808125,0.2587059112412676
0.8081875,0.15404830427480187
0.80825,0.07575795419747941
0.8083125,0.01738599942299951
0.808375,-0.035409876118452185
0.8084375,-0.09911464940239939
0.8085,-0.1859969437032285
0.8085625,-0.2989479979346552
0.808625,-0.42900404543309084
0.8086875,-0.5563178259854378
0.80875,-0.6544164032318838
0.8088125,-0.6966905148748845
0.808875,-0.6634415967908083
0.8089375,-0.547631240701292
0.809,-0.35778415279673226
0.8090625,-0.11721151124610585
0.809125,0.14033896036972549
0.8091875,0.37758187222497785
0.80925,0.5614608644173749
0.8093125,0.669878095723885
0.809375,0.6957490757441189
0.8094375,0.6474344584127368
0.8095,0.5455308433560453
0.8095625,0.41693139806597707
0.809625,0.28775205795699166
0.8096875,0.1769823855064676
0.80975,0.09249500889678836
0.8098125,0.03039539529175221
0.809875,-0.02221193837525988
0.8099375,-0.08188399319043402
0.81,-0.16245984811634664
0.8100625,-0.26945288377885
0.810125,-0.3968197520547874
0.8101875,-0.5270740706659035
0.81025,-0.6348134416788878
0.8103125,-0.6928044112194965
0.810375,-0.6790659842460218
0.8104375,-0.5830953840713946
0.8105,-0.40957022349446554
0.8105625,-0.17849141791252918
0.810625,0.07836235044441522
0.8106875,0.3238512643443808
0.81075,0.5232053238884112
0.8108125,0.6511738189143024
0.810875,0.6968475479315006
0.8109375,0.6650078547150479
0.811,0.5737493903442618
0.8110625,0.44907607171031577
0.811125,0.31793349168435
0.8111875,0.2015174690520608
0.81125,0.11059090096885418
0.8113125,0.04398018417184833
0.811375,-0.009442207761911799
0.8114375,-0.06592172555794382
0.8115,-0.14053066649405802
0.8115625,-0.24121003891460635
0.811625,-0.36484326319809457
0.8116875,-0.4965161982105196
0.81175,-0.6122620401251407
0.8118125,-0.6846483032769485
0.811875,-0.6897854034501858
0.8119375,-0.613928719133254
0.812,-0.4579177895617586
0.8120625,-0.23823099935235492
0.812125,0.01570654220226796
0.8121875,0.26736398286181656
0.81225,0.4806861854586697
0.8123125,0.6275584378512629
0.812375,0.6933273140636595
0.8124375,0.6790517948967175
0.8125,0.600000000000191
0.8125625,0.4808683275239047
0.812625,0.3490305032623699
0.8126875,0.22760778485900107
0.81275,0.13016351344161067
0.8128125,0.05836455697597312
0.812875,0.0031422385715678567
0.8129375,-0.051059073647591866
0.813,-0.1201866193604659
0.8130625,-0.21437276914805273
0.813125,-0.3333827937745225
0.8131875,-0.4650391760774977
0.81325,-0.5871458323133535
0.8133125,-0.6724918661529724
0.813375,-0.6956754929081588
0.8134375,-0.6399769724082423
0.8135,-0.502461487480975
0.8135625,-0.29592382637585285
0.813625,-0.047085533089593706
0.8136875,0.20858592761326794
0.81375,0.4341976987182793
0.8138125,0.5991018512337372
0.813875,0.6850353419576598
0.8139375,0.6892441618405554
0.814,0.6238826837700349
0.8140625,0.5119344817692085
0.814125,0.38078554298153516
0.8141875,0.25516435582806907
0.81425,0.1512947295336809
0.8143125,0.07375420181055661
0.814375,0.01578856442878574
0.8144375,-0.03710148040002843
0.8145,-0.10136492638370592
0.8145625,-0.1890516536090669
0.814625,-0.302713676664083
0.8146875,-0.43302519188712707
0.81475,-0.5598609158444142
0.8148125,-0.6566410379454732
0.814875,-0.6968641799073555
0.8149375,-0.6611420080278892
0.815,-0.5428824546349171
0.8150625,-0.3510889985947202
0.815125,-0.10946923493459705
0.8151875,0.14801152538395618
0.81525,0.3840824598649654
0.8153125,0.5659303536650495
0.815375,0.6718695322274717
0.8154375,0.6952965167025502
0.8155,0.6450067982217335
0.8155625,0.5418852384268373
0.815625,0.41290636326959174
0.8156875,0.2840551283410669
0.81575,0.17402759996632794
0.8158125,0.0903313531203481
0.815875,0.02874251795476053
0.8159375,-0.023833365703370496
0.816,-0.08396531042487343
0.8160625,-0.1653140347814533
0.816125,-0.27307489201490454
0.8161875,-0.4008380768830633
0.81625,-0.5308096054819518
0.8163125,-0.6374327441282384
0.816375,-0.6935287915625836
0.8164375,-0.6773821414660497
0.8165,-0.5789118439951215
0.8165625,-0.40327703564308726
0.816625,-0.17090504421701894
0.8166875,0.08615763953430851
0.81675,0.3307275500962238
0.8168125,0.5282259166063163
0.816875,0.6537812474789336
0.8169375,0.69695915173501
0.817,0.6629972609743584
0.8170625,0.5703214314624022
0.817125,0.4450698045661168
0.8171875,0.31410586087966935
0.81725,0.1983641789314441
0.8173125,0.10825024070536601
0.817375,0.04224279908713548
0.8174375,-0.01102324572918078
0.8175,-0.06785314616637753
0.8175625,-0.1431842666706483
0.817625,-0.24466626406637373
0.8176875,-0.3688181247503608
0.81775,-0.5003941988500328
0.8178125,-0.6152292408898479
0.817875,-0.6858924844493598
0.8179375,-0.688711644141085
0.818,-0.610333609243275
0.8180625,-0.45207530619633307
0.818125,-0.23086531826186196
0.8181875,0.023557149041654745
0.81825,0.2745600226189304
0.8183125,0.48622466498845207
0.818375,0.6307770907308757
0.8184375,0.6940256371144582
0.8185,0.677500631497615
0.8185625,0.5968400311246989
0.818625,0.476926167924842
0.8186875,0.34510176142469295
0.81875,0.22426406871213278
0.8188125,0.12763301699839524
0.818875,0.05651554682926446
0.8189375,0.001570877070961713
0.819,-0.05286319747845454
0.8190625,-0.1226447120271959
0.819125,-0.21764636588202935
0.8191875,-0.337277385301036
0.81925,-0.4690108524101048
0.8193125,-0.5904121679886556
0.819375,-0.6742200521864012
0.8194375,-0.695199451248368
0.8195,-0.6369865221387081
0.8195625,-0.4971129157370081
0.819625,-0.2888408707098906
0.8196875,-0.03924770860155939
0.81975,0.21604180315041444
0.8198125,0.4402145682062023
0.819875,0.6029199010262085
0.8199375,0.6863367876663627
0.82,0.688190960235666
0.8200625,0.6210403206887425
0.820125,0.508104108246388
0.8201875,0.37678985220569516
0.82025,0.25164370151544124
0.8203125,0.14856623330971008
0.820375,0.07176904018844543
0.8204375,0.014195945171213933
0.8205,-0.03880387821436658
0.8205625,-0.10363746744440375
0.820625,-0.19213116087901794
0.8206875,-0.30649550464624153
0.82075,-0.43704366342247614
0.8208125,-0.5633764058396007
0.820875,-0.6588131797418728
0.8209375,-0.6969670974150495
0.821,-0.65876539581141
0.8210625,-0.5380649823575285
0.821125,-0.34434727933284937
0.8211875,-0.10171213254898516
0.82125,0.15566407789892364
0.8213125,0.39053237631242144
0.821375,0.5703289461887981
0.8214375,0.6737839841216632
0.8215,0.6947753127187046
0.8215625,0.6425301469443557
0.821625,0.5382159734222001
0.8216875,0.40888202853210204
0.82175,0.2803763752000157
0.8218125,0.17109792690990244
0.821875,0.0881887031818138
0.8219375,0.027098193123006188
0.822,-0.025461962705461985
0.8220625,-0.08606678341663448
0.822125,-0.1681933980598734
0.8221875,-0.2767161744485706
0.82225,-0.4048590499259612
0.8223125,-0.5345238342001062
0.822375,-0.6400052215521738
0.8224375,-0.6941859165877876
0.8225,-0.6756214998840683
0.8225625,-0.5746562393943956
0.822625,-0.3969308290894094
0.8226875,-0.16329559158125373
0.82275,0.09394125090748626
0.8228125,0.3375598439118567
0.822875,0.533179305016606
0.8229375,0.6563117933267018
0.823,0.6969988800347692
0.8230625,0.6609321461256644
0.823125,0.5668635072319843
0.8231875,0.4410587671501873
0.82325,0.3102930473872596
0.8233125,0.1952353710039082
0.823375,0.10593249943865199
0.8234375,0.040517506736740094
0.8235,-0.012607665004651415
0.8235625,-0.0698021352436802
0.823625,-0.14586276566195117
0.8236875,-0.24814424286376457
0.82375,-0.37280051563783156
0.8238125,-0.504257090937434
0.823875,-0.6181555876407359
0.8239375,-0.6870735537999969
0.824,-0.687562165794544
0.8240625,-0.6066639140665872
0.824125,-0.4461740034115742
0.8241875,-0.22346859409304676
0.82425,0.03140455935231005
0.8243125,0.28171929523591016
0.824375,0.49170044366693844
0.8244375,0.6339198425052881
0.8245,0.6946495931266876
0.8245625,0.6758898469333348
0.824625,0.5936438276735579
0.8246875,0.47297342892923144
0.82475,0.34118388019382595
0.8248125,0.22094352896637987
0.824875,0.12512679565880694
0.8249375,0.05468189019342816
0.825,9.701653812567928e-14
0.8250625,-0.05468189019320262
0.825125,-0.12512679565849882
0.8251875,-0.22094352896597114
0.82525,-0.34118388019334267
0.8253125,-0.4729734289287426
0.825375,-0.5936438276731609
0.8254375,-0.6758898469331321
0.8255,-0.6946495931267602
0.8255625,-0.6339198425056716
0.825625,-0.4917004436672957
0.8256875,-0.2817192952367922
0.82575,-0.03140455935327916
0.8258125,0.2234685940921312
0.825875,0.4461740034108417
0.8259375,0.6066639140661292
0.826,0.6875621657943286
0.8260625,0.6870735538001389
0.826125,0.6181555876410949
0.8261875,0.5042570909381335
0.82625,0.3728005156380932
0.8263125,0.2481442428641955
0.826375,0.1458627656622835
0.8264375,0.06980213524380871
0.8265,0.012607665004847366
0.8265625,-0.04051750673652772
0.826625,-0.10593249943836708
0.8266875,-0.1952353710035232
0.82675,-0.31029304738678953
0.8268125,-0.44105876714945924
0.826875,-0.5668635072317564
0.8269375,-0.6609321461254059
0.827,-0.69699888003477
0.8270625,-0.6563117933268653
0.827125,-0.5331793050172137
0.8271875,-0.33755984391309224
0.82725,-0.09394125090844699
0.8273125,0.1632955915803124
0.827375,0.39693082908862226
0.8274375,0.5746562393938655
0.8275,0.6756214998839501
0.8275625,0.6941859165878645
0.827625,0.6400052215524886
0.8276875,0.5345238342003492
0.82775,0.4048590499264581
0.8278125,0.2767161744492329
0.827875,0.16819339806023065
0.8279375,0.0860667834168953
0.828,0.025461962705758137
0.8280625,-0.0270981931228036
0.828125,-0.08818870318155045
0.8281875,-0.17109792690937314
0.82825,-0.2803763751995624
0.8283125,-0.40888202853183797
0.828375,-0.5382159734217453
0.8284375,-0.642530146944047
0.8285,-0.6947753127186683
0.8285625,-0.673783984121895
0.828625,-0.5703289461895897
0.8286875,-0.39053237631321497
0.82875,-0.15566407789986764
0.8288125,0.10171213254757655
0.828875,0.3443472793320137
0.8289375,0.5380649823572102
0.829,0.6587653958109718
0.8290625,0.6969670974150578
0.829125,0.6588131797420136
0.8291875,0.563376405840236
0.82925,0.4370436634229723
0.8293125,0.3064955046467096
0.829375,0.19213116087939988
0.8294375,0.10363746744468588
0.8295,0.03880387821457755
0.8295625,-0.014195945171109565
0.829625,-0.07176904018808693
0.8296875,-0.14856623330937452
0.82975,-0.25164370151521087
0.8298125,-0.37678985220497097
0.829875,-0.5081041082459138
0.8299375,-0.6210403206883887
0.83,-0.688190960235469
0.8300625,-0.6863367876665188
0.830125,-0.6029199010266755
0.8301875,-0.4402145682065953
0.83025,-0.21604180315133364
0.8303125,0.039247708600590875
0.830375,0.28884087070942455
0.8304375,0.4971129157363434
0.8305,0.636986522138334
0.8305625,0.6951994512483046
0.830625,0.6742200521867096
0.8306875,0.5904121679890569
0.83075,0.4690108524105949
0.8308125,0.33727738530151785
0.830875,0.21764636588243516
0.8309375,0.12264471202750102
0.831,0.052863197478678306
0.8310625,-0.00157087707076765
0.831125,-0.05651554682903703
0.8311875,-0.12763301699823
0.83125,-0.22426406871172117
0.8313125,-0.34510176142420834
0.831375,-0.47692616792435427
0.8314375,-0.5968400311243063
0.8315,-0.6775006314974196
0.8315625,-0.6940256371145397
0.831625,-0.6307770907312686
0.8316875,-0.4862246649891324
0.83175,-0.27456002261981705
0.8318125,-0.023557149042624313
0.831875,0.2308653182609502
0.8319375,0.45207530619560765
0.832,0.610333609242616
0.8320625,0.6887116441409478
0.832125,0.6858924844495096
0.8321875,0.6152292408902119
0.83225,0.5003941988502868
0.8323125,0.3688181247508523
0.832375,0.24466626406680198
0.8324375,0.14318426667082326
0.8325,0.06785314616661721
0.8325625,0.011023245729376283
0.832625,-0.042242799086821395
0.8326875,-0.10825024070507833
0.83275,-0.19836417893105607
0.8328125,-0.3141058608789763
0.832875,-0.4450698045658537
0.8329375,-0.570321431461977
0.833,-0.6629972609739886
0.8330625,-0.6969591517350149
0.833125,-0.653781247479251
0.8331875,-0.5282259166069324
0.83325,-0.33072755009707044
0.8333125,-0.08615763953527072
0.833375,0.17090504421608038
0.8334375,0.40327703564230655
0.8335,0.5789118439948446
0.8335625,0.677382141465837
0.833625,0.6935287915627091
0.8336875,0.6374327441284088
0.83375,0.5308096054824119
0.8338125,0.40083807688379247
0.833875,0.27307489201535307
0.8339375,0.16531403478180742
0.834,0.08396531042525293
0.8340625,0.023833365703571217
0.834125,-0.028742517954652345
0.8341875,-0.09033135312008214
0.83425,-0.1740275999659645
0.8343125,-0.2840551283408249
0.834375,-0.4129063632690946
0.8344375,-0.5418852384263855
0.8345,-0.6450067982215726
0.8345625,-0.69529651670249
0.834625,-0.6718695322278261
0.8346875,-0.5659303536655973
0.83475,-0.3840824598657653
0.8348125,-0.14801152538534637
0.834875,0.10946923493363975
0.8349375,0.3510889985942793
0.835,0.5428824546340494
0.8350625,0.6611420080276005
0.835125,0.6968641799073646
0.8351875,0.6566410379457448
0.83525,0.5598609158448502
0.8353125,0.4330251918876237
0.835375,0.3027136766645492
0.8354375,0.18905165360944576
0.8355,0.10136492638398525
0.8355625,0.03710148040013979
0.835625,-0.01578856442849637
0.8356875,-0.07375420181031023
0.83575,-0.15129472953350098
0.8358125,-0.25516435582742847
0.835875,-0.3807855429810413
0.8359375,-0.5119344817687365
0.836,-0.623882683769523
0.8360625,-0.6892441618404292
0.836125,-0.6850353419578252
0.8361875,-0.5991018512339902
0.83625,-0.434197698719026
0.8363125,-0.20858592761419065
0.836375,0.04708553308907955
0.8364375,0.2959238263745714
0.8365,0.5024614874803182
0.8365625,0.6399769724078777
0.836625,0.695675492908079
0.8366875,0.6724918661531895
0.83675,0.5871458323137592
0.8368125,0.46503917607798895
0.836875,0.3333827937750029
0.8369375,0.21437276914845563
0.837,0.12018661936076808
0.8370625,0.05105907364781384
0.837125,-0.003142238571373704
0.8371875,-0.05836455697574375
0.83725,-0.1301635134412965
0.8373125,-0.22760778485858663
0.837375,-0.3490305032618839
0.8374375,-0.4808683275231904
0.8375,-0.599999999999803
0.8375625,-0.6790517948965297
0.837625,-0.6933273140637504
0.8376875,-0.6275584378516652
0.83775,-0.48068618545935776
0.8378125,-0.2673639828627077
0.837875,-0.01570654220323786
0.8379375,0.23823099935144704
0.838,0.45791778956104057
0.8380625,0.6139287191328145
0.838125,0.6897854034500579
0.8381875,0.684648303277106
0.83825,0.6122620401253369
0.8383125,0.4965161982109997
0.838375,0.36484326319858507
0.8384375,0.24121003891503184
0.8385,0.14053066649438428
0.8385625,0.06592172555818132
0.838625,0.009442207762198354
0.8386875,-0.04398018417163298
0.83875,-0.11059090096856361
0.8388125,-0.20151746905148654
0.838875,-0.31793349168409824
0.8389375,-0.4490760717098211
0.839,-0.5737493903438403
0.8390625,-0.6650078547149179
0.839125,-0.6968475479315189
0.8391875,-0.6511738189146292
0.83925,-0.5232053238890355
0.8393125,-0.32385126434523287
0.839375,-0.07836235044537884
0.8394375,0.178491417911155
0.8395,0.4095702234940543
0.8395625,0.5830953840708822
0.839625,0.6790659842457234
0.8396875,0.6928044112195463
0.83975,0.6348134416792142
0.8398125,0.5270740706665831
0.839875,0.3968197520552835
0.8399375,0.2694528837792962
0.84,0.16245984811669764
0.8400625,0.0818839931906899
0.840125,0.022211938375366072
0.8401875,-0.030395395291547493
0.84025,-0.09249500889651976
0.8403125,-0.17698238550627282
0.840375,-0.2877520579565338
0.8404375,-0.4169313980652468
0.8405,-0.5455308433555964
0.8405625,-0.6474344584124401
0.840625,-0.6957490757440431
0.8406875,-0.6698780957241358
0.84075,-0.5614608644179313
0.8408125,-0.37758187222616174
0.840875,-0.14033896037067445
0.8409375,0.11721151124559825
0.841,0.35778415279590814
0.8410625,0.5476312407007097
0.841125,0.66344159679066
0.8411875,0.6966905148749103
0.84125,0.6544164032321617
0.8413125,0.556317825985877
0.841375,0.4290040454335877
0.8414375,0.29894799793533683
0.8415,0.1859969437036043
0.8415625,0.09911464940254633
0.841625,0.03540987611875815
0.8416875,-0.01738599942280187
0.84175,-0.0757579541973473
0.8418125,-0.15404830427430008
0.841875,-0.2587059112408288
0.8419375,-0.38478698879949624
0.842,-0.5157474398998791
0.8420625,-0.6266819242371469
0.842125,-0.6902326260270766
0.8421875,-0.6836576738838532
0.84225,-0.5952100594572798
0.8423125,-0.4281241041003943
0.842375,-0.20110195534124092
0.8424375,0.05491697016482476
0.8425,0.3029672470831014
0.8425625,0.5077455773246868
0.842625,0.6428910499074638
0.8426875,0.6960780117205551
0.84275,0.6707059154763606
0.8428125,0.5838456025990453
0.842875,0.461059133308791
0.8429375,0.3295006138369944
0.843,0.21112291787174076
0.8430625,0.11775236164884012
0.843125,0.04926911836573611
0.8431875,-0.004714568758146463
0.84325,-0.06022930462762868
0.8433125,-0.1327184129531381
0.843375,-0.23097446658456544
0.8434375,-0.3529695713726222
0.8435,-0.4847991618565968
0.8435625,-0.6031229580490474
0.843625,-0.6805427342246625
0.8436875,-0.692554367199782
0.84375,-0.624264068712139
0.8438125,-0.4750856227740208
0.843875,-0.26013211312976436
0.8439375,-0.00785380399610076
0.844,0.24556466711877664
0.8440625,0.4637007777686112
0.844125,0.6174489900283027
0.8441875,0.6907836373367039
0.84425,0.6833415704020559
0.8443125,0.6092547482729359
0.844375,0.49262385229096567
0.8444375,0.3608765067013008
0.8445,0.2377758307674328
0.8445625,0.13790188543257634
0.844625,0.06400751956909219
0.8446875,0.007864070309985583
0.84475,-0.04573008652478365
0.8448125,-0.11295468123609906
0.844875,-0.20469511518519767
0.8449375,-0.32177547701199016
0.845,-0.45307685931829833
0.8450625,-0.5771465962520544
0.845125,-0.6669632644998691
0.8451875,-0.69666371560025
0.84525,-0.6484895820413814
0.8453125,-0.5181180463144168
0.845375,-0.3169318616500287
0.8454375,-0.07055643794683301
0.8455,0.18605369928820722
0.8455625,0.41580963037941676
0.845625,0.587206497116809
0.8456875,0.6806731169784527
0.84575,0.6920132593223407
0.8458125,0.6321480459518682
0.845875,0.5233180116439006
0.8459375,0.392804711175378
0.846,0.26585049552003825
0.8460625,0.15963083882646492
0.846125,0.07982253320288021
0.8461875,0.020597214405866003
0.84625,-0.032057280149004865
0.8463125,-0.09467993832146093
0.846375,-0.17996224141341122
0.8464375,-0.29146677820205596
0.8465,-0.4209564703470885
0.8465625,-0.5491520014014519
0.846625,-0.6498124158375685
0.8466875,-0.6961325476372421
0.84675,-0.6678096396512105
0.8468125,-0.5569208942931793
0.846875,-0.37103141565658987
0.8469375,-0.13264741310927577
0.847,0.12493791757083172
0.8470625,0.36443190205339293
0.847125,0.5523108723307482
0.8471875,0.6656641426077743
0.84725,0.6964465008946977
0.8473125,0.6521399642932523
0.847375,0.5527479249941469
0.8474375,0.4249809111842945
0.8475,0.2951988933660884
0.8475625,0.1829671151453968
0.847625,0.09688640123719364
0.8476875,0.03372862430175835
0.84775,-0.018988725073895228
0.8478125,-0.07778062458025362
0.847875,-0.15682699743499975
0.8479375,-0.2622680628647395
0.848,-0.3887935829240414
0.8480625,-0.5195422086136977
0.848125,-0.629437293247797
0.8481875,-0.6911558296840156
0.84825,-0.6822036417425443
0.8483125,-0.5912448340905795
0.848375,-0.4219945043889855
0.8484375,-0.19359087968349958
0.8485,0.0627409584300608
0.8485625,0.3099702253737779
0.848625,0.5129646159351116
0.8486875,0.6457286250458653
0.84875,0.696407313387995
0.8488125,0.6688628343799945
0.848875,0.580512262313657
0.8489375,0.4570714529829594
0.849,0.32563134480821476
0.8490625,0.20789698057331576
0.849125,0.1153417737015647
0.8491875,0.04749292615037835
0.84925,-0.006288351540833952
0.8493125,-0.062110168036944524
0.849375,-0.1352978339917459
0.8494375,-0.23436389252047704
0.8495,-0.3569184229256819
0.8495625,-0.48871792122877783
0.849625,-0.6062081313044376
0.8496875,-0.6819728548152932
0.84975,-0.6917065522111931
0.8498125,-0.6208941819590564
0.849875,-0.4694236064605889
0.8499375,-0.2528653575667387
0.85,-4.997821661019841e-13
0.8500625,0.25286535756623346
0.850125,0.46942360645986436
0.8501875,0.6208941819586228
0.85025,0.6917065522110805
0.8503125,0.6819728548154712
0.850375,0.6062081313048278
0.8504375,0.4887179212292757
0.8505,0.35691842292618514
0.8505625,0.2343638925209099
0.850625,0.13529783399207576
0.8506875,0.06211016803718494
0.85075,0.006288351541125534
0.8508125,-0.047492926150153145
0.850875,-0.11534177370139825
0.8509375,-0.20789698057290673
0.851,-0.32563134480772327
0.8510625,-0.45707145298268254
0.851125,-0.5805122623132308
0.8511875,-0.6688628343797562
0.85125,-0.6964073133880322
0.8513125,-0.6457286250462216
0.851375,-0.5129646159360719
0.8514375,-0.30997022537466656
0.8515,-0.06274095843060326
0.8515625,0.1935908796821063
0.851625,0.42199450438820185
0.8516875,0.5912448340903018
0.85175,0.6822036417422681
0.8518125,0.6911558296841289
0.851875,0.6294372932479865
0.8519375,0.5195422086141794
0.852,0.38879358292478383
0.8520625,0.2622680628651942
0.852125,0.1568269974351934
0.8521875,0.0777806245806299
0.85225,0.018988725074099565
0.8523125,-0.03372862430164207
0.852375,-0.09688640123678305
0.8524375,-0.18296711514501274
0.8525,-0.29519889336582894
0.8525625,-0.4249809111835494
0.852625,-0.5527479249934835
0.8526875,-0.6521399642930925
0.85275,-0.6964465008946622
0.8528125,-0.6656641426081786
0.852875,-0.5523108723310705
0.8529375,-0.3644319020538524
0.853,-0.12493791757226087
0.8530625,0.13264741310829573
0.853125,0.37103141565613373
0.8531875,0.556920894292332
0.85325,0.6678096396509423
0.8533125,0.6961325476372663
0.853375,0.6498124158380043
0.8534375,0.5491520014021202
0.8535,0.4209564703473677
0.8535625,0.29146677820252986
0.853625,0.17996224141396533
0.8536875,0.09467993832161323
0.85375,0.032057280149216945
0.8538125,-0.020597214405567603
0.853875,-0.07982253320273786
0.8539375,-0.1596308388262696
0.854,-0.265850495519373
0.8540625,-0.392804711174635
0.854125,-0.5233180116436393
0.8541875,-0.6321480459515261
0.85425,-0.692013259322188
0.8543125,-0.6806731169785616
0.854375,-0.5872064971173275
0.8544375,-0.41580963038056706
0.8545,-0.18605369928873094
0.8545625,0.07055643794583895
0.854625,0.3169318616487435
0.8546875,0.5181180463137651
0.85475,0.6484895820410349
0.8548125,0.696663715600222
0.854875,0.6669632645001144
0.8549375,0.577146596252289
0.855,0.45307685931880703
0.8550625,0.3217754770127029
0.855125,0.20469511518541889
0.8551875,0.1129546812364014
0.85525,0.04573008652510886
0.8553125,-0.007864070309784903
0.855375,-0.06400751956884967
0.8554375,-0.13790188543224335
0.8555,-0.23777583076699715
0.8555625,-0.3608765067007965
0.855625,-0.4926238522904694
0.8556875,-0.6092547482725507
0.85575,-0.6833415704018857
0.8558125,-0.6907836373368261
0.855875,-0.617448990028746
0.8559375,-0.4637007777693434
0.856,-0.2455646671197079
0.8560625,0.007853803995101265
0.856125,0.26013211312884177
0.8561875,0.475085622773304
0.85625,0.6242640687117149
0.8563125,0.6925543671996789
0.856375,0.6805427342248485
0.8564375,0.6031229580494424
0.8565,0.4847991618570963
0.8565625,0.35296957137312407
0.856625,0.23097446658499532
0.8566875,0.13271841295346481
0.85675,0.060229304627867006
0.8568125,0.004714568758346653
0.856875,-0.04926911836561239
0.8569375,-0.11775236164853184
0.857,-0.2111229178713286
0.8570625,-0.3295006138365012
0.857125,-0.461059133308284
0.8571875,-0.5838456025986231
0.85725,-0.6707059154761297
0.8573125,-0.6960780117206018
0.857375,-0.6428910499079964
0.8574375,-0.5077455773253552
0.8575,-0.30296724708358863
0.8575625,-0.05491697016627424
0.857625,0.20110195534028671
0.8576875,0.42812410409997104
0.85775,0.5952100594567798
0.8578125,0.683657673883673
0.857875,0.690232626027143
0.8579375,0.6266819242375004
0.858,0.5157474399005836
0.8580625,0.38478698880000584
0.858125,0.25870591124107517
0.8581875,0.15404830427481228
0.85825,0.07575795419760353
0.8583125,0.017385999422912857
0.858375,-0.035409876118445885
0.8584375,-0.09911464940226136
0.8585,-0.18599694370339329
0.8585625,-0.2989479979346411
0.858625,-0.429004045432843
0.8586875,-0.5563178259856303
0.85875,-0.6544164032320056
0.8588125,-0.6966905148748717
0.858875,-0.6634415967908167
0.8589375,-0.5476312407010367
0.859,-0.35778415279714354
0.8590625,-0.1172115112465826
0.859125,0.14033896037014154
0.8591875,0.37758187222495343
0.85925,0.5614608644170971
0.8593125,0.669878095723995
0.859375,0.6957490757440964
0.8594375,0.647434458412885
0.8595,0.5455308433558486
0.8595625,0.4169313980657591
0.859625,0.28775205795722003
0.8596875,0.17698238550647868
0.85975,0.09249500889667059
0.8598125,0.030395395291854387
0.859875,-0.022211938375160147
0.8599375,-0.08188399319054626
0.86,-0.16245984811617145
0.8600625,-0.2694528837786273
0.860125,-0.39681975205500497
0.8601875,-0.5270740706661063
0.86025,-0.6348134416787248
0.8603125,-0.6928044112194938
0.860375,-0.6790659842459327
0.8604375,-0.5830953840716502
0.8605,-0.409570223494489
0.8605625,-0.17849141791211898
0.860625,0.07836235044393437
0.8606875,0.32385126434435496
0.86075,0.5232053238886849
0.8608125,0.6511738189142925
0.860875,0.6968475479314917
0.8609375,0.6650078547150553
0.861,0.5737493903442747
0.8610625,0.4490760717105625
0.861125,0.31793349168436436
0.8611875,0.20151746905188947
0.86125,0.11059090096899918
0.8613125,0.04398018417185487
0.861375,-0.009442207761997338
0.8614375,-0.06592172555793661
0.8615,-0.14053066649404822
0.8615625,-0.24121003891459342
0.861625,-0.3648432631980797
0.8616875,-0.4965161982105052
0.86175,-0.6122620401251297
0.8618125,-0.6846483032769436
0.861875,-0.6897854034502497
0.8619375,-0.6139287191332674
0.862,-0.45791778956178036
0.8620625,-0.2382309993523824
0.862125,0.01570654220223857
0.8621875,0.26736398286178953
0.86225,0.4806861854586489
0.8623125,0.6275584378512508
0.862375,0.6933273140636569
0.8624375,0.6790517948967232
0.8625,0.6000000000002028
0.8625625,0.48086832752391934
0.862625,0.34903050326238455
0.8626875,0.22760778485901362
0.86275,0.13016351344162017
0.8628125,0.05836455697598007
0.862875,0.003142238571573739
0.8629375,-0.051059073647585135
0.863,-0.12018661936045671
0.8630625,-0.21437276914804057
0.863125,-0.33338279377450797
0.8631875,-0.4650391760774829
0.86325,-0.5871458323133412
0.8633125,-0.6724918661529659
0.863375,-0.6956754929081603
0.8634375,-0.6399769724082534
0.8635,-0.502461487480687
0.8635625,-0.2959238263758793
0.863625,-0.04708553309007667
0.8636875,0.2085859276136725
0.86375,0.43419769871825664
0.8638125,0.5991018512334996
0.863875,0.6850353419576547
0.8639375,0.6892441618405591
0.864,0.6238826837700454
0.8640625,0.5119344817692228
0.864125,0.3807855429813186
0.8641875,0.2551643558280823
0.86425,0.15129472953384984
0.8643125,0.07375420181044862
0.864375,0.0157885644287917
0.8644375,-0.037101480399923836
0.8645,-0.10136492638382841
0.8645625,-0.1890516536090555
0.864625,-0.30271367666385035
0.8646875,-0.43302519188734473
0.86475,-0.5598609158446053
0.8648125,-0.6566410379453377
0.864875,-0.696864179907347
0.8649375,-0.6611420080277627
0.865,-0.5428824546349351
0.8650625,-0.3510889985951343
0.865125,-0.10946923493417735
0.8651875,0.14801152538392748
0.86525,0.38408245986456624
0.8653125,0.5659303536652897
0.865375,0.6718695322275774
0.8654375,0.6952965167025801
0.8655,0.6450067982217427
0.8655625,0.5418852384266393
0.865625,0.41290636326983976
0.8656875,0.2840551283410807
0.86575,0.17402759996616854
0.8658125,0.0903313531204808
0.865875,0.028742517954862143
0.8659375,-0.023833365703458495
0.866,-0.08396531042486563
0.8660625,-0.1653140347812766
0.866125,-0.27307489201510116
0.8661875,-0.40083807688328094
0.86625,-0.5308096054817221
0.8663125,-0.6374327441282287
0.866375,-0.6935287915626211
0.8664375,-0.6773821414661558
0.8665,-0.5789118439951373
0.8665625,-0.403277035642745
0.866625,-0.1709050442174873
0.8666875,0.08615763953427935
0.86675,0.330727550096595
0.8668125,0.5282259166062977
0.866875,0.6537812474787752
0.8669375,0.6969591517350098
0.867,0.662997260974248
0.8670625,0.5703214314626145
0.867125,0.4450698045661318
0.8671875,0.3141058608794625
0.86725,0.19836417893163769
0.8673125,0.10825024070537478
0.867375,0.04224279908704173
0.8674375,-0.01102324572917486
0.8675,-0.06785314616637028
0.8675625,-0.14318426667063838
0.867625,-0.24466626406636074
0.8676875,-0.36881812475011555
0.86775,-0.5003941988500183
0.8678125,-0.6152292408898369
0.867875,-0.685892484449285
0.8679375,-0.6887116441410891
0.868,-0.6103336092430783
0.8680625,-0.452075306196355
0.868125,-0.2308653182618896
0.8681875,0.023557149041625362
0.86825,0.27456002261890355
0.8683125,0.4862246649884314
0.868375,0.6307770907308639
0.8684375,0.6940256371144556
0.8685,0.6775006314976209
0.8685625,0.5968400311247108
0.868625,0.47692616792485665
0.8686875,0.34510176142493476
0.86875,0.22426406871214521
0.8688125,0.12763301699855048
0.868875,0.0565155468292714
0.8689375,0.0015708770709675925
0.869,-0.05286319747844777
0.8690625,-0.12264471202718666
0.869125,-0.21764636588201708
0.8691875,-0.33727738530102147
0.86925,-0.4690108524100899
0.8693125,-0.5904121679886434
0.869375,-0.6742200521863948
0.8694375,-0.6951994512483699
0.8695,-0.636986522138544
0.8695625,-0.49711291573702826
0.869625,-0.2888408707103285
0.8696875,-0.039247708601588736
0.86975,0.21604180315038657
0.8698125,0.44021456820583316
0.869875,0.6029199010261944
0.8699375,0.6863367876663581
0.87,0.68819096023567
0.8700625,0.6210403206887531
0.870125,0.50810410824618
0.8701875,0.37678985220571026
0.87025,0.2516437015156576
0.8703125,0.14856623330956303
0.870375,0.07176904018845282
0.8704375,0.014195945171311977
0.8705,-0.03880387821445906
0.8705625,-0.10363746744439523
0.870625,-0.19213116087882742
0.8706875,-0.3064955046462273
0.87075,-0.4370436634226937
0.8708125,-0.5633764058395877
0.870875,-0.6588131797417405
0.8709375,-0.6969670974150531
0.871,-0.658765395811419
0.8710625,-0.5380649823578277
0.871125,-0.344347279332483
0.8711875,-0.10171213254901423
0.87125,0.15566407789845255
0.8713125,0.3905323763127694
0.871375,0.5703289461890345
0.8714375,0.6737839841215476
0.8715,0.6947753127187069
0.8715625,0.6425301469442203
0.871625,0.5382159734224269
0.8716875,0.40888202853235006
0.87175,0.28037637519981695
0.8718125,0.17109792690991332
0.871875,0.08818870318194524
0.8719375,0.02709819312291735
0.872,-0.02546196270545588
0.8720625,-0.08606678341650428
0.872125,-0.16819339806003
0.8721875,-0.2767161744487684
0.87225,-0.40485904992571325
0.8723125,-0.5345238342000923
0.872375,-0.6400052215523118
0.8724375,-0.6941859165877491
0.8725,-0.675621499884075
0.8725625,-0.5746562393941632
0.872625,-0.3969308290898022
0.8726875,-0.16329559158172352
0.87275,0.09394125090790748
0.8728125,0.33755984391222554
0.872875,0.5331793050163027
0.8729375,0.6563117933266924
0.873,0.6969988800347693
0.8730625,0.6609321461257932
0.873125,0.5668635072319973
0.8731875,0.44105876714996994
0.87325,0.3102930473874942
0.8733125,0.19523537100391986
0.873375,0.10593249943852706
0.8734375,0.040517506736746534
0.8735,-0.012607665004645482
0.8735625,-0.06980213524367289
0.873625,-0.14586276566194106
0.8736875,-0.24814424286354947
0.87375,-0.3728005156378167
0.8738125,-0.5042570909376429
0.873875,-0.6181555876405568
0.8739375,-0.6870735537999926
0.874,-0.6875621657944796
0.8740625,-0.606663914066601
0.874125,-0.4461740034115964
0.8741875,-0.2234685940930745
0.87425,0.031404559352280675
0.8743125,0.2817192952358834
0.874375,0.491700443666918
0.8744375,0.6339198425052766
0.8745,0.6946495931266855
0.8745625,0.675889846933341
0.874625,0.5936438276735699
0.8746875,0.47297342892924626
0.87475,0.3411838801938406
0.8748125,0.22094352896639222
0.874875,0.12512679565881626
0.8749375,0.054681890193435015
0.875,1.0289632831511434e-13
0.8750625,-0.05468189019319576
0.875125,-0.1251267956584895
0.8751875,-0.2209435289659587
0.87525,-0.341183880193328
0.8753125,-0.4729734289287278
0.875375,-0.5936438276731488
0.8754375,-0.6758898469331259
0.8755,-0.6946495931267624
0.8755625,-0.6339198425056833
0.875625,-0.4917004436676313
0.8756875,-0.28171929523681893
0.87575,-0.03140455935330852
0.8758125,0.22346859409210346
0.875875,0.4461740034108195
0.8759375,0.6066639140661154
0.876,0.687562165794324
0.8760625,0.6870735538001431
0.876125,0.6181555876409375
0.8761875,0.504257090938148
0.87625,0.3728005156383388
0.8763125,0.2481442428640066
0.876375,0.14586276566229367
0.8764375,0.06980213524392936
0.8765,0.01260766500485331
0.8765625,-0.04051750673652127
0.876625,-0.10593249943822494
0.8766875,-0.19523537100351154
0.87675,-0.31029304738699565
0.8768125,-0.44105876714944425
0.876875,-0.5668635072315422
0.8769375,-0.6609321461255191
0.877,-0.69699888003477
0.8770625,-0.6563117933270189
0.877125,-0.5331793050169473
0.8771875,-0.3375598439131177
0.87725,-0.09394125090892641
0.8773125,0.1632955915807251
0.877375,0.3969308290889674
0.8774375,0.574656239393601
0.8775,0.6756214998838392
0.8775625,0.6941859165878308
0.877625,0.6400052215526457
0.8776875,0.5345238342005775
0.87775,0.4048590499262402
0.8778125,0.2767161744492466
0.877875,0.16819339806040887
0.8779375,0.08606678341678095
0.878,0.025461962705669736
0.8780625,-0.027098193122702487
0.878125,-0.08818870318166588
0.8781875,-0.17109792690953113
0.87825,-0.2803763751993362
0.8783125,-0.4088820285318228
0.878375,-0.5382159734219447
0.8784375,-0.6425301469438927
0.8785,-0.694775312718634
0.8785625,-0.6737839841217934
0.878625,-0.5703289461896061
0.8786875,-0.390532376313611
0.87875,-0.15566407789945375
0.8788125,0.10171213254799702
0.878875,0.3443472793315967
0.8789375,0.5380649823571921
0.879,0.6587653958111026
0.8790625,0.696967097415062
0.879125,0.6588131797420216
0.8791875,0.5633764058400464
0.87925,0.4370436634232199
0.8793125,0.3064955046467238
0.879375,0.1921311608792325
0.8794375,0.1036374674446944
0.8795,0.03880387821468284
0.8795625,-0.014195945171103615
0.879625,-0.07176904018819398
0.8796875,-0.14856623330920712
0.87975,-0.25164370151519766
0.8798125,-0.3767898522051871
0.879875,-0.5081041082456771
0.8799375,-0.621040320688378
0.88,-0.6881909602355278
0.8800625,-0.6863367876665235
0.880125,-0.6029199010266897
0.8801875,-0.44021456820661775
0.88025,-0.2160418031513615
0.8803125,0.03924770860056152
0.880375,0.28884087070939796
0.8804375,0.4971129157363233
0.8805,0.6369865221381472
0.8805625,0.6951994512483026
0.880625,0.6742200521866175
0.8806875,0.590412167989069
0.88075,0.4690108524106097
0.8808125,0.3372773853015325
0.880875,0.2176463658824475
0.8809375,0.12264471202751023
0.881,0.05286319747868509
0.8810625,-0.0015708770707617684
0.881125,-0.05651554682903012
0.8811875,-0.12763301699822055
0.88125,-0.22426406871170862
0.8813125,-0.3451017614244208
0.881375,-0.4769261679243395
0.8814375,-0.5968400311242945
0.8815,-0.6775006314974137
0.8815625,-0.6940256371145422
0.881625,-0.6307770907312805
0.8816875,-0.48622466498915295
0.88175,-0.27456002261984397
0.8818125,-0.0235571490426537
0.881875,0.23086531826092255
0.8819375,0.45207530619558567
0.882,0.6103336092426024
0.8820625,0.6887116441409435
0.882125,0.6858924844494438
0.8821875,0.6152292408902229
0.88225,0.5003941988505254
0.8823125,0.3688181247506369
0.882375,0.24466626406681502
0.8824375,0.14318426667098766
0.8825,0.06785314616662448
0.8825625,0.011023245729382205
0.882625,-0.0422427990868149
0.8826875,-0.10825024070506961
0.88275,-0.1983641789312262
0.8828125,-0.31410586087896203
0.882875,-0.4450698045656065
0.8829375,-0.5703214314621634
0.883,-0.662997260973981
0.8830625,-0.6969591517350197
0.883125,-0.6537812474791118
0.8831875,-0.5282259166069512
0.88325,-0.330727550097493
0.8833125,-0.08615763953529988
0.883375,0.17090504421649189
0.8834375,0.40327703564191697
0.8835,0.5789118439945845
0.8835625,0.6773821414659302
0.883625,0.6935287915627116
0.8836875,0.6374327441285688
0.88375,0.5308096054822101
0.8838125,0.40083807688380757
0.883875,0.273074892015577
0.8839375,0.16531403478165219
0.884,0.08396531042513963
0.8840625,0.023833365703671387
0.884125,-0.028742517954646163
0.8841875,-0.09033135312019872
0.88425,-0.17402759996578307
0.8843125,-0.2840551283405976
0.884375,-0.4129063632693126
0.8844375,-0.5418852384261601
0.8845,-0.6450067982214214
0.8845625,-0.6952965167025164
0.884625,-0.6718695322278334
0.8846875,-0.5659303536658706
0.88475,-0.38408245986541456
0.8848125,-0.1480115253849314
0.884875,0.10946923493316203
0.8849375,0.35108899859425413
0.885,0.5428824546343085
0.8850625,0.6611420080274564
0.885125,0.6968641799073652
0.8851875,0.6566410379456258
0.88525,0.5598609158450678
0.8853125,0.4330251918878714
0.885375,0.3027136766643448
0.8854375,0.18905165360945728
0.8855,0.10136492638412467
0.8855625,0.03710148040014616
0.885625,-0.015788564428582744
0.8856875,-0.07375420181018733
0.88575,-0.15129472953349077
0.8858125,-0.25516435582761965
0.885875,-0.3807855429807947
0.8859375,-0.5119344817687221
0.886,-0.6238826837696758
0.8860625,-0.6892441618404255
0.886125,-0.6850353419578301
0.8861875,-0.5991018512340045
0.88625,-0.4341976987190487
0.8863125,-0.20858592761465117
0.886375,0.04708553308905022
0.8864375,0.2959238263749539
0.8865,0.5024614874799905
0.8865625,0.6399769724078666
0.886625,0.6956754929081028
0.8866875,0.672491866153196
0.88675,0.5871458323137714
0.8868125,0.4650391760780037
0.886875,0.33338279377501734
0.8869375,0.2143727691484679
0.887,0.12018661936077726
0.8870625,0.05105907364782056
0.887125,-0.0031422385713678197
0.8871875,-0.05836455697573682
0.88725,-0.13016351344128704
0.8873125,-0.22760778485857408
0.887375,-0.34903050326186924
0.8874375,-0.4808683275234036
0.8875,-0.5999999999997913
0.8875625,-0.679051794896524
0.887625,-0.6933273140637533
0.8876875,-0.6275584378516774
0.88775,-0.4806861854593786
0.8878125,-0.26736398286273466
0.887875,-0.01570654220326725
0.8879375,0.2382309993514195
0.888,0.4579177895610188
0.8880625,0.6139287191328012
0.888125,0.6897854034501141
0.8881875,0.6846483032771108
0.88825,0.6122620401255209
0.8883125,0.4965161982110141
0.888375,0.36484326319860005
0.8884375,0.24121003891504478
0.8885,0.14053066649439422
0.8885625,0.06592172555818852
0.888625,0.00944220776220427
0.8886875,-0.043980184171626455
0.88875,-0.11059090096869098
0.8888125,-0.20151746905147472
0.888875,-0.31793349168386187
0.8889375,-0.449076071710038
0.889,-0.5737493903438275
0.8890625,-0.6650078547147955
0.889125,-0.6968475479315109
0.8891875,-0.6511738189146392
0.88925,-0.523205323889347
0.8893125,-0.3238512643452587
0.889375,-0.07836235044495636
0.8894375,0.17849141791112666
0.8895,0.40957022349366806
0.8895625,0.5830953840711068
0.889625,0.6790659842457172
0.8896875,0.6928044112195931
0.88975,0.634813441679071
0.8898125,0.5270740706665972
0.889875,0.39681975205553116
0.8899375,0.2694528837791006
0.89,0.16245984811654376
0.8900625,0.0818839931908176
0.890125,0.022211938375372137
0.8901875,-0.030395395291637234
0.89025,-0.09249500889638576
0.8903125,-0.17698238550609
0.890375,-0.2877520579567345
0.8904375,-0.4169313980652317
0.8905,-0.5455308433553725
0.8905625,-0.6474344584125702
0.890625,-0.6957490757440415
0.8906875,-0.6698780957242609
0.89075,-0.5614608644176873
0.8908125,-0.3775818722258083
0.890875,-0.140338960371148
0.8909375,0.1172115112455693
0.891,0.3577841527962694
0.8910625,0.5476312407004191
0.891125,0.6634415967905205
0.8911875,0.6966905148748991
0.89125,0.6544164032323004
0.8913125,0.5563178259860962
0.891375,0.4290040454333699
0.8914375,0.2989479979351334
0.8915,0.18599694370379188
0.8915625,0.09911464940255471
0.891625,0.035409876118666805
0.8916875,-0.017385999422703233
0.89175,-0.0757579541973398
0.8918125,-0.15404830427444982
0.891875,-0.2587059112406098
0.8919375,-0.38478698879948126
0.892,-0.5157474399000852
0.8920625,-0.6266819242371364
0.892125,-0.6902326260270176
0.8921875,-0.6836576738838585
0.89225,-0.5952100594572945
0.8923125,-0.42812410410077045
0.892375,-0.201101955341269
0.8924375,0.05491697016524869
0.8925,0.3029672470826685
0.8925625,0.5077455773246672
0.892625,0.6428910499076196
0.8926875,0.6960780117205537
0.89275,0.6707059154763674
0.8928125,0.5838456025990576
0.892875,0.46105913330880594
0.8929375,0.3295006138370089
0.893,0.21112291787175286
0.8930625,0.1177523616488492
0.893125,0.04926911836584599
0.8931875,-0.004714568758140575
0.89325,-0.06022930462762166
0.8933125,-0.1327184129531285
0.893375,-0.2309744665845528
0.8934375,-0.35296957137260737
0.8935,-0.4847991618565821
0.8935625,-0.6031229580490357
0.893625,-0.680542734224657
0.8936875,-0.692554367199785
0.89375,-0.6242640687121515
0.8938125,-0.47508562277404187
0.893875,-0.2601321131297915
0.8939375,-0.007853803996130157
0.894,0.24556466711874925
0.8940625,0.4637007777685897
0.894125,0.6174489900282897
0.8941875,0.6907836373367002
0.89425,0.6833415704020609
0.8943125,0.6092547482729473
0.894375,0.49262385229098027
0.8944375,0.36087650670131555
0.8945,0.2377758307674456
0.8945625,0.13790188543258614
0.894625,0.06400751956909931
0.8946875,0.007864070309991488
0.89475,-0.04573008652487878
0.8948125,-0.11295468123609015
0.894875,-0.20469511518500105
0.8949375,-0.32177547701219866
0.895,-0.45307685931828334
0.8950625,-0.5771465962518461
0.895125,-0.6669632644998618
0.8951875,-0.6966637156002509
0.89525,-0.6484895820413916
0.8953125,-0.518118046314436
0.895375,-0.3169318616496528
0.8954375,-0.07055643794686225
0.8955,0.18605369928774182
0.8955625,0.41580963037975316
0.895625,0.5872064971167937
0.8956875,0.680673116978356
0.89575,0.6920132593222961
0.8958125,0.6321480459518782
0.895875,0.5233180116441327
0.8959375,0.3928047111751607
0.896,0.2658504955198436
0.8960625,0.15963083882663856
0.896125,0.07982253320300667
0.8961875,0.020597214405778726
0.89625,-0.03205728014899861
0.8963125,-0.0946799383213256
0.896375,-0.17996224141357328
0.8964375,-0.29146677820204203
0.8965,-0.4209564703468404
0.8965625,-0.5491520014016473
0.896625,-0.649812415837696
0.8966875,-0.6961325476372207
0.89675,-0.6678096396512184
0.8968125,-0.5569208942929316
0.896875,-0.37103141565699516
0.8969375,-0.1326474131093046
0.897,0.12493791757124971
0.8970625,0.3644319020529846
0.897125,0.5523108723304618
0.8971875,0.6656641426078924
0.89725,0.6964465008946988
0.8973125,0.6521399642933942
0.897375,0.5527479249939529
0.8974375,0.42498091118407666
0.8975,0.295198893366319
0.8975625,0.18296711514540806
0.897625,0.09688640123707354
0.8976875,0.03372862430186167
0.89775,-0.01898872507388922
0.8978125,-0.07778062458036361
0.897875,-0.15682699743482773
0.8979375,-0.26226806286472615
0.898,-0.3887935829242587
0.8980625,-0.5195422086136835
0.898125,-0.6294372932476284
0.8981875,-0.6911558296840122
0.89825,-0.6822036417424635
0.8983125,-0.5912448340908262
0.898375,-0.4219945043890086
0.8984375,-0.19359087968309208
0.8985,0.06274095842957876
0.8985625,0.30997022537375174
0.898625,0.5129646159353924
0.8986875,0.6457286250458549
0.89875,0.6964073133879939
0.8988125,0.6688628343800015
0.898875,0.5805122623136696
0.8989375,0.45707145298320545
0.899,0.3256313448082293
0.8990625,0.2078969805733278
0.899125,0.11534177370171259
0.8991875,0.04749292615038497
0.89925,-0.006288351540919232
0.8993125,-0.06211016803693749
0.899375,-0.13529783399173625
0.8994375,-0.23436389252046427
0.8995,-0.35691842292566717
0.8995625,-0.48871792122876323
0.899625,-0.6062081313044262
0.8996875,-0.6819728548152879
0.89975,-0.6917065522111965
0.8998125,-0.6208941819590692
0.899875,-0.46942360646061015
0.8999375,-0.25286535756718775
0.9,-5.291811170491597e-13
0.9000625,0.25286535756578443
0.900125,0.46942360645984305
0.9001875,0.62089418195861
0.90025,0.6917065522110772
0.9003125,0.6819728548154765
0.900375,0.6062081313048393
0.9004375,0.4887179212292904
0.9005,0.3569184229261999
0.9005625,0.23436389252092255
0.900625,0.13529783399208553
0.9006875,0.062110168037192034
0.90075,0.006288351541040252
0.9008125,-0.047492926150146525
0.900875,-0.11534177370125043
0.9009375,-0.20789698057289474
0.901,-0.32563134480770883
0.9010625,-0.4570714529824365
0.901125,-0.5805122623132182
0.9011875,-0.6688628343797492
0.90125,-0.6964073133880333
0.9013125,-0.6457286250462321
0.901375,-0.512964615935791
0.9014375,-0.30997022537469265
0.9015,-0.0627409584310853
0.9015625,0.19359087968251382
0.901625,0.42199450438817887
0.9016875,0.5912448340900551
0.90175,0.6822036417423488
0.9018125,0.6911558296841323
0.901875,0.6294372932481549
0.9019375,0.5195422086141936
0.902,0.3887935829245668
0.9020625,0.26226806286520754
0.902125,0.15682699743536546
0.9021875,0.07778062458051985
0.90225,0.018988725074105574
0.9023125,-0.03372862430153872
0.902375,-0.09688640123690312
0.9024375,-0.18296711514500147
0.9025,-0.29519889336559835
0.9025625,-0.42498091118376724
0.902625,-0.5527479249936775
0.9026875,-0.6521399642929506
0.90275,-0.6964465008946612
0.9028125,-0.6656641426080603
0.902875,-0.5523108723313567
0.9029375,-0.3644319020542607
0.903,-0.12493791757184289
0.9030625,0.1326474131082669
0.903125,0.3710314156557285
0.9031875,0.5569208942925798
0.90325,0.6678096396509345
0.9033125,0.6961325476372877
0.903375,0.6498124158378769
0.9034375,0.5491520014019248
0.9035,0.4209564703476158
0.9035625,0.2914667782025438
0.903625,0.1799622414138033
0.9036875,0.09467993832174859
0.90375,0.0320572801492232
0.9038125,-0.020597214405654873
0.903875,-0.07982253320261143
0.9039375,-0.15963083882609597
0.904,-0.2658504955195675
0.9040625,-0.3928047111748523
0.904125,-0.5233180116434072
0.9041875,-0.6321480459515161
0.90425,-0.6920132593222327
0.9043125,-0.6806731169786582
0.904375,-0.5872064971173429
0.9044375,-0.41580963038023067
0.9045,-0.18605369928919635
0.9045625,0.07055643794580971
0.904625,0.3169318616491194
0.9046875,0.518118046313746
0.90475,0.6484895820410247
0.9048125,0.6966637156002212
0.904875,0.6669632645001216
0.9049375,0.5771465962524974
0.905,0.453076859318822
0.9050625,0.32177547701249454
0.905125,0.20469511518561556
0.9051875,0.11295468123641031
0.90525,0.04573008652501373
0.9053125,-0.007864070309779002
0.905375,-0.06400751956884254
0.9054375,-0.13790188543223356
0.9055,-0.23777583076698428
0.9055625,-0.36087650670078175
0.905625,-0.4926238522904547
0.9056875,-0.6092547482725393
0.90575,-0.6833415704018806
0.9058125,-0.6907836373368297
0.905875,-0.617448990028759
0.9059375,-0.4637007777693649
0.906,-0.2455646671197353
0.9060625,0.007853803995071866
0.906125,0.2601321131288146
0.9061875,0.4750856227732829
0.90625,0.6242640687117025
0.9063125,0.6925543671996759
0.906375,0.6805427342248539
0.9064375,0.6031229580494539
0.9065,0.484799161857111
0.9065625,0.3529695713731389
0.906625,0.230974466585008
0.9066875,0.13271841295347442
0.90675,0.06022930462787404
0.9068125,0.004714568758352541
0.906875,-0.04926911836550252
0.9069375,-0.11775236164852282
0.907,-0.2111229178713165
0.9070625,-0.3295006138364867
0.907125,-0.4610591333082691
0.9071875,-0.5838456025986107
0.90725,-0.6707059154761229
0.9073125,-0.6960780117206031
0.907375,-0.6428910499078406
0.9074375,-0.5077455773253748
0.9075,-0.30296724708402156
0.9075625,-0.0549169701658503
0.907625,0.20110195534025865
0.9076875,0.4281241040995949
0.90775,0.5952100594567651
0.9078125,0.6836576738836677
0.907875,0.6902326260272019
0.9079375,0.6266819242375108
0.908,0.5157474399003775
0.9080625,0.3847869888000208
0.908125,0.2587059112412942
0.9081875,0.1540483042746624
0.90825,0.07575795419761105
0.9083125,0.017385999423011486
0.908375,-0.035409876118537215
0.9084375,-0.09911464940225295
0.9085,-0.18599694370320574
0.9085625,-0.2989479979348446
0.908625,-0.42900404543306075
0.9086875,-0.5563178259854111
0.90875,-0.6544164032318668
0.9088125,-0.696690514874883
0.908875,-0.6634415967909562
0.9089375,-0.5476312407013273
0.909,-0.3577841527967822
0.9090625,-0.11721151124661158
0.909125,0.14033896036966798
0.9091875,0.3775818722253068
0.90925,0.5614608644173411
0.9093125,0.6698780957238699
0.909375,0.6957490757440978
0.9094375,0.6474344584127549
0.9095,0.5455308433560725
0.9095625,0.4169313980657742
0.909625,0.28775205795701936
0.9096875,0.17698238550666162
0.90975,0.09249500889680465
0.9098125,0.030395395291764618
0.909875,-0.022211938375154103
0.9099375,-0.08188399319041853
0.91,-0.16245984811632536
0.9100625,-0.269452883778823
0.910125,-0.39681975205475734
0.9101875,-0.5270740706660925
0.91025,-0.634813441678868
0.9103125,-0.692804411219447
0.910375,-0.6790659842459389
0.9104375,-0.5830953840714257
0.9105,-0.40957022349487526
0.9105625,-0.17849141791214734
0.910625,0.07836235044435684
0.9106875,0.3238512643443292
0.91075,0.5232053238883734
0.9108125,0.6511738189142826
0.910875,0.6968475479314996
0.9109375,0.6650078547151776
0.911,0.5737493903442874
0.9110625,0.4490760717103457
0.911125,0.3179334916846006
0.9111875,0.20151746905190127
0.91125,0.11059090096887181
0.9113125,0.04398018417186139
0.911375,-0.009442207761991426
0.9114375,-0.06592172555792941
0.9115,-0.14053066649403828
0.9115625,-0.2412100389145805
0.911625,-0.3648432631980648
0.9116875,-0.49651619821049064
0.91175,-0.6122620401249456
0.9118125,-0.6846483032769388
0.911875,-0.6897854034501936
0.9119375,-0.6139287191332806
0.912,-0.4579177895618022
0.9120625,-0.23823099935240993
0.912125,0.015706542202209177
0.9121875,0.26736398286176255
0.91225,0.480686185458628
0.9123125,0.6275584378512387
0.912375,0.6933273140636541
0.9124375,0.6790517948967288
0.9125,0.6000000000002146
0.9125625,0.4808683275237061
0.912625,0.34903050326239926
0.9126875,0.22760778485902622
0.91275,0.1301635134416297
0.9128125,0.058364556975987025
0.912875,0.0031422385715796234
0.9129375,-0.05105907364757842
0.913,-0.12018661936044761
0.9130625,-0.2143727691480283
0.913125,-0.33338279377449337
0.9131875,-0.46503917607746803
0.91325,-0.587145832313329
0.9133125,-0.6724918661529592
0.913375,-0.6956754929081366
0.9134375,-0.6399769724082645
0.9135,-0.5024614874810147
0.9135625,-0.2959238263754968
0.913625,-0.04708553309010599
0.9136875,0.20858592761321199
0.91375,0.434197698718234
0.9138125,0.5991018512334851
0.913875,0.6850353419576497
0.9139375,0.689244161840563
0.914,0.6238826837698928
0.9140625,0.5119344817692371
0.914125,0.3807855429815651
0.9141875,0.25516435582789104
0.91425,0.15129472953386006
0.9143125,0.07375420181057157
0.914375,0.015788564428705326
0.9144375,-0.03710148039991748
0.9145,-0.10136492638368902
0.9145625,-0.18905165360904397
0.914625,-0.3027136766640548
0.9146875,-0.433025191887097
0.91475,-0.5598609158443878
0.9148125,-0.6566410379454568
0.914875,-0.6968641799073465
0.9149375,-0.6611420080279068
0.915,-0.542882454634676
0.9150625,-0.3510889985951595
0.915125,-0.10946923493465507
0.9151875,0.14801152538434248
0.91525,0.38408245986491696
0.9153125,0.5659303536650164
0.915375,0.6718695322275702
0.9154375,0.6952965167025538
0.9155,0.6450067982218939
0.9155625,0.5418852384268646
0.915625,0.41290636326962193
0.9156875,0.28405512834130814
0.91575,0.17402759996634992
0.9158125,0.0903313531203642
0.915875,0.02874251795486831
0.9159375,-0.02383336570335834
0.916,-0.0839653104249789
0.9160625,-0.16531403478143183
0.916125,-0.2730748920148772
0.9161875,-0.4008380768832659
0.91625,-0.5308096054819239
0.9163125,-0.6374327441280686
0.916375,-0.6935287915626185
0.9164375,-0.6773821414660626
0.9165,-0.5789118439953975
0.9165625,-0.40327703564313455
0.916625,-0.17090504421707584
0.9166875,0.0861576395342502
0.91675,0.3307275500961725
0.9168125,0.528225916606279
0.916875,0.6537812474789143
0.9169375,0.6969591517350051
0.917,0.6629972609742557
0.9170625,0.5703214314624281
0.917125,0.4450698045663789
0.9171875,0.3141058608794768
0.91725,0.1983641789314676
0.9173125,0.10825024070538347
0.917375,0.0422427990870482
0.9174375,-0.011023245729168938
0.9175,-0.06785314616636302
0.9175625,-0.143184266670474
0.917625,-0.24466626406634776
0.9176875,-0.36881812475033093
0.91775,-0.5003941988497798
0.9178125,-0.6152292408898258
0.917875,-0.6858924844493507
0.9179375,-0.6887116441410933
0.918,-0.6103336092430919
0.9180625,-0.45207530619637704
0.918125,-0.23086531826191725
0.9181875,0.023557149041595983
0.91825,0.2745600226188767
0.9183125,0.4862246649884109
0.918375,0.6307770907308521
0.9184375,0.6940256371144532
0.9185,0.6775006314976267
0.9185625,0.5968400311247227
0.918625,0.4769261679248714
0.9186875,0.3451017614247224
0.91875,0.22426406871215765
0.9188125,0.12763301699855992
0.918875,0.05651554682927826
0.9189375,0.0015708770709734732
0.919,-0.05286319747844098
0.9190625,-0.12264471202717739
0.919125,-0.21764636588200478
0.9191875,-0.33727738530100687
0.91925,-0.46901085241007506
0.9193125,-0.5904121679886313
0.919375,-0.6742200521864868
0.9194375,-0.6951994512483717
0.9195,-0.6369865221387307
0.9195625,-0.49711291573704836
0.919625,-0.288840870710355
0.9196875,-0.039247708601618095
0.91975,0.2160418031503587
0.9198125,0.44021456820581073
0.919875,0.6029199010261803
0.9199375,0.6863367876663532
0.92,0.6881909602356113
0.9200625,0.6210403206887638
0.920125,0.5081041082464166
0.9201875,0.37678985220549394
0.92025,0.2516437015156707
0.9203125,0.1485662333097304
0.920375,0.07176904018834582
0.9204375,0.014195945171317927
0.9205,-0.0388038782143538
0.9205625,-0.10363746744438668
0.920625,-0.19213116087899487
0.9206875,-0.30649550464621317
0.92075,-0.437043663422446
0.9208125,-0.5633764058397772
0.920875,-0.6588131797417325
0.9209375,-0.6969670974150489
0.921,-0.6587653958112882
0.9210625,-0.5380649823578458
0.921125,-0.3443472793329
0.9211875,-0.10171213254859374
0.92125,0.15566407789886644
0.9213125,0.3905323763123733
0.921375,0.5703289461890182
0.9214375,0.6737839841216493
0.9215,0.694775312718741
0.9215625,0.6425301469443745
0.921625,0.5382159734222275
0.9216875,0.4088820285323651
0.92175,0.2803763752000432
0.9218125,0.17109792690975537
0.921875,0.08818870318182978
0.9219375,0.027098193123018463
0.922,-0.02546196270554428
0.9220625,-0.08606678341661866
0.922125,-0.1681933980598517
0.9221875,-0.2767161744487547
0.92225,-0.4048590499259311
0.9223125,-0.5345238341998639
0.922375,-0.6400052215521547
0.9224375,-0.6941859165877828
0.9225,-0.675621499884186
0.9225625,-0.5746562393944277
0.922625,-0.39693082908945715
0.9226875,-0.1632955915813108
0.92275,0.09394125090742805
0.9228125,0.33755984391220006
0.922875,0.5331793050165692
0.9229375,0.6563117933265388
0.923,0.6969988800347693
0.9230625,0.66093214612568
0.923125,0.5668635072322113
0.9231875,0.44105876714998504
0.92325,0.31029304738728813
0.9233125,0.1952353710039315
0.923375,0.10593249943866923
0.9234375,0.04051750673675297
0.9235,-0.012607665004639546
0.9235625,-0.06980213524355218
0.923625,-0.145862765661931
0.9236875,-0.24814424286373837
0.92375,-0.37280051563757094
0.9238125,-0.5042570909376285
0.923875,-0.6181555876407141
0.9239375,-0.6870735537999884
0.924,-0.687562165794484
0.9240625,-0.6066639140666149
0.924125,-0.4461740034116186
0.9241875,-0.22346859409310227
0.92425,0.03140455935225131
0.9243125,0.2817192952358567
0.924375,0.4917004436665824
0.9244375,0.6339198425052649
0.9245,0.6946495931266833
0.9245625,0.6758898469333471
0.924625,0.5936438276735819
0.9246875,0.4729734289292611
0.92475,0.34118388019385526
0.9248125,0.22094352896640465
0.924875,0.12512679565882562
0.9249375,0.05468189019344184
0.925,1.0877611850454945e-13
0.9250625,-0.054681890193188934
0.925125,-0.12512679565848017
0.9251875,-0.22094352896594635
0.92525,-0.34118388019331336
0.9253125,-0.47297342892871286
0.925375,-0.5936438276731368
0.9254375,-0.6758898469331198
0.9255,-0.6946495931267646
0.9255625,-0.6339198425056949
0.925625,-0.4917004436676517
0.9256875,-0.2817192952368457
0.92575,-0.03140455935333789
0.9258125,0.22346859409207576
0.925875,0.44617400341079727
0.9259375,0.6066639140661014
0.926,0.6875621657943883
0.9260625,0.6870735538001475
0.926125,0.6181555876411167
0.9261875,0.5042570909379391
0.92625,0.3728005156383538
0.9263125,0.24814424286422163
0.926375,0.1458627656623037
0.9264375,0.06980213524393672
0.9265,0.012607665004859242
0.9265625,-0.04051750673651483
0.926625,-0.10593249943834979
0.9266875,-0.19523537100349986
0.92675,-0.3102930473867611
0.9268125,-0.44105876714966163
0.926875,-0.5668635072315293
0.9269375,-0.6609321461253903
0.927,-0.6969988800347696
0.9270625,-0.6563117933270282
0.927125,-0.5331793050172505
0.9271875,-0.3375598439127489
0.92725,-0.0939412509085052
0.9273125,0.16329559158025536
0.927375,0.3969308290885746
0.9274375,0.5746562393938334
0.9275,0.6756214998838326
0.9275625,0.6941859165878692
0.927625,0.6400052215525077
0.9276875,0.5345238342005914
0.92775,0.4048590499264882
0.9278125,0.27671617444904895
0.927875,0.16819339806025224
0.9279375,0.08606678341691112
0.928,0.025461962705675842
0.9280625,-0.02709819312279131
0.928125,-0.08818870318153446
0.9281875,-0.1710979269095202
0.92825,-0.28037637519953496
0.9283125,-0.40888202853157485
0.928375,-0.5382159734217178
0.9284375,-0.6425301469440282
0.9285,-0.6947753127186319
0.9285625,-0.6737839841219091
0.928625,-0.5703289461893698
0.9286875,-0.3905323763132631
0.92875,-0.15566407789992487
0.9288125,0.10171213254796796
0.928875,0.3443472793319631
0.9289375,0.538064982356893
0.929,0.6587653958110936
0.9290625,0.6969670974150584
0.929125,0.6588131797421539
0.9291875,0.5633764058400594
0.92925,0.43704366342300227
0.9293125,0.30649550464673797
0.929375,0.19213116087942306
0.9294375,0.10363746744470298
0.9295,0.038803878214590345
0.9295625,-0.01419594517100558
0.929625,-0.07176904018818658
0.9296875,-0.14856623330935423
0.92975,-0.2516437015149814
0.9298125,-0.37678985220517214
0.929875,-0.5081041082458849
0.9299375,-0.6210403206883672
0.93,-0.6881909602355237
0.9300625,-0.6863367876665283
0.930125,-0.6029199010267039
0.9301875,-0.4402145682069869
0.93025,-0.21604180315138938
0.9303125,0.03924770860053217
0.930375,0.28884087070896014
0.9304375,0.4971129157363032
0.9305,0.6369865221383113
0.9305625,0.6951994512483007
0.930625,0.6742200521866238
0.9306875,0.5904121679890812
0.93075,0.4690108524106245
0.9308125,0.33727738530154705
0.930875,0.21764636588245978
0.9309375,0.12264471202751953
0.931,0.05286319747869185
0.9310625,-0.0015708770707558877
0.931125,-0.05651554682902327
0.9311875,-0.1276330169980653
0.93125,-0.22426406871169619
0.9313125,-0.3451017614241789
0.931375,-0.47692616792432474
0.9314375,-0.5968400311242826
0.9315,-0.6775006314974078
0.9315625,-0.6940256371145448
0.931625,-0.6307770907312925
0.9316875,-0.4862246649891736
0.93175,-0.2745600226198708
0.9318125,-0.02355714904268308
0.931875,0.23086531826089493
0.9319375,0.45207530619556374
0.932,0.6103336092427991
0.9320625,0.6887116441409394
0.932125,0.6858924844495187
0.9321875,0.6152292408902339
0.93225,0.5003941988505399
0.9323125,0.36881812475088216
0.932375,0.2446662640668279
0.9324375,0.14318426667099765
0.9325,0.06785314616663171
0.9325625,0.011023245729388127
0.932625,-0.04224279908690867
0.9326875,-0.10825024070506084
0.93275,-0.1983641789310326
0.9328125,-0.3141058608791688
0.932875,-0.4450698045655916
0.9329375,-0.5703214314619511
0.933,-0.6629972609740914
0.9330625,-0.6969591517350199
0.933125,-0.6537812474792702
0.9331875,-0.5282259166069698
0.93325,-0.33072755009712185
0.9333125,-0.08615763953532904
0.933375,0.17090504421602348
0.9334375,0.40327703564225925
0.9335,0.5789118439945686
0.9335625,0.677382141465824
0.933625,0.6935287915626742
0.9336875,0.6374327441285784
0.93375,0.5308096054824397
0.9338125,0.40083807688358986
0.933875,0.27307489201538027
0.9339375,0.16531403478182888
0.934,0.08396531042514746
0.9340625,0.023833365703583374
0.934125,-0.02874251795454455
0.9341875,-0.09033135312006599
0.93425,-0.17402759996594241
0.9343125,-0.28405512834058383
0.934375,-0.41290636326906444
0.9344375,-0.5418852384263582
0.9345,-0.6450067982214123
0.9345625,-0.6952965167024863
0.934625,-0.6718695322277275
0.9346875,-0.5659303536656305
0.93475,-0.3840824598658138
0.9348125,-0.14801152538496007
0.934875,0.10946923493358172
0.9349375,0.35108899859383996
0.935,0.5428824546342905
0.9350625,0.6611420080275829
0.935125,0.6968641799073738
0.9351875,0.6566410379457612
0.93525,0.5598609158448767
0.9353125,0.43302519188765376
0.935375,0.3027136766645774
0.9354375,0.18905165360946874
0.9355,0.10136492638400219
0.9355625,0.03710148040025073
0.935625,-0.015788564428576783
0.9356875,-0.07375420181029532
0.93575,-0.15129472953332174
0.9358125,-0.25516435582760644
0.935875,-0.3807855429810113
0.9359375,-0.5119344817687078
0.936,-0.6238826837696654
0.9360625,-0.6892441618404216
0.936125,-0.6850353419578351
0.9361875,-0.5991018512342422
0.93625,-0.43419769871907127
0.9363125,-0.2085859276142466
0.936375,0.04708553308856725
0.9364375,0.2959238263749275
0.9365,0.5024614874802784
0.9365625,0.6399769724078556
0.936625,0.6956754929081013
0.9366875,0.6724918661532027
0.93675,0.5871458323137837
0.9368125,0.4650391760780187
0.936875,0.333382793775032
0.9369375,0.21437276914848005
0.937,0.1201866193607864
0.9370625,0.0510590736478273
0.937125,-0.0031422385713619355
0.9371875,-0.058364556975729856
0.93725,-0.1301635134412775
0.9373125,-0.22760778485856145
0.937375,-0.34903050326185436
0.9374375,-0.4808683275233888
0.9375,-0.5999999999997795
0.9375625,-0.6790517948965182
0.937625,-0.6933273140637559
0.9376875,-0.6275584378516896
0.93775,-0.48068618545939945
0.9378125,-0.2673639828627617
0.937875,-0.015706542203296644
0.9379375,0.23823099935139197
0.938,0.45791778956099705
0.9380625,0.6139287191327879
0.938125,0.6897854034500501
0.9381875,0.6846483032771156
0.93825,0.6122620401255322
0.9383125,0.4965161982110287
0.938375,0.3648432631986147
0.9384375,0.24121003891505768
0.9385,0.1405306664944041
0.9385625,0.06592172555819571
0.938625,0.009442207762118723
0.9386875,-0.043980184171619946
0.93875,-0.11059090096854604
0.9388125,-0.20151746905164616
0.938875,-0.31793349168384744
0.9389375,-0.44907607170979125
0.939,-0.5737493903438147
0.9390625,-0.6650078547147881
0.939125,-0.69684754793152
0.9391875,-0.651173818914649
0.93925,-0.5232053238890734
0.9393125,-0.32385126434528455
0.939375,-0.07836235044543724
0.9394375,0.17849141791153683
0.9395,0.4095702234936446
0.9395625,0.5830953840708513
0.939625,0.6790659842458062
0.9396875,0.6928044112195958
0.93975,0.6348134416792339
0.9398125,0.5270740706663943
0.939875,0.3968197520553136
0.9399375,0.2694528837793232
0.94,0.1624598481167189
0.9400625,0.08188399319070541
0.940125,0.02221193837547187
0.9401875,-0.030395395291535086
0.94025,-0.09249500889650353
0.9403125,-0.17698238550607887
0.940375,-0.2877520579565061
0.9404375,-0.41693139806544965
0.9405,-0.5455308433555692
0.9405625,-0.6474344584124221
0.940625,-0.6957490757440642
0.9406875,-0.669878095724151
0.94075,-0.561460864417965
0.9408125,-0.3775818722258327
0.940875,-0.14033896037073196
0.9409375,0.11721151124509252
0.941,0.3577841527958582
0.9410625,0.5476312407006744
0.941125,0.6634415967905121
0.9411875,0.696690514874912
0.94125,0.6544164032321786
0.9413125,0.5563178259859037
0.941375,0.4290040454336178
0.9414375,0.2989479979351475
0.9415,0.18599694370362713
0.9415625,0.09911464940269274
0.941625,0.035409876118673134
0.9416875,-0.017385999422789886
0.94175,-0.07575795419721568
0.9418125,-0.1540483042744395
0.941875,-0.2587059112408022
0.9419375,-0.3847869887994664
0.942,-0.5157474398998507
0.9420625,-0.6266819242371262
0.942125,-0.6902326260270694
0.9421875,-0.6836576738839458
0.94225,-0.5952100594573092
0.9423125,-0.42812410410044
0.942375,-0.2011019553417312
0.9424375,0.05491697016521939
0.9425,0.30296724708304884
0.9425625,0.5077455773246475
0.942625,0.6428910499076088
0.9426875,0.6960780117205524
0.94275,0.6707059154763741
0.9428125,0.58384560259907
0.942875,0.46105913330882087
0.9429375,0.32950061383702356
0.943,0.21112291787195245
0.9430625,0.1177523616488583
0.943125,0.04926911836574946
0.9431875,-0.004714568758134686
0.94325,-0.060229304627614666
0.9433125,-0.13271841295311884
0.943375,-0.2309744665845401
0.9434375,-0.35296957137259266
0.9435,-0.48479916185656746
0.9435625,-0.603122958049024
0.943625,-0.6805427342246515
0.9436875,-0.6925543671997881
0.94375,-0.6242640687121639
0.9438125,-0.47508562277373684
0.943875,-0.26013211312981865
0.9439375,-0.007853803996159555
0.944,0.24556466711872182
0.9440625,0.4637007777685682
0.944125,0.6174489900282767
0.9441875,0.6907836373366967
0.94425,0.6833415704020659
0.9443125,0.6092547482729586
0.944375,0.4926238522909948
0.9444375,0.3608765067013305
0.9445,0.23777583076745837
0.9445625,0.13790188543259596
0.944625,0.06400751956899613
0.9446875,0.007864070309997393
0.94475,-0.04573008652477048
0.9448125,-0.11295468123621882
0.944875,-0.20469511518498912
0.9449375,-0.3217754770119614
0.945,-0.4530768593182684
0.9450625,-0.5771465962518333
0.945125,-0.6669632644998545
0.9451875,-0.6966637156002516
0.94525,-0.6484895820412442
0.9453125,-0.5181180463144552
0.945375,-0.3169318616500807
0.9454375,-0.07055643794643925
0.9455,0.18605369928771356
0.9455625,0.41580963037937024
0.945625,0.5872064971170144
0.9456875,0.6806731169783501
0.94575,0.6920132593223468
0.9458125,0.6321480459518883
0.945875,0.5233180116439289
0.9459375,0.39280471117540805
0.946,0.26585049552006507
0.9460625,0.159630838826486
0.946125,0.07982253320301433
0.9461875,0.02059721440587807
0.94625,-0.03205728014908889
0.9463125,-0.09467993832131738
0.946375,-0.17996224141338885
0.9464375,-0.2914667782022437
0.9465,-0.4209564703470584
0.9465625,-0.549152001401425
0.946625,-0.6498124158376872
0.9466875,-0.6961325476372394
0.94675,-0.6678096396513484
0.9468125,-0.5569208942932136
0.946875,-0.3710314156566391
0.9469375,-0.1326474131097793
0.947,0.12493791757077395
0.9470625,0.3644319020533433
0.947125,0.5523108723304444
0.9471875,0.6656641426077579
0.94725,0.6964465008946836
0.9473125,0.6521399642932695
0.947375,0.5527479249941738
0.9474375,0.42498091118409165
0.9475,0.2951988933661164
0.9475625,0.18296711514559405
0.947625,0.09688640123708187
0.9476875,0.033728624301770885
0.94775,-0.01898872507379025
0.9478125,-0.07778062458023838
0.947875,-0.15682699743497885
0.9479375,-0.2622680628647128
0.948,-0.38879358292401145
0.9480625,-0.5195422086136694
0.948125,-0.6294372932477764
0.9481875,-0.6911558296839574
0.94825,-0.6822036417424691
0.9483125,-0.5912448340906094
0.948375,-0.4219945043893881
0.9484375,-0.19359087968312025
0.9485,0.06274095843000227
0.9485625,0.3099702253737256
0.948625,0.512964615935373
0.9486875,0.6457286250458444
0.94875,0.6964073133879929
0.9488125,0.6688628343801168
0.948875,0.5805122623136821
0.9489375,0.45707145298298935
0.949,0.32563134480846745
0.9490625,0.20789698057333983
0.949125,0.11534177370158263
0.9491875,0.04749292615039158
0.94925,-0.0062883515409133395
0.9493125,-0.062110168036930424
0.949375,-0.13529783399172657
0.9494375,-0.23436389252045162
0.9495,-0.35691842292565235
0.9495625,-0.48871792122874846
0.949625,-0.6062081313044146
0.9496875,-0.6819728548152827
0.94975,-0.6917065522111998
0.9498125,-0.6208941819590819
0.949875,-0.46942360646063147
0.9499375,-0.25286535756679324
0.95,-5.585800679963352e-13
0.9500625,0.2528653575657572
0.950125,0.46942360645982173
0.9501875,0.6208941819585974
0.95025,0.6917065522110739
0.9503125,0.6819728548154818
0.950375,0.6062081313048509
0.9504375,0.488717921229305
0.9505,0.35691842292621473
0.9505625,0.2343638925209353
0.950625,0.1352978339919451
0.9506875,0.0621101680371991
0.95075,0.00628835154113732
0.9508125,-0.047492926150139905
0.950875,-0.11534177370124143
0.9509375,-0.2078969805728827
0.951,-0.32563134480769435
0.9510625,-0.4570714529824216
0.951125,-0.5805122623132057
0.9511875,-0.6688628343797423
0.95125,-0.6964073133880175
0.9513125,-0.6457286250462426
0.951375,-0.5129646159361108
0.9514375,-0.3099702253743145
0.9515,-0.06274095843111457
0.9515625,0.19359087968205
0.951625,0.42199450438851227
0.9516875,0.5912448340900401
0.95175,0.6822036417422568
0.9518125,0.6911558296841356
0.951875,0.629437293248007
0.9519375,0.5195422086142077
0.952,0.3887935829248138
0.9520625,0.26226806286501414
0.952125,0.15682699743537595
0.9521875,0.07778062458064511
0.95225,0.018988725074018616
0.9523125,-0.03372862430153248
0.952375,-0.09688640123676645
0.9524375,-0.18296711514516487
0.9525,-0.2951988933658009
0.9525625,-0.4249809111835193
0.952625,-0.552747924993664
0.9526875,-0.6521399642930753
0.95275,-0.696446500894644
0.9528125,-0.665664142608195
0.952875,-0.5523108723311052
0.9529375,-0.3644319020542855
0.953,-0.12493791757231866
0.9530625,0.13264741310868394
0.953125,0.37103141565570386
0.9531875,0.5569208942922979
0.95325,0.6678096396510487
0.9533125,0.696132547637269
0.953375,0.6498124158380219
0.9534375,0.5491520014019382
0.9535,0.4209564703473978
0.9535625,0.2914667782027733
0.953625,0.17996224141398767
0.9536875,0.09467993832162969
0.95375,0.03205728014932592
0.9538125,-0.02059721440555553
0.953875,-0.0798225332027225
0.9539375,-0.15963083882624846
0.954,-0.26585049551934603
0.9540625,-0.3928047111748372
0.954125,-0.5233180116436111
0.9541875,-0.6321480459513503
0.95425,-0.6920132593222296
0.9543125,-0.6806731169785732
0.954375,-0.5872064971175941
0.9544375,-0.41580963038025387
0.9545,-0.18605369928878746
0.9545625,0.07055643794578047
0.954625,0.3169318616486916
0.9546875,0.5181180463137268
0.95475,0.6484895820410146
0.9548125,0.6966637156002076
0.954875,0.6669632645001288
0.9549375,0.5771465962523143
0.955,0.4530768593190685
0.9550625,0.32177547701250886
0.955125,0.20469511518544278
0.9551875,0.11295468123641919
0.95525,0.04573008652502032
0.9553125,-0.007864070309773093
0.955375,-0.06400751956883537
0.9554375,-0.1379018854322238
0.9555,-0.2377758307669715
0.9555625,-0.3608765067007669
0.955625,-0.49262385229021444
0.9556875,-0.609254748272528
0.95575,-0.6833415704018757
0.9558125,-0.6907836373368333
0.955875,-0.6174489900287721
0.9559375,-0.46370077776938645
0.956,-0.2455646671197627
0.9560625,0.007853803995042472
0.956125,0.2601321131287875
0.9561875,0.47508562277326183
0.95625,0.62426406871169
0.9563125,0.6925543671996728
0.956375,0.6805427342248593
0.9564375,0.6031229580494656
0.9565,0.4847991618571257
0.9565625,0.35296957137315366
0.956625,0.23097446658502066
0.9566875,0.13271841295348405
0.95675,0.06022930462788101
0.9568125,0.004714568758358429
0.956875,-0.04926911836549583
0.9569375,-0.11775236164851371
0.957,-0.21112291787130438
0.9570625,-0.3295006138364722
0.957125,-0.4610591333082541
0.9571875,-0.5838456025985982
0.95725,-0.6707059154762212
0.9573125,-0.6960780117206045
0.957375,-0.6428910499080179
0.9574375,-0.5077455773250904
0.9575,-0.3029672470840479
0.9575625,-0.05491697016633283
0.957625,0.20110195534023056
0.9576875,0.4281241040995721
0.95775,0.5952100594567504
0.9578125,0.6836576738836625
0.957875,0.6902326260271501
0.9579375,0.6266819242375211
0.958,0.5157474399006121
0.9580625,0.384786988799804
0.958125,0.2587059112413075
0.9581875,0.15404830427483293
0.95825,0.07575795419750203
0.9583125,0.017385999423017467
0.958375,-0.035409876118433256
0.9584375,-0.09911464940237427
0.9585,-0.18599694370337047
0.9585625,-0.298947997934613
0.958625,-0.4290040454328128
0.9586875,-0.5563178259856038
0.95875,-0.6544164032318585
0.9588125,-0.6966905148748701
0.958875,-0.6634415967908337
0.9589375,-0.547631240701345
0.959,-0.35778415279719344
0.9590625,-0.1172115112461927
0.959125,0.14033896037008403
0.9591875,0.3775818722249045
0.95925,0.5614608644173242
0.9593125,0.6698780957239798
0.959375,0.6957490757441237
0.9594375,0.6474344584127638
0.9595,0.5455308433558758
0.9595625,0.4169313980660223
0.959625,0.2877520579572478
0.9596875,0.1769823855065009
0.95975,0.09249500889681278
0.9598125,0.030395395291866793
0.959875,-0.022211938375241727
0.9599375,-0.08188399319053072
0.96,-0.16245984811615016
0.9600625,-0.2694528837788095
0.960125,-0.3968197520549749
0.9601875,-0.5270740706658614
0.96025,-0.634813441678858
0.9603125,-0.6928044112194881
0.960375,-0.6790659842460403
0.9604375,-0.583095384071441
0.9605,-0.409570223494536
0.9605625,-0.1784914179121757
0.960625,0.07836235044387597
0.9606875,0.32385126434430334
0.96075,0.523205323888647
0.9608125,0.6511738189141195
0.960875,0.6968475479314991
0.9609375,0.6650078547150702
0.961,0.5737493903444978
0.9610625,0.44907607171036074
0.961125,0.317933491684393
0.9611875,0.20151746905191315
0.96125,0.11059090096888063
0.9613125,0.04398018417186794
0.961375,-0.00944220776198551
0.9614375,-0.06592172555781092
0.9615,-0.14053066649402843
0.9615625,-0.2412100389145676
0.961625,-0.36484326319782
0.9616875,-0.4965161982104761
0.96175,-0.6122620401251072
0.9618125,-0.6846483032769342
0.961875,-0.6897854034501975
0.9619375,-0.6139287191332939
0.962,-0.4579177895618239
0.9620625,-0.23823099935243747
0.962125,0.015706542202179787
0.9621875,0.26736398286173557
0.96225,0.48068618545860714
0.9623125,0.6275584378512264
0.962375,0.6933273140636513
0.9624375,0.6790517948968227
0.9625,0.6000000000002264
0.9625625,0.48086832752394876
0.962625,0.349030503262414
0.9626875,0.2276077848590387
0.96275,0.13016351344163926
0.9628125,0.058364556975993964
0.962875,0.003142238571585506
0.9629375,-0.05105907364757169
0.963,-0.12018661936043842
0.9630625,-0.2143727691480161
0.963125,-0.3333827937744788
0.9631875,-0.4650391760774531
0.96325,-0.5871458323135068
0.9633125,-0.6724918661529526
0.963375,-0.6956754929081637
0.9634375,-0.6399769724082754
0.9635,-0.5024614874810346
0.9635625,-0.2959238263759322
0.963625,-0.04708553309013533
0.9636875,0.20858592761318406
0.96375,0.43419769871821134
0.9638125,0.5991018512334707
0.963875,0.6850353419577222
0.9639375,0.6892441618405669
0.964,0.6238826837700665
0.9640625,0.5119344817690301
0.964125,0.38078554298158007
0.9641875,0.2551643558281087
0.96425,0.1512947295337117
0.9643125,0.07375420181057901
0.964375,0.015788564428803643
0.9644375,-0.037101480399911124
0.9645,-0.10136492638381142
0.9645625,-0.18905165360903248
0.964625,-0.3027136766638221
0.9646875,-0.4330251918873147
0.96475,-0.5598609158443746
0.9648125,-0.6566410379453212
0.964875,-0.696864179907354
0.9649375,-0.6611420080279156
0.965,-0.542882454634971
0.9650625,-0.35108899859479564
0.965125,-0.10946923493423535
0.9651875,0.1480115253838701
0.96525,0.3840824598648927
0.9653125,0.5659303536652565
0.965375,0.6718695322274498
0.9654375,0.6952965167025837
0.9655,0.6450067982217611
0.9655625,0.5418852384268784
0.965625,0.41290636326986996
0.9656875,0.28405512834110835
0.96575,0.1740275999663609
0.9658125,0.09033135312049692
0.965875,0.02874251795477905
0.9659375,-0.023833365703446338
0.966,-0.08396531042485
0.9660625,-0.16531403478142115
0.966125,-0.27307489201507396
0.9661875,-0.400838076883018
0.96625,-0.5308096054819099
0.9663125,-0.6374327441282092
0.966375,-0.693528791562576
0.9664375,-0.6773821414661687
0.9665,-0.5789118439951689
0.9665625,-0.40327703564279227
0.966625,-0.17090504421754418
0.9666875,0.08615763953422104
0.96675,0.3307275500965437
0.9668125,0.5282259166059716
0.966875,0.6537812474789049
0.9669375,0.6969591517350091
0.967,0.6629972609743813
0.9670625,0.570321431462441
0.967125,0.44506980456616174
0.9671875,0.3141058608794911
0.96725,0.19836417893147934
0.9673125,0.10825024070539219
0.967375,0.042242799087054694
0.9674375,-0.011023245729071374
0.9675,-0.06785314616635574
0.9675625,-0.1431842666706184
0.967625,-0.244666264066134
0.9676875,-0.3688181247503161
0.96775,-0.5003941988499894
0.9678125,-0.6152292408898148
0.967875,-0.6858924844493461
0.9679375,-0.6887116441410975
0.968,-0.6103336092431055
0.9680625,-0.45207530619639896
0.968125,-0.23086531826194484
0.9681875,0.0235571490415666
0.96825,0.2745600226188498
0.9683125,0.4862246649883903
0.968375,0.6307770907308401
0.9684375,0.6940256371144506
0.9685,0.6775006314976326
0.9685625,0.5968400311247346
0.968625,0.4769261679248862
0.9686875,0.345101761424737
0.96875,0.22426406871217014
0.9688125,0.12763301699856938
0.968875,0.056515546829285154
0.9689375,0.0015708770709793548
0.969,-0.05286319747843422
0.9690625,-0.12264471202716815
0.969125,-0.2176463658819925
0.9691875,-0.33727738530099227
0.96925,-0.46901085241006024
0.9693125,-0.5904121679886191
0.969375,-0.6742200521863821
0.9694375,-0.6951994512483737
0.9695,-0.6369865221387421
0.9695625,-0.4971129157370685
0.969625,-0.2888408707103816
0.9696875,-0.03924770860164744
0.96975,0.2160418031503309
0.9698125,0.44021456820578836
0.969875,0.6029199010263849
0.9699375,0.6863367876663485
0.97,0.6881909602356782
0.9700625,0.6210403206886088
0.970125,0.508104108246431
0.9701875,0.37678985220574
0.97025,0.2516437015156839
0.9703125,0.14856623330974061
0.970375,0.07176904018846764
0.9704375,0.014195945171323877
0.9705,-0.038803878214446294
0.9705625,-0.10363746744437813
0.970625,-0.19213116087880427
0.9706875,-0.3064955046464184
0.97075,-0.43704366342243095
0.9708125,-0.5633764058395615
0.970875,-0.6588131797418487
0.9709375,-0.6969670974150486
0.971,-0.6587653958114372
0.9710625,-0.5380649823575832
0.971125,-0.3443472793325336
0.9711875,-0.10171213254907235
0.97125,0.15566407789839531
0.9713125,0.39053237631272125
0.971375,0.5703289461887492
0.9714375,0.6737839841215335
0.9715,0.694775312718711
0.9715625,0.6425301469443839
0.971625,0.5382159734224544
0.9716875,0.4088820285321473
0.97175,0.28037637519984443
0.9718125,0.17109792690993514
0.971875,0.08818870318183775
0.9719375,0.027098193122929645
0.972,-0.025461962705443646
0.9720625,-0.08606678341661075
0.972125,-0.16819339806000835
0.9721875,-0.2767161744485297
0.97225,-0.40485904992568317
0.9723125,-0.5345238342000646
0.972375,-0.6400052215521452
0.9724375,-0.6941859165877444
0.9725,-0.6756214998840885
0.9725625,-0.5746562393941953
0.972625,-0.39693082908984995
0.9726875,-0.16329559158133933
0.97275,0.09394125090784924
0.9728125,0.3375598439117803
0.972875,0.5331793050165508
0.9729375,0.6563117933266738
0.973,0.6969988800347692
0.9730625,0.6609321461256878
0.973125,0.5668635072320233
0.9731875,0.44105876715000014
0.97325,0.3102930473875227
0.9733125,0.19523537100394317
0.973375,0.10593249943854435
0.9734375,0.04051750673685897
0.9735,-0.012607665004633617
0.9735625,-0.06980213524365822
0.973625,-0.14586276566176515
0.9736875,-0.24814424286372538
0.97375,-0.3728005156377867
0.9738125,-0.504257090937614
0.973875,-0.6181555876407032
0.9739375,-0.687073553799984
0.974,-0.6875621657944885
0.9740625,-0.6066639140666288
0.974125,-0.4461740034116408
0.9741875,-0.22346859409313002
0.97425,0.03140455935176769
0.9743125,0.28171929523582995
0.974375,0.49170044366687726
0.9744375,0.6339198425052532
0.9745,0.6946495931266811
0.9745625,0.6758898469333532
0.974625,0.593643827673594
0.9746875,0.47297342892927596
0.97475,0.3411838801938698
0.9748125,0.22094352896641706
0.974875,0.12512679565883494
0.9749375,0.0546818901934487
0.975,1.1465590869398458e-13
0.9750625,-0.05468189019328783
0.975125,-0.12512679565847082
0.9751875,-0.220943528965934
0.97525,-0.3411838801932987
0.9753125,-0.4729734289286981
0.975375,-0.5936438276731247
0.9754375,-0.6758898469331137
0.9755,-0.6946495931267668
0.9755625,-0.6339198425057065
0.975625,-0.491700443667672
0.9756875,-0.28171929523687234
0.97575,-0.031404559353367265
0.9758125,0.223468594092048
0.975875,0.4461740034111184
0.9759375,0.6066639140660877
0.976,0.6875621657943152
0.9760625,0.6870735538000852
0.976125,0.6181555876411274
0.9761875,0.5042570909381768
0.97625,0.3728005156383687
0.9763125,0.2481442428642347
0.976375,0.14586276566231374
0.9764375,0.06980213524394403
0.9765,0.012607665004773335
0.9765625,-0.040517506736508405
0.976625,-0.10593249943820765
0.9766875,-0.19523537100366864
0.97675,-0.31029304738674685
0.9768125,-0.4410587671494143
0.976875,-0.5668635072317173
0.9769375,-0.6609321461253824
0.977,-0.6969988800347698
0.9770625,-0.6563117933270376
0.977125,-0.5331793050169841
0.9771875,-0.33755984391316873
0.97725,-0.09394125090898463
0.9773125,0.16329559158066806
0.977375,0.3969308290885507
0.9774375,0.5746562393935689
0.9775,0.67562149988393
0.9775625,0.6941859165878715
0.977625,0.6400052215526648
0.9776875,0.5345238342003908
0.97775,0.4048590499262703
0.9778125,0.276716174449274
0.977875,0.1681933980602631
0.9779375,0.08606678341679677
0.978,0.02546196270577647
0.9780625,-0.027098193122690198
0.978125,-0.08818870318164992
0.9781875,-0.17109792690934042
0.97825,-0.28037637519930875
0.9783125,-0.4088820285317928
0.978375,-0.538215973421704
0.9784375,-0.642530146943874
0.9785,-0.694775312718662
0.9785625,-0.6737839841218075
0.978625,-0.5703289461896388
0.9786875,-0.3905323763132871
0.97875,-0.15566407789951098
0.9788125,0.10171213254748934
0.978875,0.34434727933193776
0.9789375,0.5380649823571558
0.979,0.6587653958109447
0.9790625,0.6969670974150624
0.979125,0.6588131797420377
0.9791875,0.5633764058400725
0.97925,0.43704366342324985
0.9793125,0.3064955046467522
0.979375,0.19213116087925564
0.9794375,0.10363746744484376
0.9795,0.03880387821459673
0.9795625,-0.014195945171091705
0.979625,-0.07176904018806475
0.9796875,-0.14856623330934407
0.97975,-0.25164370151517146
0.9798125,-0.3767898522051572
0.979875,-0.5081041082458706
0.9799375,-0.6210403206883565
0.98,-0.6881909602355197
0.9800625,-0.6863367876666061
0.980125,-0.602919901026718
0.9801875,-0.4402145682066626
0.98025,-0.21604180315184807
0.9803125,0.03924770860050282
0.980375,0.2888408707093448
0.9804375,0.497112915736283
0.9805,0.6369865221383
0.9805625,0.6951994512482987
0.980625,0.6742200521866302
0.9806875,0.5904121679890935
0.98075,0.46901085241063944
0.9808125,0.3372773853015617
0.980875,0.21764636588247208
0.9809375,0.12264471202752877
0.981,0.05286319747869865
0.9810625,-0.001570877070750007
0.981125,-0.056515546829016355
0.9811875,-0.12763301699820173
0.98125,-0.2242640687116837
0.9813125,-0.34510176142416427
0.981375,-0.4769261679243099
0.9814375,-0.5968400311242706
0.9815,-0.6775006314974019
0.9815625,-0.6940256371145472
0.981625,-0.6307770907313044
0.9816875,-0.4862246649891942
0.98175,-0.27456002261989765
0.9818125,-0.023557149042712458
0.981875,0.23086531826129464
0.9819375,0.45207530619554176
0.982,0.6103336092425752
0.9820625,0.6887116441409353
0.982125,0.6858924844495232
0.9821875,0.615229240890245
0.98225,0.5003941988505544
0.9823125,0.36881812475089704
0.982375,0.24466626406684094
0.9824375,0.14318426667100762
0.9825,0.06785314616652666
0.9825625,0.011023245729394046
0.982625,-0.042242799086801924
0.9826875,-0.10825024070518702
0.98275,-0.1983641789310208
0.9828125,-0.31410586087893333
0.982875,-0.44506980456580864
0.9829375,-0.5703214314619384
0.983,-0.6629972609739658
0.9830625,-0.6969591517350202
0.983125,-0.653781247479131
0.9831875,-0.5282259166069885
0.98325,-0.33072755009754434
0.9833125,-0.08615763953490718
0.983375,0.17090504421599506
0.9834375,0.4032770356418697
0.9835,0.5789118439947972
0.9835625,0.6773821414658175
0.983625,0.6935287915627169
0.9836875,0.6374327441284379
0.98375,0.530809605482238
0.9838125,0.40083807688383766
0.983875,0.2730748920153939
0.9839375,0.16531403478167364
0.984,0.08396531042527636
0.9840625,0.023833365703683544
0.984125,-0.02874251795463382
0.9841875,-0.09033135312005794
0.98425,-0.17402759996576112
0.9843125,-0.2840551283407835
0.984375,-0.41290636326928243
0.9844375,-0.5418852384261327
0.9845,-0.645006798221545
0.9845625,-0.6952965167025127
0.984625,-0.671869532227848
0.9846875,-0.565930353665647
0.98475,-0.3840824598654631
0.9848125,-0.1480115253854324
0.984875,0.10946923493310401
0.9849375,0.35108899859420384
0.985,0.5428824546339956
0.9850625,0.6611420080274388
0.985125,0.6968641799073662
0.9851875,0.6566410379456422
0.98525,0.5598609158450942
0.9853125,0.43302519188766886
0.985375,0.302713676664373
0.9854375,0.1890516536096578
0.9855,0.10136492638401068
0.9855625,0.03710148040015884
0.985625,-0.01578856442847846
0.9856875,-0.07375420181028783
0.98575,-0.15129472953347023
0.9858125,-0.2551643558275932
0.985875,-0.3807855429807647
0.9859375,-0.5119344817686935
0.986,-0.6238826837696547
0.9860625,-0.6892441618403586
0.986125,-0.6850353419578401
0.9861875,-0.5991018512340335
0.98625,-0.4341976987194439
0.9863125,-0.20858592761427455
0.986375,0.04708553308899156
0.9864375,0.295923826374901
0.9865,0.5024614874802585
0.9865625,0.6399769724078445
0.986625,0.6956754929080995
0.9866875,0.6724918661532092
0.98675,0.587145832313796
0.9868125,0.4650391760780335
0.986875,0.3333827937752717
0.9869375,0.21437276914849226
0.987,0.1201866193607955
0.9870625,0.051059073647834005
0.987125,-0.003142238571356054
0.9871875,-0.0583645569757229
0.98725,-0.130163513441268
0.9873125,-0.22760778485854893
0.987375,-0.34903050326183976
0.9874375,-0.48086832752337416
0.9875,-0.5999999999997677
0.9875625,-0.6790517948965126
0.987625,-0.6933273140637588
0.9876875,-0.6275584378517018
0.98775,-0.48068618545942027
0.9878125,-0.2673639828632064
0.987875,-0.015706542203326034
0.9879375,0.23823099935179004
0.988,0.4579177895609753
0.9880625,0.6139287191325686
0.988125,0.6897854034500464
0.9881875,0.6846483032770465
0.98825,0.6122620401255434
0.9883125,0.49651619821081827
0.988375,0.3648432631986297
0.9884375,0.24121003891527
0.9885,0.14053066649441395
0.9885625,0.06592172555809157
0.988625,0.009442207762216097
0.9886875,-0.04398018417171434
0.98875,-0.11059090096853724
0.9888125,-0.20151746905163426
0.988875,-0.3179334916838331
0.9889375,-0.44907607171000796
0.989,-0.5737493903438019
0.9890625,-0.6650078547146658
0.989125,-0.6968475479315206
0.9891875,-0.6511738189145058
0.98925,-0.5232053238893849
0.9893125,-0.32385126434491096
0.989375,-0.07836235044546642
0.9894375,0.1784914179115085
0.9895,0.4095702234936211
0.9895625,0.5830953840710758
0.989625,0.6790659842457049
0.9896875,0.6928044112195548
0.98975,0.6348134416792438
0.9898125,0.5270740706664083
0.989875,0.3968197520555613
0.9899375,0.2694528837791277
0.99,0.16245984811672953
0.9900625,0.08188399319071318
0.990125,0.022211938375477927
0.9901875,-0.030395395291624855
0.99025,-0.0924950088963695
0.9903125,-0.17698238550623957
0.990375,-0.2877520579564922
0.9904375,-0.41693139806543467
0.9905,-0.5455308433553454
0.9905625,-0.6474344584125522
0.990625,-0.6957490757440385
0.9906875,-0.6698780957241586
0.99075,-0.5614608644179819
0.9908125,-0.37758187222585715
0.990875,-0.14033896037120552
0.9909375,0.11721151124551141
0.991,0.3577841527958332
0.9910625,0.5476312407006567
0.991125,0.6634415967905036
0.9911875,0.6966905148749006
0.99125,0.6544164032323173
0.9913125,0.556317825985917
0.991375,0.4290040454336329
0.9914375,0.29894799793516147
0.9915,0.18599694370346234
0.9915625,0.09911464940257148
0.991625,0.03540987611877708
0.9916875,-0.017385999422783897
0.99175,-0.07575795419720815
0.9918125,-0.15404830427442917
0.991875,-0.25870591124058323
0.9919375,-0.3847869887994514
0.992,-0.5157474398998365
0.9920625,-0.6266819242371157
0.992125,-0.6902326260271212
0.9921875,-0.6836576738838691
0.99225,-0.5952100594575513
0.9923125,-0.42812410410046275
0.992375,-0.20110195534175926
0.9924375,0.054916970165190086
0.9925,0.3029672470834292
0.9925625,0.5077455773246278
0.992625,0.6428910499074316
0.9926875,0.6960780117205511
0.99275,0.6707059154762759
0.9928125,0.5838456025990825
0.992875,0.46105913330906645
0.9929375,0.329500613837038
0.993,0.2111229178719645
0.9930625,0.11775236164886732
0.993125,0.0492691183656529
0.9931875,-0.004714568758128798
0.99325,-0.0602293046274992
0.9933125,-0.13271841295310924
0.993375,-0.23097446658472304
0.9934375,-0.3529695713725779
0.9935,-0.48479916185677996
0.9935625,-0.6031229580490125
0.993625,-0.6805427342245616
0.9936875,-0.692554367199791
0.99375,-0.6242640687119835
0.9938125,-0.47508562277408406
0.993875,-0.2601321131302655
0.9939375,-0.007853803996188952
0.994,0.24556466711827077
0.9940625,0.4637007777685467
0.994125,0.6174489900284652
0.9941875,0.6907836373366931
0.99425,0.6833415704021484
0.9943125,0.60925474827297
0.994375,0.49262385229078365
0.9944375,0.3608765067013454
0.9945,0.23777583076727304
0.9945625,0.13790188543260568
0.994625,0.06400751956922394
0.9946875,0.007864070310003291
0.99475,-0.045730086524865626
0.9948125,-0.11295468123607239
0.994875,-0.20469511518479244
0.9949375,-0.321775477011947
0.995,-0.45307685931848485
0.9950625,-0.5771465962518206
0.995125,-0.666963264499959
0.9951875,-0.6966637156002524
0.99525,-0.6484895820415696
0.9953125,-0.5181180463144743
0.995375,-0.31693186164970477
0.9954375,-0.07055643794692074
0.9955,0.18605369928812243
0.9955625,0.415809630379347
0.995625,0.5872064971169992
0.9956875,0.6806731169783442
0.99575,0.6920132593223023
0.9958125,0.6321480459518983
0.995875,0.523318011644379
0.9959375,0.39280471117542315
0.996,0.2658504955198705
0.9960625,0.15963083882665963
0.996125,0.07982253320290322
0.9961875,0.020597214405884093
0.99625,-0.03205728014908262
0.9963125,-0.09467993832130916
0.996375,-0.17996224141355088
0.9964375,-0.29146677820201417
0.9965,-0.42095647034704337
0.9965625,-0.5491520014014114
0.996625,-0.6498124158376783
0.9966875,-0.6961325476372179
0.99675,-0.6678096396512343
0.9968125,-0.5569208942932307
0.996875,-0.37103141565666375
0.9969375,-0.13264741310980813
0.997,0.12493791757119194
0.9970625,0.36443190205293496
0.997125,0.552310872330696
0.9971875,0.6656641426077498
0.99725,0.6964465008946846
0.9973125,0.6521399642934114
0.997375,0.5527479249939797
0.9974375,0.42498091118433967
0.9975,0.2951988933661304
0.9975625,0.18296711514560537
0.997625,0.09688640123709016
0.9976875,0.03372862430187423
0.99775,-0.0189887250738772
0.9978125,-0.07778062458023077
0.997875,-0.15682699743496847
0.9979375,-0.26226806286449267
0.998,-0.3887935829242286
0.9980625,-0.519542208613436
0.998125,-0.6294372932477662
0.9981875,-0.691155829683954
0.99825,-0.6822036417424747
0.9983125,-0.5912448340903926
0.998375,-0.4219945043890547
0.9984375,-0.19359087968358407
0.9985,0.06274095842997299
0.9985625,0.3099702253732952
0.998625,0.5129646159353536
0.9986875,0.6457286250456719
0.99875,0.6964073133879917
0.9988125,0.6688628343801238
0.998875,0.5805122623136947
0.9989375,0.4570714529827732
0.999,0.3256313448082582
0.9990625,0.20789698057353795
0.999125,0.1153417737015916
0.9991875,0.04749292615050067
0.99925,-0.006288351540907441
0.9993125,-0.062110168037032704
0.999375,-0.13529783399171685
0.9994375,-0.234363892520242
0.9995,-0.3569184229256376
0.9995625,-0.48871792122896035
0.999625,-0.6062081313044032
0.9996875,-0.6819728548151964
0.99975,-0.6917065522112031
0.9998125,-0.6208941819592919
0.999875,-0.4694236064606528
0.9999375,-0.25286535756639883
